Copyright 1986-2022 Xilinx, Inc. All Rights Reserved.
---------------------------------------------------------------------------------------------------------------------------------------------------------------------------------------------------------------------------------------------------------
| Tool Version : Vivado v.2022.2 (win64) Build 3671981 Fri Oct 14 05:00:03 MDT 2022
| Date         : Mon Dec  1 21:37:49 2025
| Host         : SirJason running 64-bit major release  (build 9200)
| Command      : report_timing_summary -max_paths 10 -report_unconstrained -file digit_recognizer_top_timing_summary_routed.rpt -pb digit_recognizer_top_timing_summary_routed.pb -rpx digit_recognizer_top_timing_summary_routed.rpx -warn_on_violation
| Design       : digit_recognizer_top
| Device       : 7s50-csga324
| Speed File   : -1  PRODUCTION 1.23 2018-06-13
---------------------------------------------------------------------------------------------------------------------------------------------------------------------------------------------------------------------------------------------------------

Timing Summary Report

------------------------------------------------------------------------------------------------
| Timer Settings
| --------------
------------------------------------------------------------------------------------------------

  Enable Multi Corner Analysis               :  Yes
  Enable Pessimism Removal                   :  Yes
  Pessimism Removal Resolution               :  Nearest Common Node
  Enable Input Delay Default Clock           :  No
  Enable Preset / Clear Arcs                 :  No
  Disable Flight Delays                      :  No
  Ignore I/O Paths                           :  No
  Timing Early Launch at Borrowing Latches   :  No
  Borrow Time for Max Delay Exceptions       :  Yes
  Merge Timing Exceptions                    :  Yes

  Corner  Analyze    Analyze    
  Name    Max Paths  Min Paths  
  ------  ---------  ---------  
  Slow    Yes        Yes        
  Fast    Yes        Yes        


------------------------------------------------------------------------------------------------
| Report Methodology
| ------------------
------------------------------------------------------------------------------------------------

Rule      Severity  Description                                                Violations  
--------  --------  ---------------------------------------------------------  ----------  
DPIR-1    Warning   Asynchronous driver check                                  28          
LUTAR-1   Warning   LUT drives async reset alert                               3           
SYNTH-5   Warning   Mapped onto distributed RAM because of timing constraints  1224        
SYNTH-10  Warning   Wide multiplier                                            3           
ULMTCS-1  Warning   Control Sets use limits recommend reduction                1           
XDCC-4    Warning   User Clock constraint overwritten with the same name       1           
XDCC-7    Warning   Scoped Clock constraint overwritten on the same source     1           
XDCC-8    Warning   User Clock constraint overwritten on the same source       1           

Note: This report is based on the most recent report_methodology run and may not be up-to-date. Run report_methodology on the current design for the latest report.



check_timing report

Table of Contents
-----------------
1. checking no_clock (0)
2. checking constant_clock (0)
3. checking pulse_width_clock (0)
4. checking unconstrained_internal_endpoints (0)
5. checking no_input_delay (13)
6. checking no_output_delay (11)
7. checking multiple_clock (0)
8. checking generated_clocks (0)
9. checking loops (0)
10. checking partial_input_delay (0)
11. checking partial_output_delay (0)
12. checking latch_loops (0)

1. checking no_clock (0)
------------------------
 There are 0 register/latch pins with no clock.


2. checking constant_clock (0)
------------------------------
 There are 0 register/latch pins with constant_clock.


3. checking pulse_width_clock (0)
---------------------------------
 There are 0 register/latch pins which need pulse_width check


4. checking unconstrained_internal_endpoints (0)
------------------------------------------------
 There are 0 pins that are not constrained for maximum delay.

 There are 0 pins that are not constrained for maximum delay due to constant clock.


5. checking no_input_delay (13)
-------------------------------
 There are 13 input ports with no input delay specified. (HIGH)

 There are 0 input ports with no input delay but user has a false path constraint.


6. checking no_output_delay (11)
--------------------------------
 There are 11 ports with no output delay specified. (HIGH)

 There are 0 ports with no output delay but user has a false path constraint

 There are 0 ports with no output delay but with a timing clock defined on it or propagating through it


7. checking multiple_clock (0)
------------------------------
 There are 0 register/latch pins with multiple clocks.


8. checking generated_clocks (0)
--------------------------------
 There are 0 generated clocks that are not connected to a clock source.


9. checking loops (0)
---------------------
 There are 0 combinational loops in the design.


10. checking partial_input_delay (0)
------------------------------------
 There are 0 input ports with partial input delay specified.


11. checking partial_output_delay (0)
-------------------------------------
 There are 0 ports with partial output delay specified.


12. checking latch_loops (0)
----------------------------
 There are 0 combinational latch loops in the design through latch input



------------------------------------------------------------------------------------------------
| Design Timing Summary
| ---------------------
------------------------------------------------------------------------------------------------

    WNS(ns)      TNS(ns)  TNS Failing Endpoints  TNS Total Endpoints      WHS(ns)      THS(ns)  THS Failing Endpoints  THS Total Endpoints     WPWS(ns)     TPWS(ns)  TPWS Failing Endpoints  TPWS Total Endpoints  
    -------      -------  ---------------------  -------------------      -------      -------  ---------------------  -------------------     --------     --------  ----------------------  --------------------  
      7.090        0.000                      0                62473        0.086        0.000                      0                62473        3.000        0.000                       0                 11246  


All user specified timing constraints are met.


------------------------------------------------------------------------------------------------
| Clock Summary
| -------------
------------------------------------------------------------------------------------------------

Clock                   Waveform(ns)         Period(ns)      Frequency(MHz)
-----                   ------------         ----------      --------------
sys_clk                 {0.000 5.000}        10.000          100.000         
  clk_out1_clk_wiz_0_1  {0.000 20.000}       40.000          25.000          
  clk_out2_clk_wiz_0_1  {0.000 4.000}        8.000           125.000         
  clkfbout_clk_wiz_0_1  {0.000 5.000}        10.000          100.000         


------------------------------------------------------------------------------------------------
| Intra Clock Table
| -----------------
------------------------------------------------------------------------------------------------

Clock                       WNS(ns)      TNS(ns)  TNS Failing Endpoints  TNS Total Endpoints      WHS(ns)      THS(ns)  THS Failing Endpoints  THS Total Endpoints     WPWS(ns)     TPWS(ns)  TPWS Failing Endpoints  TPWS Total Endpoints  
-----                       -------      -------  ---------------------  -------------------      -------      -------  ---------------------  -------------------     --------     --------  ----------------------  --------------------  
sys_clk                                                                                                                                                                   3.000        0.000                       0                     1  
  clk_out1_clk_wiz_0_1        7.090        0.000                      0                62473        0.086        0.000                      0                62473       18.750        0.000                       0                 11232  
  clk_out2_clk_wiz_0_1                                                                                                                                                    5.845        0.000                       0                    10  
  clkfbout_clk_wiz_0_1                                                                                                                                                    7.845        0.000                       0                     3  


------------------------------------------------------------------------------------------------
| Inter Clock Table
| -----------------
------------------------------------------------------------------------------------------------

From Clock    To Clock          WNS(ns)      TNS(ns)  TNS Failing Endpoints  TNS Total Endpoints      WHS(ns)      THS(ns)  THS Failing Endpoints  THS Total Endpoints  
----------    --------          -------      -------  ---------------------  -------------------      -------      -------  ---------------------  -------------------  


------------------------------------------------------------------------------------------------
| Other Path Groups Table
| -----------------------
------------------------------------------------------------------------------------------------

Path Group    From Clock    To Clock          WNS(ns)      TNS(ns)  TNS Failing Endpoints  TNS Total Endpoints      WHS(ns)      THS(ns)  THS Failing Endpoints  THS Total Endpoints  
----------    ----------    --------          -------      -------  ---------------------  -------------------      -------      -------  ---------------------  -------------------  


------------------------------------------------------------------------------------------------
| User Ignored Path Table
| -----------------------
------------------------------------------------------------------------------------------------

Path Group    From Clock    To Clock    
----------    ----------    --------    


------------------------------------------------------------------------------------------------
| Unconstrained Path Table
| ------------------------
------------------------------------------------------------------------------------------------

Path Group            From Clock            To Clock            
----------            ----------            --------            
(none)                                                            
(none)                clk_out1_clk_wiz_0_1                        
(none)                clk_out2_clk_wiz_0_1                        
(none)                clkfbout_clk_wiz_0_1                        
(none)                                      clk_out1_clk_wiz_0_1  


------------------------------------------------------------------------------------------------
| Timing Details
| --------------
------------------------------------------------------------------------------------------------


---------------------------------------------------------------------------------------------------
From Clock:  sys_clk
  To Clock:  sys_clk

Setup :           NA  Failing Endpoints,  Worst Slack           NA  ,  Total Violation           NA
Hold  :           NA  Failing Endpoints,  Worst Slack           NA  ,  Total Violation           NA
PW    :            0  Failing Endpoints,  Worst Slack        3.000ns,  Total Violation        0.000ns
---------------------------------------------------------------------------------------------------


Pulse Width Checks
--------------------------------------------------------------------------------------
Clock Name:         sys_clk
Waveform(ns):       { 0.000 5.000 }
Period(ns):         10.000
Sources:            { clk_100mhz }

Check Type        Corner  Lib Pin            Reference Pin  Required(ns)  Actual(ns)  Slack(ns)  Location         Pin
Min Period        n/a     MMCME2_ADV/CLKIN1  n/a            1.249         10.000      8.751      MMCME2_ADV_X0Y0  clk_gen/inst/mmcm_adv_inst/CLKIN1
Max Period        n/a     MMCME2_ADV/CLKIN1  n/a            100.000       10.000      90.000     MMCME2_ADV_X0Y0  clk_gen/inst/mmcm_adv_inst/CLKIN1
Low Pulse Width   Slow    MMCME2_ADV/CLKIN1  n/a            2.000         5.000       3.000      MMCME2_ADV_X0Y0  clk_gen/inst/mmcm_adv_inst/CLKIN1
Low Pulse Width   Fast    MMCME2_ADV/CLKIN1  n/a            2.000         5.000       3.000      MMCME2_ADV_X0Y0  clk_gen/inst/mmcm_adv_inst/CLKIN1
High Pulse Width  Slow    MMCME2_ADV/CLKIN1  n/a            2.000         5.000       3.000      MMCME2_ADV_X0Y0  clk_gen/inst/mmcm_adv_inst/CLKIN1
High Pulse Width  Fast    MMCME2_ADV/CLKIN1  n/a            2.000         5.000       3.000      MMCME2_ADV_X0Y0  clk_gen/inst/mmcm_adv_inst/CLKIN1



---------------------------------------------------------------------------------------------------
From Clock:  clk_out1_clk_wiz_0_1
  To Clock:  clk_out1_clk_wiz_0_1

Setup :            0  Failing Endpoints,  Worst Slack        7.090ns,  Total Violation        0.000ns
Hold  :            0  Failing Endpoints,  Worst Slack        0.086ns,  Total Violation        0.000ns
PW    :            0  Failing Endpoints,  Worst Slack       18.750ns,  Total Violation        0.000ns
---------------------------------------------------------------------------------------------------


Max Delay Paths
--------------------------------------------------------------------------------------
Slack (MET) :             7.090ns  (required time - arrival time)
  Source:                 neural_net/hidden_idx_reg[0]/C
                            (rising edge-triggered cell FDCE clocked by clk_out1_clk_wiz_0_1  {rise@0.000ns fall@20.000ns period=40.000ns})
  Destination:            neural_net/accumulator_reg[46]/D
                            (rising edge-triggered cell FDCE clocked by clk_out1_clk_wiz_0_1  {rise@0.000ns fall@20.000ns period=40.000ns})
  Path Group:             clk_out1_clk_wiz_0_1
  Path Type:              Setup (Max at Slow Process Corner)
  Requirement:            40.000ns  (clk_out1_clk_wiz_0_1 rise@40.000ns - clk_out1_clk_wiz_0_1 rise@0.000ns)
  Data Path Delay:        32.504ns  (logic 14.350ns (44.148%)  route 18.154ns (55.852%))
  Logic Levels:           21  (CARRY4=5 DSP48E1=3 LUT2=2 LUT3=1 LUT5=1 LUT6=5 MUXF7=3 MUXF8=1)
  Clock Path Skew:        -0.052ns (DCD - SCD + CPR)
    Destination Clock Delay (DCD):    -1.576ns = ( 38.424 - 40.000 ) 
    Source Clock Delay      (SCD):    -0.962ns
    Clock Pessimism Removal (CPR):    0.562ns
  Clock Uncertainty:      0.091ns  ((TSJ^2 + DJ^2)^1/2) / 2 + PE
    Total System Jitter     (TSJ):    0.071ns
    Discrete Jitter          (DJ):    0.168ns
    Phase Error              (PE):    0.000ns

    Location             Delay type                Incr(ns)  Path(ns)    Netlist Resource(s)
  -------------------------------------------------------------------    -------------------
                         (clock clk_out1_clk_wiz_0_1 rise edge)
                                                      0.000     0.000 r  
    N15                                               0.000     0.000 r  clk_100mhz (IN)
                         net (fo=0)                   0.000     0.000    clk_gen/inst/clk_in1
    N15                  IBUF (Prop_ibuf_I_O)         1.440     1.440 r  clk_gen/inst/clkin1_ibufg/O
                         net (fo=1, routed)           1.233     2.673    clk_gen/inst/clk_in1_clk_wiz_0
    MMCME2_ADV_X0Y0      MMCME2_ADV (Prop_mmcme2_adv_CLKIN1_CLKOUT0)
                                                     -6.965    -4.291 r  clk_gen/inst/mmcm_adv_inst/CLKOUT0
                         net (fo=1, routed)           1.666    -2.625    clk_gen/inst/clk_out1_clk_wiz_0
    BUFGCTRL_X0Y0        BUFG (Prop_bufg_I_O)         0.096    -2.529 r  clk_gen/inst/clkout1_buf/O
                         net (fo=11230, routed)       1.567    -0.962    neural_net/clk_out1
    SLICE_X13Y40         FDCE                                         r  neural_net/hidden_idx_reg[0]/C
  -------------------------------------------------------------------    -------------------
    SLICE_X13Y40         FDCE (Prop_fdce_C_Q)         0.456    -0.506 r  neural_net/hidden_idx_reg[0]/Q
                         net (fo=1581, routed)        1.601     1.095    neural_net/hidden_idx[0]
    DSP48_X1Y16          DSP48E1 (Prop_dsp48e1_A[0]_P[1])
                                                      3.841     4.936 r  neural_net/accumulator3/P[1]
                         net (fo=15636, routed)       4.946     9.883    neural_net/accumulator3_n_104
    SLICE_X40Y144        LUT6 (Prop_lut6_I1_O)        0.124    10.007 r  neural_net/g751_b7/O
                         net (fo=1, routed)           0.000    10.007    neural_net/g751_b7_n_0
    SLICE_X40Y144        MUXF7 (Prop_muxf7_I1_O)      0.245    10.252 r  neural_net/p_2_out__0_i_7732/O
                         net (fo=1, routed)           0.785    11.037    neural_net/p_2_out__0_i_7732_n_0
    SLICE_X41Y145        LUT6 (Prop_lut6_I0_O)        0.298    11.335 r  neural_net/p_2_out__0_i_4679/O
                         net (fo=1, routed)           0.000    11.335    neural_net/p_2_out__0_i_4679_n_0
    SLICE_X41Y145        MUXF7 (Prop_muxf7_I1_O)      0.245    11.580 r  neural_net/p_2_out__0_i_2484/O
                         net (fo=1, routed)           0.000    11.580    neural_net/p_2_out__0_i_2484_n_0
    SLICE_X41Y145        MUXF8 (Prop_muxf8_I0_O)      0.104    11.684 r  neural_net/p_2_out__0_i_1081/O
                         net (fo=1, routed)           0.929    12.613    neural_net/p_2_out__0_i_1081_n_0
    SLICE_X40Y141        LUT6 (Prop_lut6_I0_O)        0.316    12.929 r  neural_net/p_2_out__0_i_546/O
                         net (fo=1, routed)           0.000    12.929    neural_net/p_2_out__0_i_546_n_0
    SLICE_X40Y141        MUXF7 (Prop_muxf7_I1_O)      0.245    13.174 r  neural_net/p_2_out__0_i_278/O
                         net (fo=1, routed)           0.942    14.116    neural_net/p_2_out__0_i_278_n_0
    SLICE_X40Y135        LUT6 (Prop_lut6_I1_O)        0.298    14.414 r  neural_net/p_2_out__0_i_121/O
                         net (fo=1, routed)           0.847    15.261    neural_net/p_2_out__0_i_121_n_0
    SLICE_X27Y131        LUT6 (Prop_lut6_I5_O)        0.124    15.385 r  neural_net/p_2_out__0_i_68/O
                         net (fo=1, routed)           3.012    18.397    neural_net/accumulator2[7]
    SLICE_X28Y44         LUT5 (Prop_lut5_I3_O)        0.124    18.521 r  neural_net/p_2_out__0_i_20/O
                         net (fo=1, routed)           1.598    20.119    neural_net/p_2_out__0_i_20_n_0
    DSP48_X0Y7           DSP48E1 (Prop_dsp48e1_A[7]_PCOUT[47])
                                                      4.036    24.155 r  neural_net/p_2_out__0/PCOUT[47]
                         net (fo=1, routed)           0.002    24.157    neural_net/p_2_out__0_n_106
    DSP48_X0Y8           DSP48E1 (Prop_dsp48e1_PCIN[47]_P[17])
                                                      1.518    25.675 r  neural_net/p_2_out__1/P[17]
                         net (fo=2, routed)           1.048    26.723    neural_net/p_2_out__1_n_88
    SLICE_X9Y20          LUT2 (Prop_lut2_I0_O)        0.124    26.847 r  neural_net/accumulator[39]_i_10/O
                         net (fo=1, routed)           0.000    26.847    neural_net/accumulator[39]_i_10_n_0
    SLICE_X9Y20          CARRY4 (Prop_carry4_S[1]_CO[3])
                                                      0.550    27.397 r  neural_net/accumulator_reg[39]_i_3/CO[3]
                         net (fo=1, routed)           0.000    27.397    neural_net/accumulator_reg[39]_i_3_n_0
    SLICE_X9Y21          CARRY4 (Prop_carry4_CI_CO[3])
                                                      0.114    27.511 r  neural_net/accumulator_reg[43]_i_3/CO[3]
                         net (fo=1, routed)           0.000    27.511    neural_net/accumulator_reg[43]_i_3_n_0
    SLICE_X9Y22          CARRY4 (Prop_carry4_CI_O[0])
                                                      0.222    27.733 r  neural_net/accumulator_reg[47]_i_5/O[0]
                         net (fo=2, routed)           0.789    28.523    neural_net/p_2_out__2[41]
    SLICE_X12Y22         LUT2 (Prop_lut2_I0_O)        0.299    28.822 r  neural_net/accumulator[43]_i_6/O
                         net (fo=1, routed)           0.000    28.822    neural_net/accumulator[43]_i_6_n_0
    SLICE_X12Y22         CARRY4 (Prop_carry4_S[1]_CO[3])
                                                      0.533    29.355 r  neural_net/accumulator_reg[43]_i_2/CO[3]
                         net (fo=1, routed)           0.000    29.355    neural_net/accumulator_reg[43]_i_2_n_0
    SLICE_X12Y23         CARRY4 (Prop_carry4_CI_O[2])
                                                      0.239    29.594 r  neural_net/accumulator_reg[47]_i_3/O[2]
                         net (fo=1, routed)           1.037    30.631    neural_net/p_0_in[46]
    SLICE_X28Y21         LUT3 (Prop_lut3_I0_O)        0.295    30.926 r  neural_net/accumulator[46]_i_1/O
                         net (fo=1, routed)           0.617    31.542    neural_net/p_1_in[46]
    SLICE_X28Y21         FDCE                                         r  neural_net/accumulator_reg[46]/D
  -------------------------------------------------------------------    -------------------

                         (clock clk_out1_clk_wiz_0_1 rise edge)
                                                     40.000    40.000 r  
    N15                                               0.000    40.000 r  clk_100mhz (IN)
                         net (fo=0)                   0.000    40.000    clk_gen/inst/clk_in1
    N15                  IBUF (Prop_ibuf_I_O)         1.370    41.370 r  clk_gen/inst/clkin1_ibufg/O
                         net (fo=1, routed)           1.162    42.532    clk_gen/inst/clk_in1_clk_wiz_0
    MMCME2_ADV_X0Y0      MMCME2_ADV (Prop_mmcme2_adv_CLKIN1_CLKOUT0)
                                                     -7.221    35.311 r  clk_gen/inst/mmcm_adv_inst/CLKOUT0
                         net (fo=1, routed)           1.587    36.898    clk_gen/inst/clk_out1_clk_wiz_0
    BUFGCTRL_X0Y0        BUFG (Prop_bufg_I_O)         0.091    36.989 r  clk_gen/inst/clkout1_buf/O
                         net (fo=11230, routed)       1.435    38.424    neural_net/clk_out1
    SLICE_X28Y21         FDCE                                         r  neural_net/accumulator_reg[46]/C
                         clock pessimism              0.562    38.986    
                         clock uncertainty           -0.091    38.895    
    SLICE_X28Y21         FDCE (Setup_fdce_C_D)       -0.263    38.632    neural_net/accumulator_reg[46]
  -------------------------------------------------------------------
                         required time                         38.632    
                         arrival time                         -31.542    
  -------------------------------------------------------------------
                         slack                                  7.090    

Slack (MET) :             7.157ns  (required time - arrival time)
  Source:                 neural_net/hidden_idx_reg[0]/C
                            (rising edge-triggered cell FDCE clocked by clk_out1_clk_wiz_0_1  {rise@0.000ns fall@20.000ns period=40.000ns})
  Destination:            neural_net/accumulator_reg[43]/D
                            (rising edge-triggered cell FDCE clocked by clk_out1_clk_wiz_0_1  {rise@0.000ns fall@20.000ns period=40.000ns})
  Path Group:             clk_out1_clk_wiz_0_1
  Path Type:              Setup (Max at Slow Process Corner)
  Requirement:            40.000ns  (clk_out1_clk_wiz_0_1 rise@40.000ns - clk_out1_clk_wiz_0_1 rise@0.000ns)
  Data Path Delay:        32.446ns  (logic 14.262ns (43.956%)  route 18.184ns (56.044%))
  Logic Levels:           20  (CARRY4=4 DSP48E1=3 LUT2=2 LUT3=1 LUT5=1 LUT6=5 MUXF7=3 MUXF8=1)
  Clock Path Skew:        -0.045ns (DCD - SCD + CPR)
    Destination Clock Delay (DCD):    -1.569ns = ( 38.431 - 40.000 ) 
    Source Clock Delay      (SCD):    -0.962ns
    Clock Pessimism Removal (CPR):    0.562ns
  Clock Uncertainty:      0.091ns  ((TSJ^2 + DJ^2)^1/2) / 2 + PE
    Total System Jitter     (TSJ):    0.071ns
    Discrete Jitter          (DJ):    0.168ns
    Phase Error              (PE):    0.000ns

    Location             Delay type                Incr(ns)  Path(ns)    Netlist Resource(s)
  -------------------------------------------------------------------    -------------------
                         (clock clk_out1_clk_wiz_0_1 rise edge)
                                                      0.000     0.000 r  
    N15                                               0.000     0.000 r  clk_100mhz (IN)
                         net (fo=0)                   0.000     0.000    clk_gen/inst/clk_in1
    N15                  IBUF (Prop_ibuf_I_O)         1.440     1.440 r  clk_gen/inst/clkin1_ibufg/O
                         net (fo=1, routed)           1.233     2.673    clk_gen/inst/clk_in1_clk_wiz_0
    MMCME2_ADV_X0Y0      MMCME2_ADV (Prop_mmcme2_adv_CLKIN1_CLKOUT0)
                                                     -6.965    -4.291 r  clk_gen/inst/mmcm_adv_inst/CLKOUT0
                         net (fo=1, routed)           1.666    -2.625    clk_gen/inst/clk_out1_clk_wiz_0
    BUFGCTRL_X0Y0        BUFG (Prop_bufg_I_O)         0.096    -2.529 r  clk_gen/inst/clkout1_buf/O
                         net (fo=11230, routed)       1.567    -0.962    neural_net/clk_out1
    SLICE_X13Y40         FDCE                                         r  neural_net/hidden_idx_reg[0]/C
  -------------------------------------------------------------------    -------------------
    SLICE_X13Y40         FDCE (Prop_fdce_C_Q)         0.456    -0.506 r  neural_net/hidden_idx_reg[0]/Q
                         net (fo=1581, routed)        1.601     1.095    neural_net/hidden_idx[0]
    DSP48_X1Y16          DSP48E1 (Prop_dsp48e1_A[0]_P[1])
                                                      3.841     4.936 r  neural_net/accumulator3/P[1]
                         net (fo=15636, routed)       4.946     9.883    neural_net/accumulator3_n_104
    SLICE_X40Y144        LUT6 (Prop_lut6_I1_O)        0.124    10.007 r  neural_net/g751_b7/O
                         net (fo=1, routed)           0.000    10.007    neural_net/g751_b7_n_0
    SLICE_X40Y144        MUXF7 (Prop_muxf7_I1_O)      0.245    10.252 r  neural_net/p_2_out__0_i_7732/O
                         net (fo=1, routed)           0.785    11.037    neural_net/p_2_out__0_i_7732_n_0
    SLICE_X41Y145        LUT6 (Prop_lut6_I0_O)        0.298    11.335 r  neural_net/p_2_out__0_i_4679/O
                         net (fo=1, routed)           0.000    11.335    neural_net/p_2_out__0_i_4679_n_0
    SLICE_X41Y145        MUXF7 (Prop_muxf7_I1_O)      0.245    11.580 r  neural_net/p_2_out__0_i_2484/O
                         net (fo=1, routed)           0.000    11.580    neural_net/p_2_out__0_i_2484_n_0
    SLICE_X41Y145        MUXF8 (Prop_muxf8_I0_O)      0.104    11.684 r  neural_net/p_2_out__0_i_1081/O
                         net (fo=1, routed)           0.929    12.613    neural_net/p_2_out__0_i_1081_n_0
    SLICE_X40Y141        LUT6 (Prop_lut6_I0_O)        0.316    12.929 r  neural_net/p_2_out__0_i_546/O
                         net (fo=1, routed)           0.000    12.929    neural_net/p_2_out__0_i_546_n_0
    SLICE_X40Y141        MUXF7 (Prop_muxf7_I1_O)      0.245    13.174 r  neural_net/p_2_out__0_i_278/O
                         net (fo=1, routed)           0.942    14.116    neural_net/p_2_out__0_i_278_n_0
    SLICE_X40Y135        LUT6 (Prop_lut6_I1_O)        0.298    14.414 r  neural_net/p_2_out__0_i_121/O
                         net (fo=1, routed)           0.847    15.261    neural_net/p_2_out__0_i_121_n_0
    SLICE_X27Y131        LUT6 (Prop_lut6_I5_O)        0.124    15.385 r  neural_net/p_2_out__0_i_68/O
                         net (fo=1, routed)           3.012    18.397    neural_net/accumulator2[7]
    SLICE_X28Y44         LUT5 (Prop_lut5_I3_O)        0.124    18.521 r  neural_net/p_2_out__0_i_20/O
                         net (fo=1, routed)           1.598    20.119    neural_net/p_2_out__0_i_20_n_0
    DSP48_X0Y7           DSP48E1 (Prop_dsp48e1_A[7]_PCOUT[47])
                                                      4.036    24.155 r  neural_net/p_2_out__0/PCOUT[47]
                         net (fo=1, routed)           0.002    24.157    neural_net/p_2_out__0_n_106
    DSP48_X0Y8           DSP48E1 (Prop_dsp48e1_PCIN[47]_P[17])
                                                      1.518    25.675 r  neural_net/p_2_out__1/P[17]
                         net (fo=2, routed)           1.048    26.723    neural_net/p_2_out__1_n_88
    SLICE_X9Y20          LUT2 (Prop_lut2_I0_O)        0.124    26.847 r  neural_net/accumulator[39]_i_10/O
                         net (fo=1, routed)           0.000    26.847    neural_net/accumulator[39]_i_10_n_0
    SLICE_X9Y20          CARRY4 (Prop_carry4_S[1]_CO[3])
                                                      0.550    27.397 r  neural_net/accumulator_reg[39]_i_3/CO[3]
                         net (fo=1, routed)           0.000    27.397    neural_net/accumulator_reg[39]_i_3_n_0
    SLICE_X9Y21          CARRY4 (Prop_carry4_CI_CO[3])
                                                      0.114    27.511 r  neural_net/accumulator_reg[43]_i_3/CO[3]
                         net (fo=1, routed)           0.000    27.511    neural_net/accumulator_reg[43]_i_3_n_0
    SLICE_X9Y22          CARRY4 (Prop_carry4_CI_O[0])
                                                      0.222    27.733 r  neural_net/accumulator_reg[47]_i_5/O[0]
                         net (fo=2, routed)           0.789    28.523    neural_net/p_2_out__2[41]
    SLICE_X12Y22         LUT2 (Prop_lut2_I0_O)        0.299    28.822 r  neural_net/accumulator[43]_i_6/O
                         net (fo=1, routed)           0.000    28.822    neural_net/accumulator[43]_i_6_n_0
    SLICE_X12Y22         CARRY4 (Prop_carry4_S[1]_O[3])
                                                      0.643    29.465 r  neural_net/accumulator_reg[43]_i_2/O[3]
                         net (fo=1, routed)           1.346    30.811    neural_net/p_0_in[43]
    SLICE_X28Y13         LUT3 (Prop_lut3_I0_O)        0.336    31.147 r  neural_net/accumulator[43]_i_1/O
                         net (fo=1, routed)           0.337    31.484    neural_net/p_1_in[43]
    SLICE_X28Y13         FDCE                                         r  neural_net/accumulator_reg[43]/D
  -------------------------------------------------------------------    -------------------

                         (clock clk_out1_clk_wiz_0_1 rise edge)
                                                     40.000    40.000 r  
    N15                                               0.000    40.000 r  clk_100mhz (IN)
                         net (fo=0)                   0.000    40.000    clk_gen/inst/clk_in1
    N15                  IBUF (Prop_ibuf_I_O)         1.370    41.370 r  clk_gen/inst/clkin1_ibufg/O
                         net (fo=1, routed)           1.162    42.532    clk_gen/inst/clk_in1_clk_wiz_0
    MMCME2_ADV_X0Y0      MMCME2_ADV (Prop_mmcme2_adv_CLKIN1_CLKOUT0)
                                                     -7.221    35.311 r  clk_gen/inst/mmcm_adv_inst/CLKOUT0
                         net (fo=1, routed)           1.587    36.898    clk_gen/inst/clk_out1_clk_wiz_0
    BUFGCTRL_X0Y0        BUFG (Prop_bufg_I_O)         0.091    36.989 r  clk_gen/inst/clkout1_buf/O
                         net (fo=11230, routed)       1.442    38.431    neural_net/clk_out1
    SLICE_X28Y13         FDCE                                         r  neural_net/accumulator_reg[43]/C
                         clock pessimism              0.562    38.993    
                         clock uncertainty           -0.091    38.902    
    SLICE_X28Y13         FDCE (Setup_fdce_C_D)       -0.261    38.641    neural_net/accumulator_reg[43]
  -------------------------------------------------------------------
                         required time                         38.641    
                         arrival time                         -31.484    
  -------------------------------------------------------------------
                         slack                                  7.157    

Slack (MET) :             7.176ns  (required time - arrival time)
  Source:                 neural_net/hidden_idx_reg[0]/C
                            (rising edge-triggered cell FDCE clocked by clk_out1_clk_wiz_0_1  {rise@0.000ns fall@20.000ns period=40.000ns})
  Destination:            neural_net/accumulator_reg[47]/D
                            (rising edge-triggered cell FDCE clocked by clk_out1_clk_wiz_0_1  {rise@0.000ns fall@20.000ns period=40.000ns})
  Path Group:             clk_out1_clk_wiz_0_1
  Path Type:              Setup (Max at Slow Process Corner)
  Requirement:            40.000ns  (clk_out1_clk_wiz_0_1 rise@40.000ns - clk_out1_clk_wiz_0_1 rise@0.000ns)
  Data Path Delay:        32.415ns  (logic 14.433ns (44.526%)  route 17.982ns (55.474%))
  Logic Levels:           21  (CARRY4=5 DSP48E1=3 LUT2=2 LUT3=1 LUT5=1 LUT6=5 MUXF7=3 MUXF8=1)
  Clock Path Skew:        -0.052ns (DCD - SCD + CPR)
    Destination Clock Delay (DCD):    -1.576ns = ( 38.424 - 40.000 ) 
    Source Clock Delay      (SCD):    -0.962ns
    Clock Pessimism Removal (CPR):    0.562ns
  Clock Uncertainty:      0.091ns  ((TSJ^2 + DJ^2)^1/2) / 2 + PE
    Total System Jitter     (TSJ):    0.071ns
    Discrete Jitter          (DJ):    0.168ns
    Phase Error              (PE):    0.000ns

    Location             Delay type                Incr(ns)  Path(ns)    Netlist Resource(s)
  -------------------------------------------------------------------    -------------------
                         (clock clk_out1_clk_wiz_0_1 rise edge)
                                                      0.000     0.000 r  
    N15                                               0.000     0.000 r  clk_100mhz (IN)
                         net (fo=0)                   0.000     0.000    clk_gen/inst/clk_in1
    N15                  IBUF (Prop_ibuf_I_O)         1.440     1.440 r  clk_gen/inst/clkin1_ibufg/O
                         net (fo=1, routed)           1.233     2.673    clk_gen/inst/clk_in1_clk_wiz_0
    MMCME2_ADV_X0Y0      MMCME2_ADV (Prop_mmcme2_adv_CLKIN1_CLKOUT0)
                                                     -6.965    -4.291 r  clk_gen/inst/mmcm_adv_inst/CLKOUT0
                         net (fo=1, routed)           1.666    -2.625    clk_gen/inst/clk_out1_clk_wiz_0
    BUFGCTRL_X0Y0        BUFG (Prop_bufg_I_O)         0.096    -2.529 r  clk_gen/inst/clkout1_buf/O
                         net (fo=11230, routed)       1.567    -0.962    neural_net/clk_out1
    SLICE_X13Y40         FDCE                                         r  neural_net/hidden_idx_reg[0]/C
  -------------------------------------------------------------------    -------------------
    SLICE_X13Y40         FDCE (Prop_fdce_C_Q)         0.456    -0.506 r  neural_net/hidden_idx_reg[0]/Q
                         net (fo=1581, routed)        1.601     1.095    neural_net/hidden_idx[0]
    DSP48_X1Y16          DSP48E1 (Prop_dsp48e1_A[0]_P[1])
                                                      3.841     4.936 r  neural_net/accumulator3/P[1]
                         net (fo=15636, routed)       4.946     9.883    neural_net/accumulator3_n_104
    SLICE_X40Y144        LUT6 (Prop_lut6_I1_O)        0.124    10.007 r  neural_net/g751_b7/O
                         net (fo=1, routed)           0.000    10.007    neural_net/g751_b7_n_0
    SLICE_X40Y144        MUXF7 (Prop_muxf7_I1_O)      0.245    10.252 r  neural_net/p_2_out__0_i_7732/O
                         net (fo=1, routed)           0.785    11.037    neural_net/p_2_out__0_i_7732_n_0
    SLICE_X41Y145        LUT6 (Prop_lut6_I0_O)        0.298    11.335 r  neural_net/p_2_out__0_i_4679/O
                         net (fo=1, routed)           0.000    11.335    neural_net/p_2_out__0_i_4679_n_0
    SLICE_X41Y145        MUXF7 (Prop_muxf7_I1_O)      0.245    11.580 r  neural_net/p_2_out__0_i_2484/O
                         net (fo=1, routed)           0.000    11.580    neural_net/p_2_out__0_i_2484_n_0
    SLICE_X41Y145        MUXF8 (Prop_muxf8_I0_O)      0.104    11.684 r  neural_net/p_2_out__0_i_1081/O
                         net (fo=1, routed)           0.929    12.613    neural_net/p_2_out__0_i_1081_n_0
    SLICE_X40Y141        LUT6 (Prop_lut6_I0_O)        0.316    12.929 r  neural_net/p_2_out__0_i_546/O
                         net (fo=1, routed)           0.000    12.929    neural_net/p_2_out__0_i_546_n_0
    SLICE_X40Y141        MUXF7 (Prop_muxf7_I1_O)      0.245    13.174 r  neural_net/p_2_out__0_i_278/O
                         net (fo=1, routed)           0.942    14.116    neural_net/p_2_out__0_i_278_n_0
    SLICE_X40Y135        LUT6 (Prop_lut6_I1_O)        0.298    14.414 r  neural_net/p_2_out__0_i_121/O
                         net (fo=1, routed)           0.847    15.261    neural_net/p_2_out__0_i_121_n_0
    SLICE_X27Y131        LUT6 (Prop_lut6_I5_O)        0.124    15.385 r  neural_net/p_2_out__0_i_68/O
                         net (fo=1, routed)           3.012    18.397    neural_net/accumulator2[7]
    SLICE_X28Y44         LUT5 (Prop_lut5_I3_O)        0.124    18.521 r  neural_net/p_2_out__0_i_20/O
                         net (fo=1, routed)           1.598    20.119    neural_net/p_2_out__0_i_20_n_0
    DSP48_X0Y7           DSP48E1 (Prop_dsp48e1_A[7]_PCOUT[47])
                                                      4.036    24.155 r  neural_net/p_2_out__0/PCOUT[47]
                         net (fo=1, routed)           0.002    24.157    neural_net/p_2_out__0_n_106
    DSP48_X0Y8           DSP48E1 (Prop_dsp48e1_PCIN[47]_P[17])
                                                      1.518    25.675 r  neural_net/p_2_out__1/P[17]
                         net (fo=2, routed)           1.048    26.723    neural_net/p_2_out__1_n_88
    SLICE_X9Y20          LUT2 (Prop_lut2_I0_O)        0.124    26.847 r  neural_net/accumulator[39]_i_10/O
                         net (fo=1, routed)           0.000    26.847    neural_net/accumulator[39]_i_10_n_0
    SLICE_X9Y20          CARRY4 (Prop_carry4_S[1]_CO[3])
                                                      0.550    27.397 r  neural_net/accumulator_reg[39]_i_3/CO[3]
                         net (fo=1, routed)           0.000    27.397    neural_net/accumulator_reg[39]_i_3_n_0
    SLICE_X9Y21          CARRY4 (Prop_carry4_CI_CO[3])
                                                      0.114    27.511 r  neural_net/accumulator_reg[43]_i_3/CO[3]
                         net (fo=1, routed)           0.000    27.511    neural_net/accumulator_reg[43]_i_3_n_0
    SLICE_X9Y22          CARRY4 (Prop_carry4_CI_O[0])
                                                      0.222    27.733 r  neural_net/accumulator_reg[47]_i_5/O[0]
                         net (fo=2, routed)           0.789    28.523    neural_net/p_2_out__2[41]
    SLICE_X12Y22         LUT2 (Prop_lut2_I0_O)        0.299    28.822 r  neural_net/accumulator[43]_i_6/O
                         net (fo=1, routed)           0.000    28.822    neural_net/accumulator[43]_i_6_n_0
    SLICE_X12Y22         CARRY4 (Prop_carry4_S[1]_CO[3])
                                                      0.533    29.355 r  neural_net/accumulator_reg[43]_i_2/CO[3]
                         net (fo=1, routed)           0.000    29.355    neural_net/accumulator_reg[43]_i_2_n_0
    SLICE_X12Y23         CARRY4 (Prop_carry4_CI_O[3])
                                                      0.315    29.670 r  neural_net/accumulator_reg[47]_i_3/O[3]
                         net (fo=1, routed)           0.857    30.527    neural_net/p_0_in[47]
    SLICE_X28Y21         LUT3 (Prop_lut3_I0_O)        0.302    30.829 r  neural_net/accumulator[47]_i_2/O
                         net (fo=1, routed)           0.624    31.453    neural_net/p_1_in[47]
    SLICE_X28Y21         FDCE                                         r  neural_net/accumulator_reg[47]/D
  -------------------------------------------------------------------    -------------------

                         (clock clk_out1_clk_wiz_0_1 rise edge)
                                                     40.000    40.000 r  
    N15                                               0.000    40.000 r  clk_100mhz (IN)
                         net (fo=0)                   0.000    40.000    clk_gen/inst/clk_in1
    N15                  IBUF (Prop_ibuf_I_O)         1.370    41.370 r  clk_gen/inst/clkin1_ibufg/O
                         net (fo=1, routed)           1.162    42.532    clk_gen/inst/clk_in1_clk_wiz_0
    MMCME2_ADV_X0Y0      MMCME2_ADV (Prop_mmcme2_adv_CLKIN1_CLKOUT0)
                                                     -7.221    35.311 r  clk_gen/inst/mmcm_adv_inst/CLKOUT0
                         net (fo=1, routed)           1.587    36.898    clk_gen/inst/clk_out1_clk_wiz_0
    BUFGCTRL_X0Y0        BUFG (Prop_bufg_I_O)         0.091    36.989 r  clk_gen/inst/clkout1_buf/O
                         net (fo=11230, routed)       1.435    38.424    neural_net/clk_out1
    SLICE_X28Y21         FDCE                                         r  neural_net/accumulator_reg[47]/C
                         clock pessimism              0.562    38.986    
                         clock uncertainty           -0.091    38.895    
    SLICE_X28Y21         FDCE (Setup_fdce_C_D)       -0.266    38.629    neural_net/accumulator_reg[47]
  -------------------------------------------------------------------
                         required time                         38.629    
                         arrival time                         -31.453    
  -------------------------------------------------------------------
                         slack                                  7.176    

Slack (MET) :             7.751ns  (required time - arrival time)
  Source:                 neural_net/hidden_idx_reg[0]/C
                            (rising edge-triggered cell FDCE clocked by clk_out1_clk_wiz_0_1  {rise@0.000ns fall@20.000ns period=40.000ns})
  Destination:            neural_net/accumulator_reg[39]/D
                            (rising edge-triggered cell FDCE clocked by clk_out1_clk_wiz_0_1  {rise@0.000ns fall@20.000ns period=40.000ns})
  Path Group:             clk_out1_clk_wiz_0_1
  Path Type:              Setup (Max at Slow Process Corner)
  Requirement:            40.000ns  (clk_out1_clk_wiz_0_1 rise@40.000ns - clk_out1_clk_wiz_0_1 rise@0.000ns)
  Data Path Delay:        31.859ns  (logic 14.147ns (44.405%)  route 17.712ns (55.595%))
  Logic Levels:           19  (CARRY4=3 DSP48E1=3 LUT2=2 LUT3=1 LUT5=1 LUT6=5 MUXF7=3 MUXF8=1)
  Clock Path Skew:        -0.048ns (DCD - SCD + CPR)
    Destination Clock Delay (DCD):    -1.572ns = ( 38.428 - 40.000 ) 
    Source Clock Delay      (SCD):    -0.962ns
    Clock Pessimism Removal (CPR):    0.562ns
  Clock Uncertainty:      0.091ns  ((TSJ^2 + DJ^2)^1/2) / 2 + PE
    Total System Jitter     (TSJ):    0.071ns
    Discrete Jitter          (DJ):    0.168ns
    Phase Error              (PE):    0.000ns

    Location             Delay type                Incr(ns)  Path(ns)    Netlist Resource(s)
  -------------------------------------------------------------------    -------------------
                         (clock clk_out1_clk_wiz_0_1 rise edge)
                                                      0.000     0.000 r  
    N15                                               0.000     0.000 r  clk_100mhz (IN)
                         net (fo=0)                   0.000     0.000    clk_gen/inst/clk_in1
    N15                  IBUF (Prop_ibuf_I_O)         1.440     1.440 r  clk_gen/inst/clkin1_ibufg/O
                         net (fo=1, routed)           1.233     2.673    clk_gen/inst/clk_in1_clk_wiz_0
    MMCME2_ADV_X0Y0      MMCME2_ADV (Prop_mmcme2_adv_CLKIN1_CLKOUT0)
                                                     -6.965    -4.291 r  clk_gen/inst/mmcm_adv_inst/CLKOUT0
                         net (fo=1, routed)           1.666    -2.625    clk_gen/inst/clk_out1_clk_wiz_0
    BUFGCTRL_X0Y0        BUFG (Prop_bufg_I_O)         0.096    -2.529 r  clk_gen/inst/clkout1_buf/O
                         net (fo=11230, routed)       1.567    -0.962    neural_net/clk_out1
    SLICE_X13Y40         FDCE                                         r  neural_net/hidden_idx_reg[0]/C
  -------------------------------------------------------------------    -------------------
    SLICE_X13Y40         FDCE (Prop_fdce_C_Q)         0.456    -0.506 r  neural_net/hidden_idx_reg[0]/Q
                         net (fo=1581, routed)        1.601     1.095    neural_net/hidden_idx[0]
    DSP48_X1Y16          DSP48E1 (Prop_dsp48e1_A[0]_P[1])
                                                      3.841     4.936 r  neural_net/accumulator3/P[1]
                         net (fo=15636, routed)       4.946     9.883    neural_net/accumulator3_n_104
    SLICE_X40Y144        LUT6 (Prop_lut6_I1_O)        0.124    10.007 r  neural_net/g751_b7/O
                         net (fo=1, routed)           0.000    10.007    neural_net/g751_b7_n_0
    SLICE_X40Y144        MUXF7 (Prop_muxf7_I1_O)      0.245    10.252 r  neural_net/p_2_out__0_i_7732/O
                         net (fo=1, routed)           0.785    11.037    neural_net/p_2_out__0_i_7732_n_0
    SLICE_X41Y145        LUT6 (Prop_lut6_I0_O)        0.298    11.335 r  neural_net/p_2_out__0_i_4679/O
                         net (fo=1, routed)           0.000    11.335    neural_net/p_2_out__0_i_4679_n_0
    SLICE_X41Y145        MUXF7 (Prop_muxf7_I1_O)      0.245    11.580 r  neural_net/p_2_out__0_i_2484/O
                         net (fo=1, routed)           0.000    11.580    neural_net/p_2_out__0_i_2484_n_0
    SLICE_X41Y145        MUXF8 (Prop_muxf8_I0_O)      0.104    11.684 r  neural_net/p_2_out__0_i_1081/O
                         net (fo=1, routed)           0.929    12.613    neural_net/p_2_out__0_i_1081_n_0
    SLICE_X40Y141        LUT6 (Prop_lut6_I0_O)        0.316    12.929 r  neural_net/p_2_out__0_i_546/O
                         net (fo=1, routed)           0.000    12.929    neural_net/p_2_out__0_i_546_n_0
    SLICE_X40Y141        MUXF7 (Prop_muxf7_I1_O)      0.245    13.174 r  neural_net/p_2_out__0_i_278/O
                         net (fo=1, routed)           0.942    14.116    neural_net/p_2_out__0_i_278_n_0
    SLICE_X40Y135        LUT6 (Prop_lut6_I1_O)        0.298    14.414 r  neural_net/p_2_out__0_i_121/O
                         net (fo=1, routed)           0.847    15.261    neural_net/p_2_out__0_i_121_n_0
    SLICE_X27Y131        LUT6 (Prop_lut6_I5_O)        0.124    15.385 r  neural_net/p_2_out__0_i_68/O
                         net (fo=1, routed)           3.012    18.397    neural_net/accumulator2[7]
    SLICE_X28Y44         LUT5 (Prop_lut5_I3_O)        0.124    18.521 r  neural_net/p_2_out__0_i_20/O
                         net (fo=1, routed)           1.598    20.119    neural_net/p_2_out__0_i_20_n_0
    DSP48_X0Y7           DSP48E1 (Prop_dsp48e1_A[7]_PCOUT[47])
                                                      4.036    24.155 r  neural_net/p_2_out__0/PCOUT[47]
                         net (fo=1, routed)           0.002    24.157    neural_net/p_2_out__0_n_106
    DSP48_X0Y8           DSP48E1 (Prop_dsp48e1_PCIN[47]_P[17])
                                                      1.518    25.675 r  neural_net/p_2_out__1/P[17]
                         net (fo=2, routed)           1.048    26.723    neural_net/p_2_out__1_n_88
    SLICE_X9Y20          LUT2 (Prop_lut2_I0_O)        0.124    26.847 r  neural_net/accumulator[39]_i_10/O
                         net (fo=1, routed)           0.000    26.847    neural_net/accumulator[39]_i_10_n_0
    SLICE_X9Y20          CARRY4 (Prop_carry4_S[1]_CO[3])
                                                      0.550    27.397 r  neural_net/accumulator_reg[39]_i_3/CO[3]
                         net (fo=1, routed)           0.000    27.397    neural_net/accumulator_reg[39]_i_3_n_0
    SLICE_X9Y21          CARRY4 (Prop_carry4_CI_O[0])
                                                      0.222    27.619 r  neural_net/accumulator_reg[43]_i_3/O[0]
                         net (fo=2, routed)           0.656    28.275    neural_net/p_2_out__2[37]
    SLICE_X12Y21         LUT2 (Prop_lut2_I0_O)        0.299    28.574 r  neural_net/accumulator[39]_i_6/O
                         net (fo=1, routed)           0.000    28.574    neural_net/accumulator[39]_i_6_n_0
    SLICE_X12Y21         CARRY4 (Prop_carry4_S[1]_O[3])
                                                      0.643    29.217 r  neural_net/accumulator_reg[39]_i_2/O[3]
                         net (fo=1, routed)           0.958    30.175    neural_net/p_0_in[39]
    SLICE_X28Y17         LUT3 (Prop_lut3_I0_O)        0.335    30.510 r  neural_net/accumulator[39]_i_1/O
                         net (fo=1, routed)           0.387    30.897    neural_net/p_1_in[39]
    SLICE_X28Y17         FDCE                                         r  neural_net/accumulator_reg[39]/D
  -------------------------------------------------------------------    -------------------

                         (clock clk_out1_clk_wiz_0_1 rise edge)
                                                     40.000    40.000 r  
    N15                                               0.000    40.000 r  clk_100mhz (IN)
                         net (fo=0)                   0.000    40.000    clk_gen/inst/clk_in1
    N15                  IBUF (Prop_ibuf_I_O)         1.370    41.370 r  clk_gen/inst/clkin1_ibufg/O
                         net (fo=1, routed)           1.162    42.532    clk_gen/inst/clk_in1_clk_wiz_0
    MMCME2_ADV_X0Y0      MMCME2_ADV (Prop_mmcme2_adv_CLKIN1_CLKOUT0)
                                                     -7.221    35.311 r  clk_gen/inst/mmcm_adv_inst/CLKOUT0
                         net (fo=1, routed)           1.587    36.898    clk_gen/inst/clk_out1_clk_wiz_0
    BUFGCTRL_X0Y0        BUFG (Prop_bufg_I_O)         0.091    36.989 r  clk_gen/inst/clkout1_buf/O
                         net (fo=11230, routed)       1.439    38.428    neural_net/clk_out1
    SLICE_X28Y17         FDCE                                         r  neural_net/accumulator_reg[39]/C
                         clock pessimism              0.562    38.990    
                         clock uncertainty           -0.091    38.899    
    SLICE_X28Y17         FDCE (Setup_fdce_C_D)       -0.251    38.648    neural_net/accumulator_reg[39]
  -------------------------------------------------------------------
                         required time                         38.648    
                         arrival time                         -30.897    
  -------------------------------------------------------------------
                         slack                                  7.751    

Slack (MET) :             7.783ns  (required time - arrival time)
  Source:                 neural_net/hidden_idx_reg[0]/C
                            (rising edge-triggered cell FDCE clocked by clk_out1_clk_wiz_0_1  {rise@0.000ns fall@20.000ns period=40.000ns})
  Destination:            neural_net/accumulator_reg[42]/D
                            (rising edge-triggered cell FDCE clocked by clk_out1_clk_wiz_0_1  {rise@0.000ns fall@20.000ns period=40.000ns})
  Path Group:             clk_out1_clk_wiz_0_1
  Path Type:              Setup (Max at Slow Process Corner)
  Requirement:            40.000ns  (clk_out1_clk_wiz_0_1 rise@40.000ns - clk_out1_clk_wiz_0_1 rise@0.000ns)
  Data Path Delay:        31.808ns  (logic 14.190ns (44.611%)  route 17.618ns (55.389%))
  Logic Levels:           20  (CARRY4=4 DSP48E1=3 LUT2=2 LUT3=1 LUT5=1 LUT6=5 MUXF7=3 MUXF8=1)
  Clock Path Skew:        -0.051ns (DCD - SCD + CPR)
    Destination Clock Delay (DCD):    -1.575ns = ( 38.425 - 40.000 ) 
    Source Clock Delay      (SCD):    -0.962ns
    Clock Pessimism Removal (CPR):    0.562ns
  Clock Uncertainty:      0.091ns  ((TSJ^2 + DJ^2)^1/2) / 2 + PE
    Total System Jitter     (TSJ):    0.071ns
    Discrete Jitter          (DJ):    0.168ns
    Phase Error              (PE):    0.000ns

    Location             Delay type                Incr(ns)  Path(ns)    Netlist Resource(s)
  -------------------------------------------------------------------    -------------------
                         (clock clk_out1_clk_wiz_0_1 rise edge)
                                                      0.000     0.000 r  
    N15                                               0.000     0.000 r  clk_100mhz (IN)
                         net (fo=0)                   0.000     0.000    clk_gen/inst/clk_in1
    N15                  IBUF (Prop_ibuf_I_O)         1.440     1.440 r  clk_gen/inst/clkin1_ibufg/O
                         net (fo=1, routed)           1.233     2.673    clk_gen/inst/clk_in1_clk_wiz_0
    MMCME2_ADV_X0Y0      MMCME2_ADV (Prop_mmcme2_adv_CLKIN1_CLKOUT0)
                                                     -6.965    -4.291 r  clk_gen/inst/mmcm_adv_inst/CLKOUT0
                         net (fo=1, routed)           1.666    -2.625    clk_gen/inst/clk_out1_clk_wiz_0
    BUFGCTRL_X0Y0        BUFG (Prop_bufg_I_O)         0.096    -2.529 r  clk_gen/inst/clkout1_buf/O
                         net (fo=11230, routed)       1.567    -0.962    neural_net/clk_out1
    SLICE_X13Y40         FDCE                                         r  neural_net/hidden_idx_reg[0]/C
  -------------------------------------------------------------------    -------------------
    SLICE_X13Y40         FDCE (Prop_fdce_C_Q)         0.456    -0.506 r  neural_net/hidden_idx_reg[0]/Q
                         net (fo=1581, routed)        1.601     1.095    neural_net/hidden_idx[0]
    DSP48_X1Y16          DSP48E1 (Prop_dsp48e1_A[0]_P[1])
                                                      3.841     4.936 r  neural_net/accumulator3/P[1]
                         net (fo=15636, routed)       4.946     9.883    neural_net/accumulator3_n_104
    SLICE_X40Y144        LUT6 (Prop_lut6_I1_O)        0.124    10.007 r  neural_net/g751_b7/O
                         net (fo=1, routed)           0.000    10.007    neural_net/g751_b7_n_0
    SLICE_X40Y144        MUXF7 (Prop_muxf7_I1_O)      0.245    10.252 r  neural_net/p_2_out__0_i_7732/O
                         net (fo=1, routed)           0.785    11.037    neural_net/p_2_out__0_i_7732_n_0
    SLICE_X41Y145        LUT6 (Prop_lut6_I0_O)        0.298    11.335 r  neural_net/p_2_out__0_i_4679/O
                         net (fo=1, routed)           0.000    11.335    neural_net/p_2_out__0_i_4679_n_0
    SLICE_X41Y145        MUXF7 (Prop_muxf7_I1_O)      0.245    11.580 r  neural_net/p_2_out__0_i_2484/O
                         net (fo=1, routed)           0.000    11.580    neural_net/p_2_out__0_i_2484_n_0
    SLICE_X41Y145        MUXF8 (Prop_muxf8_I0_O)      0.104    11.684 r  neural_net/p_2_out__0_i_1081/O
                         net (fo=1, routed)           0.929    12.613    neural_net/p_2_out__0_i_1081_n_0
    SLICE_X40Y141        LUT6 (Prop_lut6_I0_O)        0.316    12.929 r  neural_net/p_2_out__0_i_546/O
                         net (fo=1, routed)           0.000    12.929    neural_net/p_2_out__0_i_546_n_0
    SLICE_X40Y141        MUXF7 (Prop_muxf7_I1_O)      0.245    13.174 r  neural_net/p_2_out__0_i_278/O
                         net (fo=1, routed)           0.942    14.116    neural_net/p_2_out__0_i_278_n_0
    SLICE_X40Y135        LUT6 (Prop_lut6_I1_O)        0.298    14.414 r  neural_net/p_2_out__0_i_121/O
                         net (fo=1, routed)           0.847    15.261    neural_net/p_2_out__0_i_121_n_0
    SLICE_X27Y131        LUT6 (Prop_lut6_I5_O)        0.124    15.385 r  neural_net/p_2_out__0_i_68/O
                         net (fo=1, routed)           3.012    18.397    neural_net/accumulator2[7]
    SLICE_X28Y44         LUT5 (Prop_lut5_I3_O)        0.124    18.521 r  neural_net/p_2_out__0_i_20/O
                         net (fo=1, routed)           1.598    20.119    neural_net/p_2_out__0_i_20_n_0
    DSP48_X0Y7           DSP48E1 (Prop_dsp48e1_A[7]_PCOUT[47])
                                                      4.036    24.155 r  neural_net/p_2_out__0/PCOUT[47]
                         net (fo=1, routed)           0.002    24.157    neural_net/p_2_out__0_n_106
    DSP48_X0Y8           DSP48E1 (Prop_dsp48e1_PCIN[47]_P[17])
                                                      1.518    25.675 r  neural_net/p_2_out__1/P[17]
                         net (fo=2, routed)           1.048    26.723    neural_net/p_2_out__1_n_88
    SLICE_X9Y20          LUT2 (Prop_lut2_I0_O)        0.124    26.847 r  neural_net/accumulator[39]_i_10/O
                         net (fo=1, routed)           0.000    26.847    neural_net/accumulator[39]_i_10_n_0
    SLICE_X9Y20          CARRY4 (Prop_carry4_S[1]_CO[3])
                                                      0.550    27.397 r  neural_net/accumulator_reg[39]_i_3/CO[3]
                         net (fo=1, routed)           0.000    27.397    neural_net/accumulator_reg[39]_i_3_n_0
    SLICE_X9Y21          CARRY4 (Prop_carry4_CI_CO[3])
                                                      0.114    27.511 r  neural_net/accumulator_reg[43]_i_3/CO[3]
                         net (fo=1, routed)           0.000    27.511    neural_net/accumulator_reg[43]_i_3_n_0
    SLICE_X9Y22          CARRY4 (Prop_carry4_CI_O[0])
                                                      0.222    27.733 r  neural_net/accumulator_reg[47]_i_5/O[0]
                         net (fo=2, routed)           0.789    28.523    neural_net/p_2_out__2[41]
    SLICE_X12Y22         LUT2 (Prop_lut2_I0_O)        0.299    28.822 r  neural_net/accumulator[43]_i_6/O
                         net (fo=1, routed)           0.000    28.822    neural_net/accumulator[43]_i_6_n_0
    SLICE_X12Y22         CARRY4 (Prop_carry4_S[1]_O[2])
                                                      0.578    29.400 r  neural_net/accumulator_reg[43]_i_2/O[2]
                         net (fo=1, routed)           0.501    29.901    neural_net/p_0_in[42]
    SLICE_X13Y22         LUT3 (Prop_lut3_I0_O)        0.329    30.230 r  neural_net/accumulator[42]_i_1/O
                         net (fo=1, routed)           0.617    30.847    neural_net/p_1_in[42]
    SLICE_X13Y22         FDCE                                         r  neural_net/accumulator_reg[42]/D
  -------------------------------------------------------------------    -------------------

                         (clock clk_out1_clk_wiz_0_1 rise edge)
                                                     40.000    40.000 r  
    N15                                               0.000    40.000 r  clk_100mhz (IN)
                         net (fo=0)                   0.000    40.000    clk_gen/inst/clk_in1
    N15                  IBUF (Prop_ibuf_I_O)         1.370    41.370 r  clk_gen/inst/clkin1_ibufg/O
                         net (fo=1, routed)           1.162    42.532    clk_gen/inst/clk_in1_clk_wiz_0
    MMCME2_ADV_X0Y0      MMCME2_ADV (Prop_mmcme2_adv_CLKIN1_CLKOUT0)
                                                     -7.221    35.311 r  clk_gen/inst/mmcm_adv_inst/CLKOUT0
                         net (fo=1, routed)           1.587    36.898    clk_gen/inst/clk_out1_clk_wiz_0
    BUFGCTRL_X0Y0        BUFG (Prop_bufg_I_O)         0.091    36.989 r  clk_gen/inst/clkout1_buf/O
                         net (fo=11230, routed)       1.436    38.425    neural_net/clk_out1
    SLICE_X13Y22         FDCE                                         r  neural_net/accumulator_reg[42]/C
                         clock pessimism              0.562    38.987    
                         clock uncertainty           -0.091    38.896    
    SLICE_X13Y22         FDCE (Setup_fdce_C_D)       -0.266    38.630    neural_net/accumulator_reg[42]
  -------------------------------------------------------------------
                         required time                         38.630    
                         arrival time                         -30.847    
  -------------------------------------------------------------------
                         slack                                  7.783    

Slack (MET) :             7.899ns  (required time - arrival time)
  Source:                 neural_net/hidden_idx_reg[0]/C
                            (rising edge-triggered cell FDCE clocked by clk_out1_clk_wiz_0_1  {rise@0.000ns fall@20.000ns period=40.000ns})
  Destination:            neural_net/accumulator_reg[38]/D
                            (rising edge-triggered cell FDCE clocked by clk_out1_clk_wiz_0_1  {rise@0.000ns fall@20.000ns period=40.000ns})
  Path Group:             clk_out1_clk_wiz_0_1
  Path Type:              Setup (Max at Slow Process Corner)
  Requirement:            40.000ns  (clk_out1_clk_wiz_0_1 rise@40.000ns - clk_out1_clk_wiz_0_1 rise@0.000ns)
  Data Path Delay:        31.904ns  (logic 14.048ns (44.032%)  route 17.856ns (55.968%))
  Logic Levels:           19  (CARRY4=3 DSP48E1=3 LUT2=2 LUT3=1 LUT5=1 LUT6=5 MUXF7=3 MUXF8=1)
  Clock Path Skew:        -0.048ns (DCD - SCD + CPR)
    Destination Clock Delay (DCD):    -1.572ns = ( 38.428 - 40.000 ) 
    Source Clock Delay      (SCD):    -0.962ns
    Clock Pessimism Removal (CPR):    0.562ns
  Clock Uncertainty:      0.091ns  ((TSJ^2 + DJ^2)^1/2) / 2 + PE
    Total System Jitter     (TSJ):    0.071ns
    Discrete Jitter          (DJ):    0.168ns
    Phase Error              (PE):    0.000ns

    Location             Delay type                Incr(ns)  Path(ns)    Netlist Resource(s)
  -------------------------------------------------------------------    -------------------
                         (clock clk_out1_clk_wiz_0_1 rise edge)
                                                      0.000     0.000 r  
    N15                                               0.000     0.000 r  clk_100mhz (IN)
                         net (fo=0)                   0.000     0.000    clk_gen/inst/clk_in1
    N15                  IBUF (Prop_ibuf_I_O)         1.440     1.440 r  clk_gen/inst/clkin1_ibufg/O
                         net (fo=1, routed)           1.233     2.673    clk_gen/inst/clk_in1_clk_wiz_0
    MMCME2_ADV_X0Y0      MMCME2_ADV (Prop_mmcme2_adv_CLKIN1_CLKOUT0)
                                                     -6.965    -4.291 r  clk_gen/inst/mmcm_adv_inst/CLKOUT0
                         net (fo=1, routed)           1.666    -2.625    clk_gen/inst/clk_out1_clk_wiz_0
    BUFGCTRL_X0Y0        BUFG (Prop_bufg_I_O)         0.096    -2.529 r  clk_gen/inst/clkout1_buf/O
                         net (fo=11230, routed)       1.567    -0.962    neural_net/clk_out1
    SLICE_X13Y40         FDCE                                         r  neural_net/hidden_idx_reg[0]/C
  -------------------------------------------------------------------    -------------------
    SLICE_X13Y40         FDCE (Prop_fdce_C_Q)         0.456    -0.506 r  neural_net/hidden_idx_reg[0]/Q
                         net (fo=1581, routed)        1.601     1.095    neural_net/hidden_idx[0]
    DSP48_X1Y16          DSP48E1 (Prop_dsp48e1_A[0]_P[1])
                                                      3.841     4.936 r  neural_net/accumulator3/P[1]
                         net (fo=15636, routed)       4.946     9.883    neural_net/accumulator3_n_104
    SLICE_X40Y144        LUT6 (Prop_lut6_I1_O)        0.124    10.007 r  neural_net/g751_b7/O
                         net (fo=1, routed)           0.000    10.007    neural_net/g751_b7_n_0
    SLICE_X40Y144        MUXF7 (Prop_muxf7_I1_O)      0.245    10.252 r  neural_net/p_2_out__0_i_7732/O
                         net (fo=1, routed)           0.785    11.037    neural_net/p_2_out__0_i_7732_n_0
    SLICE_X41Y145        LUT6 (Prop_lut6_I0_O)        0.298    11.335 r  neural_net/p_2_out__0_i_4679/O
                         net (fo=1, routed)           0.000    11.335    neural_net/p_2_out__0_i_4679_n_0
    SLICE_X41Y145        MUXF7 (Prop_muxf7_I1_O)      0.245    11.580 r  neural_net/p_2_out__0_i_2484/O
                         net (fo=1, routed)           0.000    11.580    neural_net/p_2_out__0_i_2484_n_0
    SLICE_X41Y145        MUXF8 (Prop_muxf8_I0_O)      0.104    11.684 r  neural_net/p_2_out__0_i_1081/O
                         net (fo=1, routed)           0.929    12.613    neural_net/p_2_out__0_i_1081_n_0
    SLICE_X40Y141        LUT6 (Prop_lut6_I0_O)        0.316    12.929 r  neural_net/p_2_out__0_i_546/O
                         net (fo=1, routed)           0.000    12.929    neural_net/p_2_out__0_i_546_n_0
    SLICE_X40Y141        MUXF7 (Prop_muxf7_I1_O)      0.245    13.174 r  neural_net/p_2_out__0_i_278/O
                         net (fo=1, routed)           0.942    14.116    neural_net/p_2_out__0_i_278_n_0
    SLICE_X40Y135        LUT6 (Prop_lut6_I1_O)        0.298    14.414 r  neural_net/p_2_out__0_i_121/O
                         net (fo=1, routed)           0.847    15.261    neural_net/p_2_out__0_i_121_n_0
    SLICE_X27Y131        LUT6 (Prop_lut6_I5_O)        0.124    15.385 r  neural_net/p_2_out__0_i_68/O
                         net (fo=1, routed)           3.012    18.397    neural_net/accumulator2[7]
    SLICE_X28Y44         LUT5 (Prop_lut5_I3_O)        0.124    18.521 r  neural_net/p_2_out__0_i_20/O
                         net (fo=1, routed)           1.598    20.119    neural_net/p_2_out__0_i_20_n_0
    DSP48_X0Y7           DSP48E1 (Prop_dsp48e1_A[7]_PCOUT[47])
                                                      4.036    24.155 r  neural_net/p_2_out__0/PCOUT[47]
                         net (fo=1, routed)           0.002    24.157    neural_net/p_2_out__0_n_106
    DSP48_X0Y8           DSP48E1 (Prop_dsp48e1_PCIN[47]_P[17])
                                                      1.518    25.675 r  neural_net/p_2_out__1/P[17]
                         net (fo=2, routed)           1.048    26.723    neural_net/p_2_out__1_n_88
    SLICE_X9Y20          LUT2 (Prop_lut2_I0_O)        0.124    26.847 r  neural_net/accumulator[39]_i_10/O
                         net (fo=1, routed)           0.000    26.847    neural_net/accumulator[39]_i_10_n_0
    SLICE_X9Y20          CARRY4 (Prop_carry4_S[1]_CO[3])
                                                      0.550    27.397 r  neural_net/accumulator_reg[39]_i_3/CO[3]
                         net (fo=1, routed)           0.000    27.397    neural_net/accumulator_reg[39]_i_3_n_0
    SLICE_X9Y21          CARRY4 (Prop_carry4_CI_O[0])
                                                      0.222    27.619 r  neural_net/accumulator_reg[43]_i_3/O[0]
                         net (fo=2, routed)           0.656    28.275    neural_net/p_2_out__2[37]
    SLICE_X12Y21         LUT2 (Prop_lut2_I0_O)        0.299    28.574 r  neural_net/accumulator[39]_i_6/O
                         net (fo=1, routed)           0.000    28.574    neural_net/accumulator[39]_i_6_n_0
    SLICE_X12Y21         CARRY4 (Prop_carry4_S[1]_O[2])
                                                      0.578    29.152 r  neural_net/accumulator_reg[39]_i_2/O[2]
                         net (fo=1, routed)           0.890    30.043    neural_net/p_0_in[38]
    SLICE_X28Y17         LUT3 (Prop_lut3_I0_O)        0.301    30.344 r  neural_net/accumulator[38]_i_1/O
                         net (fo=1, routed)           0.599    30.942    neural_net/p_1_in[38]
    SLICE_X28Y17         FDCE                                         r  neural_net/accumulator_reg[38]/D
  -------------------------------------------------------------------    -------------------

                         (clock clk_out1_clk_wiz_0_1 rise edge)
                                                     40.000    40.000 r  
    N15                                               0.000    40.000 r  clk_100mhz (IN)
                         net (fo=0)                   0.000    40.000    clk_gen/inst/clk_in1
    N15                  IBUF (Prop_ibuf_I_O)         1.370    41.370 r  clk_gen/inst/clkin1_ibufg/O
                         net (fo=1, routed)           1.162    42.532    clk_gen/inst/clk_in1_clk_wiz_0
    MMCME2_ADV_X0Y0      MMCME2_ADV (Prop_mmcme2_adv_CLKIN1_CLKOUT0)
                                                     -7.221    35.311 r  clk_gen/inst/mmcm_adv_inst/CLKOUT0
                         net (fo=1, routed)           1.587    36.898    clk_gen/inst/clk_out1_clk_wiz_0
    BUFGCTRL_X0Y0        BUFG (Prop_bufg_I_O)         0.091    36.989 r  clk_gen/inst/clkout1_buf/O
                         net (fo=11230, routed)       1.439    38.428    neural_net/clk_out1
    SLICE_X28Y17         FDCE                                         r  neural_net/accumulator_reg[38]/C
                         clock pessimism              0.562    38.990    
                         clock uncertainty           -0.091    38.899    
    SLICE_X28Y17         FDCE (Setup_fdce_C_D)       -0.058    38.841    neural_net/accumulator_reg[38]
  -------------------------------------------------------------------
                         required time                         38.841    
                         arrival time                         -30.942    
  -------------------------------------------------------------------
                         slack                                  7.899    

Slack (MET) :             7.962ns  (required time - arrival time)
  Source:                 neural_net/hidden_idx_reg[0]/C
                            (rising edge-triggered cell FDCE clocked by clk_out1_clk_wiz_0_1  {rise@0.000ns fall@20.000ns period=40.000ns})
  Destination:            neural_net/accumulator_reg[45]/D
                            (rising edge-triggered cell FDCE clocked by clk_out1_clk_wiz_0_1  {rise@0.000ns fall@20.000ns period=40.000ns})
  Path Group:             clk_out1_clk_wiz_0_1
  Path Type:              Setup (Max at Slow Process Corner)
  Requirement:            40.000ns  (clk_out1_clk_wiz_0_1 rise@40.000ns - clk_out1_clk_wiz_0_1 rise@0.000ns)
  Data Path Delay:        31.926ns  (logic 14.445ns (45.245%)  route 17.481ns (54.755%))
  Logic Levels:           21  (CARRY4=5 DSP48E1=3 LUT2=2 LUT3=1 LUT5=1 LUT6=5 MUXF7=3 MUXF8=1)
  Clock Path Skew:        -0.052ns (DCD - SCD + CPR)
    Destination Clock Delay (DCD):    -1.576ns = ( 38.424 - 40.000 ) 
    Source Clock Delay      (SCD):    -0.962ns
    Clock Pessimism Removal (CPR):    0.562ns
  Clock Uncertainty:      0.091ns  ((TSJ^2 + DJ^2)^1/2) / 2 + PE
    Total System Jitter     (TSJ):    0.071ns
    Discrete Jitter          (DJ):    0.168ns
    Phase Error              (PE):    0.000ns

    Location             Delay type                Incr(ns)  Path(ns)    Netlist Resource(s)
  -------------------------------------------------------------------    -------------------
                         (clock clk_out1_clk_wiz_0_1 rise edge)
                                                      0.000     0.000 r  
    N15                                               0.000     0.000 r  clk_100mhz (IN)
                         net (fo=0)                   0.000     0.000    clk_gen/inst/clk_in1
    N15                  IBUF (Prop_ibuf_I_O)         1.440     1.440 r  clk_gen/inst/clkin1_ibufg/O
                         net (fo=1, routed)           1.233     2.673    clk_gen/inst/clk_in1_clk_wiz_0
    MMCME2_ADV_X0Y0      MMCME2_ADV (Prop_mmcme2_adv_CLKIN1_CLKOUT0)
                                                     -6.965    -4.291 r  clk_gen/inst/mmcm_adv_inst/CLKOUT0
                         net (fo=1, routed)           1.666    -2.625    clk_gen/inst/clk_out1_clk_wiz_0
    BUFGCTRL_X0Y0        BUFG (Prop_bufg_I_O)         0.096    -2.529 r  clk_gen/inst/clkout1_buf/O
                         net (fo=11230, routed)       1.567    -0.962    neural_net/clk_out1
    SLICE_X13Y40         FDCE                                         r  neural_net/hidden_idx_reg[0]/C
  -------------------------------------------------------------------    -------------------
    SLICE_X13Y40         FDCE (Prop_fdce_C_Q)         0.456    -0.506 r  neural_net/hidden_idx_reg[0]/Q
                         net (fo=1581, routed)        1.601     1.095    neural_net/hidden_idx[0]
    DSP48_X1Y16          DSP48E1 (Prop_dsp48e1_A[0]_P[1])
                                                      3.841     4.936 r  neural_net/accumulator3/P[1]
                         net (fo=15636, routed)       4.946     9.883    neural_net/accumulator3_n_104
    SLICE_X40Y144        LUT6 (Prop_lut6_I1_O)        0.124    10.007 r  neural_net/g751_b7/O
                         net (fo=1, routed)           0.000    10.007    neural_net/g751_b7_n_0
    SLICE_X40Y144        MUXF7 (Prop_muxf7_I1_O)      0.245    10.252 r  neural_net/p_2_out__0_i_7732/O
                         net (fo=1, routed)           0.785    11.037    neural_net/p_2_out__0_i_7732_n_0
    SLICE_X41Y145        LUT6 (Prop_lut6_I0_O)        0.298    11.335 r  neural_net/p_2_out__0_i_4679/O
                         net (fo=1, routed)           0.000    11.335    neural_net/p_2_out__0_i_4679_n_0
    SLICE_X41Y145        MUXF7 (Prop_muxf7_I1_O)      0.245    11.580 r  neural_net/p_2_out__0_i_2484/O
                         net (fo=1, routed)           0.000    11.580    neural_net/p_2_out__0_i_2484_n_0
    SLICE_X41Y145        MUXF8 (Prop_muxf8_I0_O)      0.104    11.684 r  neural_net/p_2_out__0_i_1081/O
                         net (fo=1, routed)           0.929    12.613    neural_net/p_2_out__0_i_1081_n_0
    SLICE_X40Y141        LUT6 (Prop_lut6_I0_O)        0.316    12.929 r  neural_net/p_2_out__0_i_546/O
                         net (fo=1, routed)           0.000    12.929    neural_net/p_2_out__0_i_546_n_0
    SLICE_X40Y141        MUXF7 (Prop_muxf7_I1_O)      0.245    13.174 r  neural_net/p_2_out__0_i_278/O
                         net (fo=1, routed)           0.942    14.116    neural_net/p_2_out__0_i_278_n_0
    SLICE_X40Y135        LUT6 (Prop_lut6_I1_O)        0.298    14.414 r  neural_net/p_2_out__0_i_121/O
                         net (fo=1, routed)           0.847    15.261    neural_net/p_2_out__0_i_121_n_0
    SLICE_X27Y131        LUT6 (Prop_lut6_I5_O)        0.124    15.385 r  neural_net/p_2_out__0_i_68/O
                         net (fo=1, routed)           3.012    18.397    neural_net/accumulator2[7]
    SLICE_X28Y44         LUT5 (Prop_lut5_I3_O)        0.124    18.521 r  neural_net/p_2_out__0_i_20/O
                         net (fo=1, routed)           1.598    20.119    neural_net/p_2_out__0_i_20_n_0
    DSP48_X0Y7           DSP48E1 (Prop_dsp48e1_A[7]_PCOUT[47])
                                                      4.036    24.155 r  neural_net/p_2_out__0/PCOUT[47]
                         net (fo=1, routed)           0.002    24.157    neural_net/p_2_out__0_n_106
    DSP48_X0Y8           DSP48E1 (Prop_dsp48e1_PCIN[47]_P[17])
                                                      1.518    25.675 r  neural_net/p_2_out__1/P[17]
                         net (fo=2, routed)           1.048    26.723    neural_net/p_2_out__1_n_88
    SLICE_X9Y20          LUT2 (Prop_lut2_I0_O)        0.124    26.847 r  neural_net/accumulator[39]_i_10/O
                         net (fo=1, routed)           0.000    26.847    neural_net/accumulator[39]_i_10_n_0
    SLICE_X9Y20          CARRY4 (Prop_carry4_S[1]_CO[3])
                                                      0.550    27.397 r  neural_net/accumulator_reg[39]_i_3/CO[3]
                         net (fo=1, routed)           0.000    27.397    neural_net/accumulator_reg[39]_i_3_n_0
    SLICE_X9Y21          CARRY4 (Prop_carry4_CI_CO[3])
                                                      0.114    27.511 r  neural_net/accumulator_reg[43]_i_3/CO[3]
                         net (fo=1, routed)           0.000    27.511    neural_net/accumulator_reg[43]_i_3_n_0
    SLICE_X9Y22          CARRY4 (Prop_carry4_CI_O[0])
                                                      0.222    27.733 r  neural_net/accumulator_reg[47]_i_5/O[0]
                         net (fo=2, routed)           0.789    28.523    neural_net/p_2_out__2[41]
    SLICE_X12Y22         LUT2 (Prop_lut2_I0_O)        0.299    28.822 r  neural_net/accumulator[43]_i_6/O
                         net (fo=1, routed)           0.000    28.822    neural_net/accumulator[43]_i_6_n_0
    SLICE_X12Y22         CARRY4 (Prop_carry4_S[1]_CO[3])
                                                      0.533    29.355 r  neural_net/accumulator_reg[43]_i_2/CO[3]
                         net (fo=1, routed)           0.000    29.355    neural_net/accumulator_reg[43]_i_2_n_0
    SLICE_X12Y23         CARRY4 (Prop_carry4_CI_O[1])
                                                      0.323    29.678 r  neural_net/accumulator_reg[47]_i_3/O[1]
                         net (fo=1, routed)           0.981    30.658    neural_net/p_0_in[45]
    SLICE_X28Y21         LUT3 (Prop_lut3_I0_O)        0.306    30.964 r  neural_net/accumulator[45]_i_1/O
                         net (fo=1, routed)           0.000    30.964    neural_net/p_1_in[45]
    SLICE_X28Y21         FDCE                                         r  neural_net/accumulator_reg[45]/D
  -------------------------------------------------------------------    -------------------

                         (clock clk_out1_clk_wiz_0_1 rise edge)
                                                     40.000    40.000 r  
    N15                                               0.000    40.000 r  clk_100mhz (IN)
                         net (fo=0)                   0.000    40.000    clk_gen/inst/clk_in1
    N15                  IBUF (Prop_ibuf_I_O)         1.370    41.370 r  clk_gen/inst/clkin1_ibufg/O
                         net (fo=1, routed)           1.162    42.532    clk_gen/inst/clk_in1_clk_wiz_0
    MMCME2_ADV_X0Y0      MMCME2_ADV (Prop_mmcme2_adv_CLKIN1_CLKOUT0)
                                                     -7.221    35.311 r  clk_gen/inst/mmcm_adv_inst/CLKOUT0
                         net (fo=1, routed)           1.587    36.898    clk_gen/inst/clk_out1_clk_wiz_0
    BUFGCTRL_X0Y0        BUFG (Prop_bufg_I_O)         0.091    36.989 r  clk_gen/inst/clkout1_buf/O
                         net (fo=11230, routed)       1.435    38.424    neural_net/clk_out1
    SLICE_X28Y21         FDCE                                         r  neural_net/accumulator_reg[45]/C
                         clock pessimism              0.562    38.986    
                         clock uncertainty           -0.091    38.895    
    SLICE_X28Y21         FDCE (Setup_fdce_C_D)        0.031    38.926    neural_net/accumulator_reg[45]
  -------------------------------------------------------------------
                         required time                         38.926    
                         arrival time                         -30.965    
  -------------------------------------------------------------------
                         slack                                  7.962    

Slack (MET) :             8.055ns  (required time - arrival time)
  Source:                 neural_net/hidden_idx_reg[0]/C
                            (rising edge-triggered cell FDCE clocked by clk_out1_clk_wiz_0_1  {rise@0.000ns fall@20.000ns period=40.000ns})
  Destination:            neural_net/accumulator_reg[44]/D
                            (rising edge-triggered cell FDCE clocked by clk_out1_clk_wiz_0_1  {rise@0.000ns fall@20.000ns period=40.000ns})
  Path Group:             clk_out1_clk_wiz_0_1
  Path Type:              Setup (Max at Slow Process Corner)
  Requirement:            40.000ns  (clk_out1_clk_wiz_0_1 rise@40.000ns - clk_out1_clk_wiz_0_1 rise@0.000ns)
  Data Path Delay:        31.831ns  (logic 14.330ns (45.019%)  route 17.501ns (54.981%))
  Logic Levels:           21  (CARRY4=5 DSP48E1=3 LUT2=2 LUT3=1 LUT5=1 LUT6=5 MUXF7=3 MUXF8=1)
  Clock Path Skew:        -0.052ns (DCD - SCD + CPR)
    Destination Clock Delay (DCD):    -1.576ns = ( 38.424 - 40.000 ) 
    Source Clock Delay      (SCD):    -0.962ns
    Clock Pessimism Removal (CPR):    0.562ns
  Clock Uncertainty:      0.091ns  ((TSJ^2 + DJ^2)^1/2) / 2 + PE
    Total System Jitter     (TSJ):    0.071ns
    Discrete Jitter          (DJ):    0.168ns
    Phase Error              (PE):    0.000ns

    Location             Delay type                Incr(ns)  Path(ns)    Netlist Resource(s)
  -------------------------------------------------------------------    -------------------
                         (clock clk_out1_clk_wiz_0_1 rise edge)
                                                      0.000     0.000 r  
    N15                                               0.000     0.000 r  clk_100mhz (IN)
                         net (fo=0)                   0.000     0.000    clk_gen/inst/clk_in1
    N15                  IBUF (Prop_ibuf_I_O)         1.440     1.440 r  clk_gen/inst/clkin1_ibufg/O
                         net (fo=1, routed)           1.233     2.673    clk_gen/inst/clk_in1_clk_wiz_0
    MMCME2_ADV_X0Y0      MMCME2_ADV (Prop_mmcme2_adv_CLKIN1_CLKOUT0)
                                                     -6.965    -4.291 r  clk_gen/inst/mmcm_adv_inst/CLKOUT0
                         net (fo=1, routed)           1.666    -2.625    clk_gen/inst/clk_out1_clk_wiz_0
    BUFGCTRL_X0Y0        BUFG (Prop_bufg_I_O)         0.096    -2.529 r  clk_gen/inst/clkout1_buf/O
                         net (fo=11230, routed)       1.567    -0.962    neural_net/clk_out1
    SLICE_X13Y40         FDCE                                         r  neural_net/hidden_idx_reg[0]/C
  -------------------------------------------------------------------    -------------------
    SLICE_X13Y40         FDCE (Prop_fdce_C_Q)         0.456    -0.506 r  neural_net/hidden_idx_reg[0]/Q
                         net (fo=1581, routed)        1.601     1.095    neural_net/hidden_idx[0]
    DSP48_X1Y16          DSP48E1 (Prop_dsp48e1_A[0]_P[1])
                                                      3.841     4.936 r  neural_net/accumulator3/P[1]
                         net (fo=15636, routed)       4.946     9.883    neural_net/accumulator3_n_104
    SLICE_X40Y144        LUT6 (Prop_lut6_I1_O)        0.124    10.007 r  neural_net/g751_b7/O
                         net (fo=1, routed)           0.000    10.007    neural_net/g751_b7_n_0
    SLICE_X40Y144        MUXF7 (Prop_muxf7_I1_O)      0.245    10.252 r  neural_net/p_2_out__0_i_7732/O
                         net (fo=1, routed)           0.785    11.037    neural_net/p_2_out__0_i_7732_n_0
    SLICE_X41Y145        LUT6 (Prop_lut6_I0_O)        0.298    11.335 r  neural_net/p_2_out__0_i_4679/O
                         net (fo=1, routed)           0.000    11.335    neural_net/p_2_out__0_i_4679_n_0
    SLICE_X41Y145        MUXF7 (Prop_muxf7_I1_O)      0.245    11.580 r  neural_net/p_2_out__0_i_2484/O
                         net (fo=1, routed)           0.000    11.580    neural_net/p_2_out__0_i_2484_n_0
    SLICE_X41Y145        MUXF8 (Prop_muxf8_I0_O)      0.104    11.684 r  neural_net/p_2_out__0_i_1081/O
                         net (fo=1, routed)           0.929    12.613    neural_net/p_2_out__0_i_1081_n_0
    SLICE_X40Y141        LUT6 (Prop_lut6_I0_O)        0.316    12.929 r  neural_net/p_2_out__0_i_546/O
                         net (fo=1, routed)           0.000    12.929    neural_net/p_2_out__0_i_546_n_0
    SLICE_X40Y141        MUXF7 (Prop_muxf7_I1_O)      0.245    13.174 r  neural_net/p_2_out__0_i_278/O
                         net (fo=1, routed)           0.942    14.116    neural_net/p_2_out__0_i_278_n_0
    SLICE_X40Y135        LUT6 (Prop_lut6_I1_O)        0.298    14.414 r  neural_net/p_2_out__0_i_121/O
                         net (fo=1, routed)           0.847    15.261    neural_net/p_2_out__0_i_121_n_0
    SLICE_X27Y131        LUT6 (Prop_lut6_I5_O)        0.124    15.385 r  neural_net/p_2_out__0_i_68/O
                         net (fo=1, routed)           3.012    18.397    neural_net/accumulator2[7]
    SLICE_X28Y44         LUT5 (Prop_lut5_I3_O)        0.124    18.521 r  neural_net/p_2_out__0_i_20/O
                         net (fo=1, routed)           1.598    20.119    neural_net/p_2_out__0_i_20_n_0
    DSP48_X0Y7           DSP48E1 (Prop_dsp48e1_A[7]_PCOUT[47])
                                                      4.036    24.155 r  neural_net/p_2_out__0/PCOUT[47]
                         net (fo=1, routed)           0.002    24.157    neural_net/p_2_out__0_n_106
    DSP48_X0Y8           DSP48E1 (Prop_dsp48e1_PCIN[47]_P[17])
                                                      1.518    25.675 r  neural_net/p_2_out__1/P[17]
                         net (fo=2, routed)           1.048    26.723    neural_net/p_2_out__1_n_88
    SLICE_X9Y20          LUT2 (Prop_lut2_I0_O)        0.124    26.847 r  neural_net/accumulator[39]_i_10/O
                         net (fo=1, routed)           0.000    26.847    neural_net/accumulator[39]_i_10_n_0
    SLICE_X9Y20          CARRY4 (Prop_carry4_S[1]_CO[3])
                                                      0.550    27.397 r  neural_net/accumulator_reg[39]_i_3/CO[3]
                         net (fo=1, routed)           0.000    27.397    neural_net/accumulator_reg[39]_i_3_n_0
    SLICE_X9Y21          CARRY4 (Prop_carry4_CI_CO[3])
                                                      0.114    27.511 r  neural_net/accumulator_reg[43]_i_3/CO[3]
                         net (fo=1, routed)           0.000    27.511    neural_net/accumulator_reg[43]_i_3_n_0
    SLICE_X9Y22          CARRY4 (Prop_carry4_CI_O[0])
                                                      0.222    27.733 r  neural_net/accumulator_reg[47]_i_5/O[0]
                         net (fo=2, routed)           0.789    28.523    neural_net/p_2_out__2[41]
    SLICE_X12Y22         LUT2 (Prop_lut2_I0_O)        0.299    28.822 r  neural_net/accumulator[43]_i_6/O
                         net (fo=1, routed)           0.000    28.822    neural_net/accumulator[43]_i_6_n_0
    SLICE_X12Y22         CARRY4 (Prop_carry4_S[1]_CO[3])
                                                      0.533    29.355 r  neural_net/accumulator_reg[43]_i_2/CO[3]
                         net (fo=1, routed)           0.000    29.355    neural_net/accumulator_reg[43]_i_2_n_0
    SLICE_X12Y23         CARRY4 (Prop_carry4_CI_O[0])
                                                      0.219    29.574 r  neural_net/accumulator_reg[47]_i_3/O[0]
                         net (fo=1, routed)           1.000    30.574    neural_net/p_0_in[44]
    SLICE_X28Y21         LUT3 (Prop_lut3_I0_O)        0.295    30.869 r  neural_net/accumulator[44]_i_1/O
                         net (fo=1, routed)           0.000    30.869    neural_net/p_1_in[44]
    SLICE_X28Y21         FDCE                                         r  neural_net/accumulator_reg[44]/D
  -------------------------------------------------------------------    -------------------

                         (clock clk_out1_clk_wiz_0_1 rise edge)
                                                     40.000    40.000 r  
    N15                                               0.000    40.000 r  clk_100mhz (IN)
                         net (fo=0)                   0.000    40.000    clk_gen/inst/clk_in1
    N15                  IBUF (Prop_ibuf_I_O)         1.370    41.370 r  clk_gen/inst/clkin1_ibufg/O
                         net (fo=1, routed)           1.162    42.532    clk_gen/inst/clk_in1_clk_wiz_0
    MMCME2_ADV_X0Y0      MMCME2_ADV (Prop_mmcme2_adv_CLKIN1_CLKOUT0)
                                                     -7.221    35.311 r  clk_gen/inst/mmcm_adv_inst/CLKOUT0
                         net (fo=1, routed)           1.587    36.898    clk_gen/inst/clk_out1_clk_wiz_0
    BUFGCTRL_X0Y0        BUFG (Prop_bufg_I_O)         0.091    36.989 r  clk_gen/inst/clkout1_buf/O
                         net (fo=11230, routed)       1.435    38.424    neural_net/clk_out1
    SLICE_X28Y21         FDCE                                         r  neural_net/accumulator_reg[44]/C
                         clock pessimism              0.562    38.986    
                         clock uncertainty           -0.091    38.895    
    SLICE_X28Y21         FDCE (Setup_fdce_C_D)        0.029    38.924    neural_net/accumulator_reg[44]
  -------------------------------------------------------------------
                         required time                         38.924    
                         arrival time                         -30.869    
  -------------------------------------------------------------------
                         slack                                  8.055    

Slack (MET) :             8.087ns  (required time - arrival time)
  Source:                 neural_net/hidden_idx_reg[0]/C
                            (rising edge-triggered cell FDCE clocked by clk_out1_clk_wiz_0_1  {rise@0.000ns fall@20.000ns period=40.000ns})
  Destination:            neural_net/accumulator_reg[40]/D
                            (rising edge-triggered cell FDCE clocked by clk_out1_clk_wiz_0_1  {rise@0.000ns fall@20.000ns period=40.000ns})
  Path Group:             clk_out1_clk_wiz_0_1
  Path Type:              Setup (Max at Slow Process Corner)
  Requirement:            40.000ns  (clk_out1_clk_wiz_0_1 rise@40.000ns - clk_out1_clk_wiz_0_1 rise@0.000ns)
  Data Path Delay:        31.710ns  (logic 14.216ns (44.831%)  route 17.494ns (55.169%))
  Logic Levels:           20  (CARRY4=4 DSP48E1=3 LUT2=2 LUT3=1 LUT5=1 LUT6=5 MUXF7=3 MUXF8=1)
  Clock Path Skew:        -0.051ns (DCD - SCD + CPR)
    Destination Clock Delay (DCD):    -1.575ns = ( 38.425 - 40.000 ) 
    Source Clock Delay      (SCD):    -0.962ns
    Clock Pessimism Removal (CPR):    0.562ns
  Clock Uncertainty:      0.091ns  ((TSJ^2 + DJ^2)^1/2) / 2 + PE
    Total System Jitter     (TSJ):    0.071ns
    Discrete Jitter          (DJ):    0.168ns
    Phase Error              (PE):    0.000ns

    Location             Delay type                Incr(ns)  Path(ns)    Netlist Resource(s)
  -------------------------------------------------------------------    -------------------
                         (clock clk_out1_clk_wiz_0_1 rise edge)
                                                      0.000     0.000 r  
    N15                                               0.000     0.000 r  clk_100mhz (IN)
                         net (fo=0)                   0.000     0.000    clk_gen/inst/clk_in1
    N15                  IBUF (Prop_ibuf_I_O)         1.440     1.440 r  clk_gen/inst/clkin1_ibufg/O
                         net (fo=1, routed)           1.233     2.673    clk_gen/inst/clk_in1_clk_wiz_0
    MMCME2_ADV_X0Y0      MMCME2_ADV (Prop_mmcme2_adv_CLKIN1_CLKOUT0)
                                                     -6.965    -4.291 r  clk_gen/inst/mmcm_adv_inst/CLKOUT0
                         net (fo=1, routed)           1.666    -2.625    clk_gen/inst/clk_out1_clk_wiz_0
    BUFGCTRL_X0Y0        BUFG (Prop_bufg_I_O)         0.096    -2.529 r  clk_gen/inst/clkout1_buf/O
                         net (fo=11230, routed)       1.567    -0.962    neural_net/clk_out1
    SLICE_X13Y40         FDCE                                         r  neural_net/hidden_idx_reg[0]/C
  -------------------------------------------------------------------    -------------------
    SLICE_X13Y40         FDCE (Prop_fdce_C_Q)         0.456    -0.506 r  neural_net/hidden_idx_reg[0]/Q
                         net (fo=1581, routed)        1.601     1.095    neural_net/hidden_idx[0]
    DSP48_X1Y16          DSP48E1 (Prop_dsp48e1_A[0]_P[1])
                                                      3.841     4.936 r  neural_net/accumulator3/P[1]
                         net (fo=15636, routed)       4.946     9.883    neural_net/accumulator3_n_104
    SLICE_X40Y144        LUT6 (Prop_lut6_I1_O)        0.124    10.007 r  neural_net/g751_b7/O
                         net (fo=1, routed)           0.000    10.007    neural_net/g751_b7_n_0
    SLICE_X40Y144        MUXF7 (Prop_muxf7_I1_O)      0.245    10.252 r  neural_net/p_2_out__0_i_7732/O
                         net (fo=1, routed)           0.785    11.037    neural_net/p_2_out__0_i_7732_n_0
    SLICE_X41Y145        LUT6 (Prop_lut6_I0_O)        0.298    11.335 r  neural_net/p_2_out__0_i_4679/O
                         net (fo=1, routed)           0.000    11.335    neural_net/p_2_out__0_i_4679_n_0
    SLICE_X41Y145        MUXF7 (Prop_muxf7_I1_O)      0.245    11.580 r  neural_net/p_2_out__0_i_2484/O
                         net (fo=1, routed)           0.000    11.580    neural_net/p_2_out__0_i_2484_n_0
    SLICE_X41Y145        MUXF8 (Prop_muxf8_I0_O)      0.104    11.684 r  neural_net/p_2_out__0_i_1081/O
                         net (fo=1, routed)           0.929    12.613    neural_net/p_2_out__0_i_1081_n_0
    SLICE_X40Y141        LUT6 (Prop_lut6_I0_O)        0.316    12.929 r  neural_net/p_2_out__0_i_546/O
                         net (fo=1, routed)           0.000    12.929    neural_net/p_2_out__0_i_546_n_0
    SLICE_X40Y141        MUXF7 (Prop_muxf7_I1_O)      0.245    13.174 r  neural_net/p_2_out__0_i_278/O
                         net (fo=1, routed)           0.942    14.116    neural_net/p_2_out__0_i_278_n_0
    SLICE_X40Y135        LUT6 (Prop_lut6_I1_O)        0.298    14.414 r  neural_net/p_2_out__0_i_121/O
                         net (fo=1, routed)           0.847    15.261    neural_net/p_2_out__0_i_121_n_0
    SLICE_X27Y131        LUT6 (Prop_lut6_I5_O)        0.124    15.385 r  neural_net/p_2_out__0_i_68/O
                         net (fo=1, routed)           3.012    18.397    neural_net/accumulator2[7]
    SLICE_X28Y44         LUT5 (Prop_lut5_I3_O)        0.124    18.521 r  neural_net/p_2_out__0_i_20/O
                         net (fo=1, routed)           1.598    20.119    neural_net/p_2_out__0_i_20_n_0
    DSP48_X0Y7           DSP48E1 (Prop_dsp48e1_A[7]_PCOUT[47])
                                                      4.036    24.155 r  neural_net/p_2_out__0/PCOUT[47]
                         net (fo=1, routed)           0.002    24.157    neural_net/p_2_out__0_n_106
    DSP48_X0Y8           DSP48E1 (Prop_dsp48e1_PCIN[47]_P[17])
                                                      1.518    25.675 r  neural_net/p_2_out__1/P[17]
                         net (fo=2, routed)           1.048    26.723    neural_net/p_2_out__1_n_88
    SLICE_X9Y20          LUT2 (Prop_lut2_I0_O)        0.124    26.847 r  neural_net/accumulator[39]_i_10/O
                         net (fo=1, routed)           0.000    26.847    neural_net/accumulator[39]_i_10_n_0
    SLICE_X9Y20          CARRY4 (Prop_carry4_S[1]_CO[3])
                                                      0.550    27.397 r  neural_net/accumulator_reg[39]_i_3/CO[3]
                         net (fo=1, routed)           0.000    27.397    neural_net/accumulator_reg[39]_i_3_n_0
    SLICE_X9Y21          CARRY4 (Prop_carry4_CI_O[0])
                                                      0.222    27.619 r  neural_net/accumulator_reg[43]_i_3/O[0]
                         net (fo=2, routed)           0.656    28.275    neural_net/p_2_out__2[37]
    SLICE_X12Y21         LUT2 (Prop_lut2_I0_O)        0.299    28.574 r  neural_net/accumulator[39]_i_6/O
                         net (fo=1, routed)           0.000    28.574    neural_net/accumulator[39]_i_6_n_0
    SLICE_X12Y21         CARRY4 (Prop_carry4_S[1]_CO[3])
                                                      0.533    29.107 r  neural_net/accumulator_reg[39]_i_2/CO[3]
                         net (fo=1, routed)           0.000    29.107    neural_net/accumulator_reg[39]_i_2_n_0
    SLICE_X12Y22         CARRY4 (Prop_carry4_CI_O[0])
                                                      0.219    29.326 r  neural_net/accumulator_reg[43]_i_2/O[0]
                         net (fo=1, routed)           0.608    29.934    neural_net/p_0_in[40]
    SLICE_X13Y22         LUT3 (Prop_lut3_I0_O)        0.295    30.229 r  neural_net/accumulator[40]_i_1/O
                         net (fo=1, routed)           0.519    30.748    neural_net/p_1_in[40]
    SLICE_X13Y22         FDCE                                         r  neural_net/accumulator_reg[40]/D
  -------------------------------------------------------------------    -------------------

                         (clock clk_out1_clk_wiz_0_1 rise edge)
                                                     40.000    40.000 r  
    N15                                               0.000    40.000 r  clk_100mhz (IN)
                         net (fo=0)                   0.000    40.000    clk_gen/inst/clk_in1
    N15                  IBUF (Prop_ibuf_I_O)         1.370    41.370 r  clk_gen/inst/clkin1_ibufg/O
                         net (fo=1, routed)           1.162    42.532    clk_gen/inst/clk_in1_clk_wiz_0
    MMCME2_ADV_X0Y0      MMCME2_ADV (Prop_mmcme2_adv_CLKIN1_CLKOUT0)
                                                     -7.221    35.311 r  clk_gen/inst/mmcm_adv_inst/CLKOUT0
                         net (fo=1, routed)           1.587    36.898    clk_gen/inst/clk_out1_clk_wiz_0
    BUFGCTRL_X0Y0        BUFG (Prop_bufg_I_O)         0.091    36.989 r  clk_gen/inst/clkout1_buf/O
                         net (fo=11230, routed)       1.436    38.425    neural_net/clk_out1
    SLICE_X13Y22         FDCE                                         r  neural_net/accumulator_reg[40]/C
                         clock pessimism              0.562    38.987    
                         clock uncertainty           -0.091    38.896    
    SLICE_X13Y22         FDCE (Setup_fdce_C_D)       -0.061    38.835    neural_net/accumulator_reg[40]
  -------------------------------------------------------------------
                         required time                         38.835    
                         arrival time                         -30.748    
  -------------------------------------------------------------------
                         slack                                  8.087    

Slack (MET) :             8.231ns  (required time - arrival time)
  Source:                 neural_net/hidden_idx_reg[0]/C
                            (rising edge-triggered cell FDCE clocked by clk_out1_clk_wiz_0_1  {rise@0.000ns fall@20.000ns period=40.000ns})
  Destination:            neural_net/accumulator_reg[41]/D
                            (rising edge-triggered cell FDCE clocked by clk_out1_clk_wiz_0_1  {rise@0.000ns fall@20.000ns period=40.000ns})
  Path Group:             clk_out1_clk_wiz_0_1
  Path Type:              Setup (Max at Slow Process Corner)
  Requirement:            40.000ns  (clk_out1_clk_wiz_0_1 rise@40.000ns - clk_out1_clk_wiz_0_1 rise@0.000ns)
  Data Path Delay:        31.664ns  (logic 14.331ns (45.259%)  route 17.333ns (54.741%))
  Logic Levels:           20  (CARRY4=4 DSP48E1=3 LUT2=2 LUT3=1 LUT5=1 LUT6=5 MUXF7=3 MUXF8=1)
  Clock Path Skew:        -0.045ns (DCD - SCD + CPR)
    Destination Clock Delay (DCD):    -1.569ns = ( 38.431 - 40.000 ) 
    Source Clock Delay      (SCD):    -0.962ns
    Clock Pessimism Removal (CPR):    0.562ns
  Clock Uncertainty:      0.091ns  ((TSJ^2 + DJ^2)^1/2) / 2 + PE
    Total System Jitter     (TSJ):    0.071ns
    Discrete Jitter          (DJ):    0.168ns
    Phase Error              (PE):    0.000ns

    Location             Delay type                Incr(ns)  Path(ns)    Netlist Resource(s)
  -------------------------------------------------------------------    -------------------
                         (clock clk_out1_clk_wiz_0_1 rise edge)
                                                      0.000     0.000 r  
    N15                                               0.000     0.000 r  clk_100mhz (IN)
                         net (fo=0)                   0.000     0.000    clk_gen/inst/clk_in1
    N15                  IBUF (Prop_ibuf_I_O)         1.440     1.440 r  clk_gen/inst/clkin1_ibufg/O
                         net (fo=1, routed)           1.233     2.673    clk_gen/inst/clk_in1_clk_wiz_0
    MMCME2_ADV_X0Y0      MMCME2_ADV (Prop_mmcme2_adv_CLKIN1_CLKOUT0)
                                                     -6.965    -4.291 r  clk_gen/inst/mmcm_adv_inst/CLKOUT0
                         net (fo=1, routed)           1.666    -2.625    clk_gen/inst/clk_out1_clk_wiz_0
    BUFGCTRL_X0Y0        BUFG (Prop_bufg_I_O)         0.096    -2.529 r  clk_gen/inst/clkout1_buf/O
                         net (fo=11230, routed)       1.567    -0.962    neural_net/clk_out1
    SLICE_X13Y40         FDCE                                         r  neural_net/hidden_idx_reg[0]/C
  -------------------------------------------------------------------    -------------------
    SLICE_X13Y40         FDCE (Prop_fdce_C_Q)         0.456    -0.506 r  neural_net/hidden_idx_reg[0]/Q
                         net (fo=1581, routed)        1.601     1.095    neural_net/hidden_idx[0]
    DSP48_X1Y16          DSP48E1 (Prop_dsp48e1_A[0]_P[1])
                                                      3.841     4.936 r  neural_net/accumulator3/P[1]
                         net (fo=15636, routed)       4.946     9.883    neural_net/accumulator3_n_104
    SLICE_X40Y144        LUT6 (Prop_lut6_I1_O)        0.124    10.007 r  neural_net/g751_b7/O
                         net (fo=1, routed)           0.000    10.007    neural_net/g751_b7_n_0
    SLICE_X40Y144        MUXF7 (Prop_muxf7_I1_O)      0.245    10.252 r  neural_net/p_2_out__0_i_7732/O
                         net (fo=1, routed)           0.785    11.037    neural_net/p_2_out__0_i_7732_n_0
    SLICE_X41Y145        LUT6 (Prop_lut6_I0_O)        0.298    11.335 r  neural_net/p_2_out__0_i_4679/O
                         net (fo=1, routed)           0.000    11.335    neural_net/p_2_out__0_i_4679_n_0
    SLICE_X41Y145        MUXF7 (Prop_muxf7_I1_O)      0.245    11.580 r  neural_net/p_2_out__0_i_2484/O
                         net (fo=1, routed)           0.000    11.580    neural_net/p_2_out__0_i_2484_n_0
    SLICE_X41Y145        MUXF8 (Prop_muxf8_I0_O)      0.104    11.684 r  neural_net/p_2_out__0_i_1081/O
                         net (fo=1, routed)           0.929    12.613    neural_net/p_2_out__0_i_1081_n_0
    SLICE_X40Y141        LUT6 (Prop_lut6_I0_O)        0.316    12.929 r  neural_net/p_2_out__0_i_546/O
                         net (fo=1, routed)           0.000    12.929    neural_net/p_2_out__0_i_546_n_0
    SLICE_X40Y141        MUXF7 (Prop_muxf7_I1_O)      0.245    13.174 r  neural_net/p_2_out__0_i_278/O
                         net (fo=1, routed)           0.942    14.116    neural_net/p_2_out__0_i_278_n_0
    SLICE_X40Y135        LUT6 (Prop_lut6_I1_O)        0.298    14.414 r  neural_net/p_2_out__0_i_121/O
                         net (fo=1, routed)           0.847    15.261    neural_net/p_2_out__0_i_121_n_0
    SLICE_X27Y131        LUT6 (Prop_lut6_I5_O)        0.124    15.385 r  neural_net/p_2_out__0_i_68/O
                         net (fo=1, routed)           3.012    18.397    neural_net/accumulator2[7]
    SLICE_X28Y44         LUT5 (Prop_lut5_I3_O)        0.124    18.521 r  neural_net/p_2_out__0_i_20/O
                         net (fo=1, routed)           1.598    20.119    neural_net/p_2_out__0_i_20_n_0
    DSP48_X0Y7           DSP48E1 (Prop_dsp48e1_A[7]_PCOUT[47])
                                                      4.036    24.155 r  neural_net/p_2_out__0/PCOUT[47]
                         net (fo=1, routed)           0.002    24.157    neural_net/p_2_out__0_n_106
    DSP48_X0Y8           DSP48E1 (Prop_dsp48e1_PCIN[47]_P[17])
                                                      1.518    25.675 r  neural_net/p_2_out__1/P[17]
                         net (fo=2, routed)           1.048    26.723    neural_net/p_2_out__1_n_88
    SLICE_X9Y20          LUT2 (Prop_lut2_I0_O)        0.124    26.847 r  neural_net/accumulator[39]_i_10/O
                         net (fo=1, routed)           0.000    26.847    neural_net/accumulator[39]_i_10_n_0
    SLICE_X9Y20          CARRY4 (Prop_carry4_S[1]_CO[3])
                                                      0.550    27.397 r  neural_net/accumulator_reg[39]_i_3/CO[3]
                         net (fo=1, routed)           0.000    27.397    neural_net/accumulator_reg[39]_i_3_n_0
    SLICE_X9Y21          CARRY4 (Prop_carry4_CI_O[0])
                                                      0.222    27.619 r  neural_net/accumulator_reg[43]_i_3/O[0]
                         net (fo=2, routed)           0.656    28.275    neural_net/p_2_out__2[37]
    SLICE_X12Y21         LUT2 (Prop_lut2_I0_O)        0.299    28.574 r  neural_net/accumulator[39]_i_6/O
                         net (fo=1, routed)           0.000    28.574    neural_net/accumulator[39]_i_6_n_0
    SLICE_X12Y21         CARRY4 (Prop_carry4_S[1]_CO[3])
                                                      0.533    29.107 r  neural_net/accumulator_reg[39]_i_2/CO[3]
                         net (fo=1, routed)           0.000    29.107    neural_net/accumulator_reg[39]_i_2_n_0
    SLICE_X12Y22         CARRY4 (Prop_carry4_CI_O[1])
                                                      0.323    29.430 r  neural_net/accumulator_reg[43]_i_2/O[1]
                         net (fo=1, routed)           0.966    30.397    neural_net/p_0_in[41]
    SLICE_X28Y13         LUT3 (Prop_lut3_I0_O)        0.306    30.703 r  neural_net/accumulator[41]_i_1/O
                         net (fo=1, routed)           0.000    30.703    neural_net/p_1_in[41]
    SLICE_X28Y13         FDCE                                         r  neural_net/accumulator_reg[41]/D
  -------------------------------------------------------------------    -------------------

                         (clock clk_out1_clk_wiz_0_1 rise edge)
                                                     40.000    40.000 r  
    N15                                               0.000    40.000 r  clk_100mhz (IN)
                         net (fo=0)                   0.000    40.000    clk_gen/inst/clk_in1
    N15                  IBUF (Prop_ibuf_I_O)         1.370    41.370 r  clk_gen/inst/clkin1_ibufg/O
                         net (fo=1, routed)           1.162    42.532    clk_gen/inst/clk_in1_clk_wiz_0
    MMCME2_ADV_X0Y0      MMCME2_ADV (Prop_mmcme2_adv_CLKIN1_CLKOUT0)
                                                     -7.221    35.311 r  clk_gen/inst/mmcm_adv_inst/CLKOUT0
                         net (fo=1, routed)           1.587    36.898    clk_gen/inst/clk_out1_clk_wiz_0
    BUFGCTRL_X0Y0        BUFG (Prop_bufg_I_O)         0.091    36.989 r  clk_gen/inst/clkout1_buf/O
                         net (fo=11230, routed)       1.442    38.431    neural_net/clk_out1
    SLICE_X28Y13         FDCE                                         r  neural_net/accumulator_reg[41]/C
                         clock pessimism              0.562    38.993    
                         clock uncertainty           -0.091    38.902    
    SLICE_X28Y13         FDCE (Setup_fdce_C_D)        0.031    38.933    neural_net/accumulator_reg[41]
  -------------------------------------------------------------------
                         required time                         38.933    
                         arrival time                         -30.703    
  -------------------------------------------------------------------
                         slack                                  8.231    





Min Delay Paths
--------------------------------------------------------------------------------------
Slack (MET) :             0.086ns  (arrival time - required time)
  Source:                 downsampler/output_addr_reg[5]/C
                            (rising edge-triggered cell FDCE clocked by clk_out1_clk_wiz_0_1  {rise@0.000ns fall@20.000ns period=40.000ns})
  Destination:            neural_net/input_mem_reg_768_831_0_2/RAMA/WADR5
                            (rising edge-triggered cell RAMD64E clocked by clk_out1_clk_wiz_0_1  {rise@0.000ns fall@20.000ns period=40.000ns})
  Path Group:             clk_out1_clk_wiz_0_1
  Path Type:              Hold (Min at Fast Process Corner)
  Requirement:            0.000ns  (clk_out1_clk_wiz_0_1 rise@0.000ns - clk_out1_clk_wiz_0_1 rise@0.000ns)
  Data Path Delay:        0.470ns  (logic 0.128ns (27.242%)  route 0.342ns (72.758%))
  Logic Levels:           0  
  Clock Path Skew:        0.267ns (DCD - SCD - CPR)
    Destination Clock Delay (DCD):    -0.876ns
    Source Clock Delay      (SCD):    -0.640ns
    Clock Pessimism Removal (CPR):    -0.503ns

    Location             Delay type                Incr(ns)  Path(ns)    Netlist Resource(s)
  -------------------------------------------------------------------    -------------------
                         (clock clk_out1_clk_wiz_0_1 rise edge)
                                                      0.000     0.000 r  
    N15                                               0.000     0.000 r  clk_100mhz (IN)
                         net (fo=0)                   0.000     0.000    clk_gen/inst/clk_in1
    N15                  IBUF (Prop_ibuf_I_O)         0.209     0.209 r  clk_gen/inst/clkin1_ibufg/O
                         net (fo=1, routed)           0.440     0.649    clk_gen/inst/clk_in1_clk_wiz_0
    MMCME2_ADV_X0Y0      MMCME2_ADV (Prop_mmcme2_adv_CLKIN1_CLKOUT0)
                                                     -2.362    -1.714 r  clk_gen/inst/mmcm_adv_inst/CLKOUT0
                         net (fo=1, routed)           0.489    -1.225    clk_gen/inst/clk_out1_clk_wiz_0
    BUFGCTRL_X0Y0        BUFG (Prop_bufg_I_O)         0.026    -1.199 r  clk_gen/inst/clkout1_buf/O
                         net (fo=11230, routed)       0.559    -0.640    downsampler/clk_out1
    SLICE_X37Y35         FDCE                                         r  downsampler/output_addr_reg[5]/C
  -------------------------------------------------------------------    -------------------
    SLICE_X37Y35         FDCE (Prop_fdce_C_Q)         0.128    -0.512 r  downsampler/output_addr_reg[5]/Q
                         net (fo=198, routed)         0.342    -0.170    neural_net/input_mem_reg_768_831_0_2/ADDRD5
    SLICE_X30Y40         RAMD64E                                      r  neural_net/input_mem_reg_768_831_0_2/RAMA/WADR5
  -------------------------------------------------------------------    -------------------

                         (clock clk_out1_clk_wiz_0_1 rise edge)
                                                      0.000     0.000 r  
    N15                                               0.000     0.000 r  clk_100mhz (IN)
                         net (fo=0)                   0.000     0.000    clk_gen/inst/clk_in1
    N15                  IBUF (Prop_ibuf_I_O)         0.396     0.396 r  clk_gen/inst/clkin1_ibufg/O
                         net (fo=1, routed)           0.480     0.876    clk_gen/inst/clk_in1_clk_wiz_0
    MMCME2_ADV_X0Y0      MMCME2_ADV (Prop_mmcme2_adv_CLKIN1_CLKOUT0)
                                                     -3.145    -2.269 r  clk_gen/inst/mmcm_adv_inst/CLKOUT0
                         net (fo=1, routed)           0.534    -1.735    clk_gen/inst/clk_out1_clk_wiz_0
    BUFGCTRL_X0Y0        BUFG (Prop_bufg_I_O)         0.029    -1.706 r  clk_gen/inst/clkout1_buf/O
                         net (fo=11230, routed)       0.831    -0.876    neural_net/input_mem_reg_768_831_0_2/WCLK
    SLICE_X30Y40         RAMD64E                                      r  neural_net/input_mem_reg_768_831_0_2/RAMA/CLK
                         clock pessimism              0.503    -0.373    
    SLICE_X30Y40         RAMD64E (Hold_ramd64e_CLK_WADR5)
                                                      0.117    -0.256    neural_net/input_mem_reg_768_831_0_2/RAMA
  -------------------------------------------------------------------
                         required time                          0.256    
                         arrival time                          -0.170    
  -------------------------------------------------------------------
                         slack                                  0.086    

Slack (MET) :             0.086ns  (arrival time - required time)
  Source:                 downsampler/output_addr_reg[5]/C
                            (rising edge-triggered cell FDCE clocked by clk_out1_clk_wiz_0_1  {rise@0.000ns fall@20.000ns period=40.000ns})
  Destination:            neural_net/input_mem_reg_768_831_0_2/RAMB/WADR5
                            (rising edge-triggered cell RAMD64E clocked by clk_out1_clk_wiz_0_1  {rise@0.000ns fall@20.000ns period=40.000ns})
  Path Group:             clk_out1_clk_wiz_0_1
  Path Type:              Hold (Min at Fast Process Corner)
  Requirement:            0.000ns  (clk_out1_clk_wiz_0_1 rise@0.000ns - clk_out1_clk_wiz_0_1 rise@0.000ns)
  Data Path Delay:        0.470ns  (logic 0.128ns (27.242%)  route 0.342ns (72.758%))
  Logic Levels:           0  
  Clock Path Skew:        0.267ns (DCD - SCD - CPR)
    Destination Clock Delay (DCD):    -0.876ns
    Source Clock Delay      (SCD):    -0.640ns
    Clock Pessimism Removal (CPR):    -0.503ns

    Location             Delay type                Incr(ns)  Path(ns)    Netlist Resource(s)
  -------------------------------------------------------------------    -------------------
                         (clock clk_out1_clk_wiz_0_1 rise edge)
                                                      0.000     0.000 r  
    N15                                               0.000     0.000 r  clk_100mhz (IN)
                         net (fo=0)                   0.000     0.000    clk_gen/inst/clk_in1
    N15                  IBUF (Prop_ibuf_I_O)         0.209     0.209 r  clk_gen/inst/clkin1_ibufg/O
                         net (fo=1, routed)           0.440     0.649    clk_gen/inst/clk_in1_clk_wiz_0
    MMCME2_ADV_X0Y0      MMCME2_ADV (Prop_mmcme2_adv_CLKIN1_CLKOUT0)
                                                     -2.362    -1.714 r  clk_gen/inst/mmcm_adv_inst/CLKOUT0
                         net (fo=1, routed)           0.489    -1.225    clk_gen/inst/clk_out1_clk_wiz_0
    BUFGCTRL_X0Y0        BUFG (Prop_bufg_I_O)         0.026    -1.199 r  clk_gen/inst/clkout1_buf/O
                         net (fo=11230, routed)       0.559    -0.640    downsampler/clk_out1
    SLICE_X37Y35         FDCE                                         r  downsampler/output_addr_reg[5]/C
  -------------------------------------------------------------------    -------------------
    SLICE_X37Y35         FDCE (Prop_fdce_C_Q)         0.128    -0.512 r  downsampler/output_addr_reg[5]/Q
                         net (fo=198, routed)         0.342    -0.170    neural_net/input_mem_reg_768_831_0_2/ADDRD5
    SLICE_X30Y40         RAMD64E                                      r  neural_net/input_mem_reg_768_831_0_2/RAMB/WADR5
  -------------------------------------------------------------------    -------------------

                         (clock clk_out1_clk_wiz_0_1 rise edge)
                                                      0.000     0.000 r  
    N15                                               0.000     0.000 r  clk_100mhz (IN)
                         net (fo=0)                   0.000     0.000    clk_gen/inst/clk_in1
    N15                  IBUF (Prop_ibuf_I_O)         0.396     0.396 r  clk_gen/inst/clkin1_ibufg/O
                         net (fo=1, routed)           0.480     0.876    clk_gen/inst/clk_in1_clk_wiz_0
    MMCME2_ADV_X0Y0      MMCME2_ADV (Prop_mmcme2_adv_CLKIN1_CLKOUT0)
                                                     -3.145    -2.269 r  clk_gen/inst/mmcm_adv_inst/CLKOUT0
                         net (fo=1, routed)           0.534    -1.735    clk_gen/inst/clk_out1_clk_wiz_0
    BUFGCTRL_X0Y0        BUFG (Prop_bufg_I_O)         0.029    -1.706 r  clk_gen/inst/clkout1_buf/O
                         net (fo=11230, routed)       0.831    -0.876    neural_net/input_mem_reg_768_831_0_2/WCLK
    SLICE_X30Y40         RAMD64E                                      r  neural_net/input_mem_reg_768_831_0_2/RAMB/CLK
                         clock pessimism              0.503    -0.373    
    SLICE_X30Y40         RAMD64E (Hold_ramd64e_CLK_WADR5)
                                                      0.117    -0.256    neural_net/input_mem_reg_768_831_0_2/RAMB
  -------------------------------------------------------------------
                         required time                          0.256    
                         arrival time                          -0.170    
  -------------------------------------------------------------------
                         slack                                  0.086    

Slack (MET) :             0.086ns  (arrival time - required time)
  Source:                 downsampler/output_addr_reg[5]/C
                            (rising edge-triggered cell FDCE clocked by clk_out1_clk_wiz_0_1  {rise@0.000ns fall@20.000ns period=40.000ns})
  Destination:            neural_net/input_mem_reg_768_831_0_2/RAMC/WADR5
                            (rising edge-triggered cell RAMD64E clocked by clk_out1_clk_wiz_0_1  {rise@0.000ns fall@20.000ns period=40.000ns})
  Path Group:             clk_out1_clk_wiz_0_1
  Path Type:              Hold (Min at Fast Process Corner)
  Requirement:            0.000ns  (clk_out1_clk_wiz_0_1 rise@0.000ns - clk_out1_clk_wiz_0_1 rise@0.000ns)
  Data Path Delay:        0.470ns  (logic 0.128ns (27.242%)  route 0.342ns (72.758%))
  Logic Levels:           0  
  Clock Path Skew:        0.267ns (DCD - SCD - CPR)
    Destination Clock Delay (DCD):    -0.876ns
    Source Clock Delay      (SCD):    -0.640ns
    Clock Pessimism Removal (CPR):    -0.503ns

    Location             Delay type                Incr(ns)  Path(ns)    Netlist Resource(s)
  -------------------------------------------------------------------    -------------------
                         (clock clk_out1_clk_wiz_0_1 rise edge)
                                                      0.000     0.000 r  
    N15                                               0.000     0.000 r  clk_100mhz (IN)
                         net (fo=0)                   0.000     0.000    clk_gen/inst/clk_in1
    N15                  IBUF (Prop_ibuf_I_O)         0.209     0.209 r  clk_gen/inst/clkin1_ibufg/O
                         net (fo=1, routed)           0.440     0.649    clk_gen/inst/clk_in1_clk_wiz_0
    MMCME2_ADV_X0Y0      MMCME2_ADV (Prop_mmcme2_adv_CLKIN1_CLKOUT0)
                                                     -2.362    -1.714 r  clk_gen/inst/mmcm_adv_inst/CLKOUT0
                         net (fo=1, routed)           0.489    -1.225    clk_gen/inst/clk_out1_clk_wiz_0
    BUFGCTRL_X0Y0        BUFG (Prop_bufg_I_O)         0.026    -1.199 r  clk_gen/inst/clkout1_buf/O
                         net (fo=11230, routed)       0.559    -0.640    downsampler/clk_out1
    SLICE_X37Y35         FDCE                                         r  downsampler/output_addr_reg[5]/C
  -------------------------------------------------------------------    -------------------
    SLICE_X37Y35         FDCE (Prop_fdce_C_Q)         0.128    -0.512 r  downsampler/output_addr_reg[5]/Q
                         net (fo=198, routed)         0.342    -0.170    neural_net/input_mem_reg_768_831_0_2/ADDRD5
    SLICE_X30Y40         RAMD64E                                      r  neural_net/input_mem_reg_768_831_0_2/RAMC/WADR5
  -------------------------------------------------------------------    -------------------

                         (clock clk_out1_clk_wiz_0_1 rise edge)
                                                      0.000     0.000 r  
    N15                                               0.000     0.000 r  clk_100mhz (IN)
                         net (fo=0)                   0.000     0.000    clk_gen/inst/clk_in1
    N15                  IBUF (Prop_ibuf_I_O)         0.396     0.396 r  clk_gen/inst/clkin1_ibufg/O
                         net (fo=1, routed)           0.480     0.876    clk_gen/inst/clk_in1_clk_wiz_0
    MMCME2_ADV_X0Y0      MMCME2_ADV (Prop_mmcme2_adv_CLKIN1_CLKOUT0)
                                                     -3.145    -2.269 r  clk_gen/inst/mmcm_adv_inst/CLKOUT0
                         net (fo=1, routed)           0.534    -1.735    clk_gen/inst/clk_out1_clk_wiz_0
    BUFGCTRL_X0Y0        BUFG (Prop_bufg_I_O)         0.029    -1.706 r  clk_gen/inst/clkout1_buf/O
                         net (fo=11230, routed)       0.831    -0.876    neural_net/input_mem_reg_768_831_0_2/WCLK
    SLICE_X30Y40         RAMD64E                                      r  neural_net/input_mem_reg_768_831_0_2/RAMC/CLK
                         clock pessimism              0.503    -0.373    
    SLICE_X30Y40         RAMD64E (Hold_ramd64e_CLK_WADR5)
                                                      0.117    -0.256    neural_net/input_mem_reg_768_831_0_2/RAMC
  -------------------------------------------------------------------
                         required time                          0.256    
                         arrival time                          -0.170    
  -------------------------------------------------------------------
                         slack                                  0.086    

Slack (MET) :             0.086ns  (arrival time - required time)
  Source:                 downsampler/output_addr_reg[5]/C
                            (rising edge-triggered cell FDCE clocked by clk_out1_clk_wiz_0_1  {rise@0.000ns fall@20.000ns period=40.000ns})
  Destination:            neural_net/input_mem_reg_768_831_0_2/RAMD/WADR5
                            (rising edge-triggered cell RAMD64E clocked by clk_out1_clk_wiz_0_1  {rise@0.000ns fall@20.000ns period=40.000ns})
  Path Group:             clk_out1_clk_wiz_0_1
  Path Type:              Hold (Min at Fast Process Corner)
  Requirement:            0.000ns  (clk_out1_clk_wiz_0_1 rise@0.000ns - clk_out1_clk_wiz_0_1 rise@0.000ns)
  Data Path Delay:        0.470ns  (logic 0.128ns (27.242%)  route 0.342ns (72.758%))
  Logic Levels:           0  
  Clock Path Skew:        0.267ns (DCD - SCD - CPR)
    Destination Clock Delay (DCD):    -0.876ns
    Source Clock Delay      (SCD):    -0.640ns
    Clock Pessimism Removal (CPR):    -0.503ns

    Location             Delay type                Incr(ns)  Path(ns)    Netlist Resource(s)
  -------------------------------------------------------------------    -------------------
                         (clock clk_out1_clk_wiz_0_1 rise edge)
                                                      0.000     0.000 r  
    N15                                               0.000     0.000 r  clk_100mhz (IN)
                         net (fo=0)                   0.000     0.000    clk_gen/inst/clk_in1
    N15                  IBUF (Prop_ibuf_I_O)         0.209     0.209 r  clk_gen/inst/clkin1_ibufg/O
                         net (fo=1, routed)           0.440     0.649    clk_gen/inst/clk_in1_clk_wiz_0
    MMCME2_ADV_X0Y0      MMCME2_ADV (Prop_mmcme2_adv_CLKIN1_CLKOUT0)
                                                     -2.362    -1.714 r  clk_gen/inst/mmcm_adv_inst/CLKOUT0
                         net (fo=1, routed)           0.489    -1.225    clk_gen/inst/clk_out1_clk_wiz_0
    BUFGCTRL_X0Y0        BUFG (Prop_bufg_I_O)         0.026    -1.199 r  clk_gen/inst/clkout1_buf/O
                         net (fo=11230, routed)       0.559    -0.640    downsampler/clk_out1
    SLICE_X37Y35         FDCE                                         r  downsampler/output_addr_reg[5]/C
  -------------------------------------------------------------------    -------------------
    SLICE_X37Y35         FDCE (Prop_fdce_C_Q)         0.128    -0.512 r  downsampler/output_addr_reg[5]/Q
                         net (fo=198, routed)         0.342    -0.170    neural_net/input_mem_reg_768_831_0_2/ADDRD5
    SLICE_X30Y40         RAMD64E                                      r  neural_net/input_mem_reg_768_831_0_2/RAMD/WADR5
  -------------------------------------------------------------------    -------------------

                         (clock clk_out1_clk_wiz_0_1 rise edge)
                                                      0.000     0.000 r  
    N15                                               0.000     0.000 r  clk_100mhz (IN)
                         net (fo=0)                   0.000     0.000    clk_gen/inst/clk_in1
    N15                  IBUF (Prop_ibuf_I_O)         0.396     0.396 r  clk_gen/inst/clkin1_ibufg/O
                         net (fo=1, routed)           0.480     0.876    clk_gen/inst/clk_in1_clk_wiz_0
    MMCME2_ADV_X0Y0      MMCME2_ADV (Prop_mmcme2_adv_CLKIN1_CLKOUT0)
                                                     -3.145    -2.269 r  clk_gen/inst/mmcm_adv_inst/CLKOUT0
                         net (fo=1, routed)           0.534    -1.735    clk_gen/inst/clk_out1_clk_wiz_0
    BUFGCTRL_X0Y0        BUFG (Prop_bufg_I_O)         0.029    -1.706 r  clk_gen/inst/clkout1_buf/O
                         net (fo=11230, routed)       0.831    -0.876    neural_net/input_mem_reg_768_831_0_2/WCLK
    SLICE_X30Y40         RAMD64E                                      r  neural_net/input_mem_reg_768_831_0_2/RAMD/CLK
                         clock pessimism              0.503    -0.373    
    SLICE_X30Y40         RAMD64E (Hold_ramd64e_CLK_WADR5)
                                                      0.117    -0.256    neural_net/input_mem_reg_768_831_0_2/RAMD
  -------------------------------------------------------------------
                         required time                          0.256    
                         arrival time                          -0.170    
  -------------------------------------------------------------------
                         slack                                  0.086    

Slack (MET) :             0.097ns  (arrival time - required time)
  Source:                 downsampler/output_addr_reg[1]/C
                            (rising edge-triggered cell FDCE clocked by clk_out1_clk_wiz_0_1  {rise@0.000ns fall@20.000ns period=40.000ns})
  Destination:            neural_net/input_mem_reg_768_831_0_2/RAMA/WADR1
                            (rising edge-triggered cell RAMD64E clocked by clk_out1_clk_wiz_0_1  {rise@0.000ns fall@20.000ns period=40.000ns})
  Path Group:             clk_out1_clk_wiz_0_1
  Path Type:              Hold (Min at Fast Process Corner)
  Requirement:            0.000ns  (clk_out1_clk_wiz_0_1 rise@0.000ns - clk_out1_clk_wiz_0_1 rise@0.000ns)
  Data Path Delay:        0.674ns  (logic 0.141ns (20.934%)  route 0.533ns (79.066%))
  Logic Levels:           0  
  Clock Path Skew:        0.268ns (DCD - SCD - CPR)
    Destination Clock Delay (DCD):    -0.876ns
    Source Clock Delay      (SCD):    -0.641ns
    Clock Pessimism Removal (CPR):    -0.503ns

    Location             Delay type                Incr(ns)  Path(ns)    Netlist Resource(s)
  -------------------------------------------------------------------    -------------------
                         (clock clk_out1_clk_wiz_0_1 rise edge)
                                                      0.000     0.000 r  
    N15                                               0.000     0.000 r  clk_100mhz (IN)
                         net (fo=0)                   0.000     0.000    clk_gen/inst/clk_in1
    N15                  IBUF (Prop_ibuf_I_O)         0.209     0.209 r  clk_gen/inst/clkin1_ibufg/O
                         net (fo=1, routed)           0.440     0.649    clk_gen/inst/clk_in1_clk_wiz_0
    MMCME2_ADV_X0Y0      MMCME2_ADV (Prop_mmcme2_adv_CLKIN1_CLKOUT0)
                                                     -2.362    -1.714 r  clk_gen/inst/mmcm_adv_inst/CLKOUT0
                         net (fo=1, routed)           0.489    -1.225    clk_gen/inst/clk_out1_clk_wiz_0
    BUFGCTRL_X0Y0        BUFG (Prop_bufg_I_O)         0.026    -1.199 r  clk_gen/inst/clkout1_buf/O
                         net (fo=11230, routed)       0.558    -0.641    downsampler/clk_out1
    SLICE_X39Y33         FDCE                                         r  downsampler/output_addr_reg[1]/C
  -------------------------------------------------------------------    -------------------
    SLICE_X39Y33         FDCE (Prop_fdce_C_Q)         0.141    -0.500 r  downsampler/output_addr_reg[1]/Q
                         net (fo=201, routed)         0.533     0.032    neural_net/input_mem_reg_768_831_0_2/ADDRD1
    SLICE_X30Y40         RAMD64E                                      r  neural_net/input_mem_reg_768_831_0_2/RAMA/WADR1
  -------------------------------------------------------------------    -------------------

                         (clock clk_out1_clk_wiz_0_1 rise edge)
                                                      0.000     0.000 r  
    N15                                               0.000     0.000 r  clk_100mhz (IN)
                         net (fo=0)                   0.000     0.000    clk_gen/inst/clk_in1
    N15                  IBUF (Prop_ibuf_I_O)         0.396     0.396 r  clk_gen/inst/clkin1_ibufg/O
                         net (fo=1, routed)           0.480     0.876    clk_gen/inst/clk_in1_clk_wiz_0
    MMCME2_ADV_X0Y0      MMCME2_ADV (Prop_mmcme2_adv_CLKIN1_CLKOUT0)
                                                     -3.145    -2.269 r  clk_gen/inst/mmcm_adv_inst/CLKOUT0
                         net (fo=1, routed)           0.534    -1.735    clk_gen/inst/clk_out1_clk_wiz_0
    BUFGCTRL_X0Y0        BUFG (Prop_bufg_I_O)         0.029    -1.706 r  clk_gen/inst/clkout1_buf/O
                         net (fo=11230, routed)       0.831    -0.876    neural_net/input_mem_reg_768_831_0_2/WCLK
    SLICE_X30Y40         RAMD64E                                      r  neural_net/input_mem_reg_768_831_0_2/RAMA/CLK
                         clock pessimism              0.503    -0.373    
    SLICE_X30Y40         RAMD64E (Hold_ramd64e_CLK_WADR1)
                                                      0.309    -0.064    neural_net/input_mem_reg_768_831_0_2/RAMA
  -------------------------------------------------------------------
                         required time                          0.064    
                         arrival time                           0.032    
  -------------------------------------------------------------------
                         slack                                  0.097    

Slack (MET) :             0.097ns  (arrival time - required time)
  Source:                 downsampler/output_addr_reg[1]/C
                            (rising edge-triggered cell FDCE clocked by clk_out1_clk_wiz_0_1  {rise@0.000ns fall@20.000ns period=40.000ns})
  Destination:            neural_net/input_mem_reg_768_831_0_2/RAMB/WADR1
                            (rising edge-triggered cell RAMD64E clocked by clk_out1_clk_wiz_0_1  {rise@0.000ns fall@20.000ns period=40.000ns})
  Path Group:             clk_out1_clk_wiz_0_1
  Path Type:              Hold (Min at Fast Process Corner)
  Requirement:            0.000ns  (clk_out1_clk_wiz_0_1 rise@0.000ns - clk_out1_clk_wiz_0_1 rise@0.000ns)
  Data Path Delay:        0.674ns  (logic 0.141ns (20.934%)  route 0.533ns (79.066%))
  Logic Levels:           0  
  Clock Path Skew:        0.268ns (DCD - SCD - CPR)
    Destination Clock Delay (DCD):    -0.876ns
    Source Clock Delay      (SCD):    -0.641ns
    Clock Pessimism Removal (CPR):    -0.503ns

    Location             Delay type                Incr(ns)  Path(ns)    Netlist Resource(s)
  -------------------------------------------------------------------    -------------------
                         (clock clk_out1_clk_wiz_0_1 rise edge)
                                                      0.000     0.000 r  
    N15                                               0.000     0.000 r  clk_100mhz (IN)
                         net (fo=0)                   0.000     0.000    clk_gen/inst/clk_in1
    N15                  IBUF (Prop_ibuf_I_O)         0.209     0.209 r  clk_gen/inst/clkin1_ibufg/O
                         net (fo=1, routed)           0.440     0.649    clk_gen/inst/clk_in1_clk_wiz_0
    MMCME2_ADV_X0Y0      MMCME2_ADV (Prop_mmcme2_adv_CLKIN1_CLKOUT0)
                                                     -2.362    -1.714 r  clk_gen/inst/mmcm_adv_inst/CLKOUT0
                         net (fo=1, routed)           0.489    -1.225    clk_gen/inst/clk_out1_clk_wiz_0
    BUFGCTRL_X0Y0        BUFG (Prop_bufg_I_O)         0.026    -1.199 r  clk_gen/inst/clkout1_buf/O
                         net (fo=11230, routed)       0.558    -0.641    downsampler/clk_out1
    SLICE_X39Y33         FDCE                                         r  downsampler/output_addr_reg[1]/C
  -------------------------------------------------------------------    -------------------
    SLICE_X39Y33         FDCE (Prop_fdce_C_Q)         0.141    -0.500 r  downsampler/output_addr_reg[1]/Q
                         net (fo=201, routed)         0.533     0.032    neural_net/input_mem_reg_768_831_0_2/ADDRD1
    SLICE_X30Y40         RAMD64E                                      r  neural_net/input_mem_reg_768_831_0_2/RAMB/WADR1
  -------------------------------------------------------------------    -------------------

                         (clock clk_out1_clk_wiz_0_1 rise edge)
                                                      0.000     0.000 r  
    N15                                               0.000     0.000 r  clk_100mhz (IN)
                         net (fo=0)                   0.000     0.000    clk_gen/inst/clk_in1
    N15                  IBUF (Prop_ibuf_I_O)         0.396     0.396 r  clk_gen/inst/clkin1_ibufg/O
                         net (fo=1, routed)           0.480     0.876    clk_gen/inst/clk_in1_clk_wiz_0
    MMCME2_ADV_X0Y0      MMCME2_ADV (Prop_mmcme2_adv_CLKIN1_CLKOUT0)
                                                     -3.145    -2.269 r  clk_gen/inst/mmcm_adv_inst/CLKOUT0
                         net (fo=1, routed)           0.534    -1.735    clk_gen/inst/clk_out1_clk_wiz_0
    BUFGCTRL_X0Y0        BUFG (Prop_bufg_I_O)         0.029    -1.706 r  clk_gen/inst/clkout1_buf/O
                         net (fo=11230, routed)       0.831    -0.876    neural_net/input_mem_reg_768_831_0_2/WCLK
    SLICE_X30Y40         RAMD64E                                      r  neural_net/input_mem_reg_768_831_0_2/RAMB/CLK
                         clock pessimism              0.503    -0.373    
    SLICE_X30Y40         RAMD64E (Hold_ramd64e_CLK_WADR1)
                                                      0.309    -0.064    neural_net/input_mem_reg_768_831_0_2/RAMB
  -------------------------------------------------------------------
                         required time                          0.064    
                         arrival time                           0.032    
  -------------------------------------------------------------------
                         slack                                  0.097    

Slack (MET) :             0.097ns  (arrival time - required time)
  Source:                 downsampler/output_addr_reg[1]/C
                            (rising edge-triggered cell FDCE clocked by clk_out1_clk_wiz_0_1  {rise@0.000ns fall@20.000ns period=40.000ns})
  Destination:            neural_net/input_mem_reg_768_831_0_2/RAMC/WADR1
                            (rising edge-triggered cell RAMD64E clocked by clk_out1_clk_wiz_0_1  {rise@0.000ns fall@20.000ns period=40.000ns})
  Path Group:             clk_out1_clk_wiz_0_1
  Path Type:              Hold (Min at Fast Process Corner)
  Requirement:            0.000ns  (clk_out1_clk_wiz_0_1 rise@0.000ns - clk_out1_clk_wiz_0_1 rise@0.000ns)
  Data Path Delay:        0.674ns  (logic 0.141ns (20.934%)  route 0.533ns (79.066%))
  Logic Levels:           0  
  Clock Path Skew:        0.268ns (DCD - SCD - CPR)
    Destination Clock Delay (DCD):    -0.876ns
    Source Clock Delay      (SCD):    -0.641ns
    Clock Pessimism Removal (CPR):    -0.503ns

    Location             Delay type                Incr(ns)  Path(ns)    Netlist Resource(s)
  -------------------------------------------------------------------    -------------------
                         (clock clk_out1_clk_wiz_0_1 rise edge)
                                                      0.000     0.000 r  
    N15                                               0.000     0.000 r  clk_100mhz (IN)
                         net (fo=0)                   0.000     0.000    clk_gen/inst/clk_in1
    N15                  IBUF (Prop_ibuf_I_O)         0.209     0.209 r  clk_gen/inst/clkin1_ibufg/O
                         net (fo=1, routed)           0.440     0.649    clk_gen/inst/clk_in1_clk_wiz_0
    MMCME2_ADV_X0Y0      MMCME2_ADV (Prop_mmcme2_adv_CLKIN1_CLKOUT0)
                                                     -2.362    -1.714 r  clk_gen/inst/mmcm_adv_inst/CLKOUT0
                         net (fo=1, routed)           0.489    -1.225    clk_gen/inst/clk_out1_clk_wiz_0
    BUFGCTRL_X0Y0        BUFG (Prop_bufg_I_O)         0.026    -1.199 r  clk_gen/inst/clkout1_buf/O
                         net (fo=11230, routed)       0.558    -0.641    downsampler/clk_out1
    SLICE_X39Y33         FDCE                                         r  downsampler/output_addr_reg[1]/C
  -------------------------------------------------------------------    -------------------
    SLICE_X39Y33         FDCE (Prop_fdce_C_Q)         0.141    -0.500 r  downsampler/output_addr_reg[1]/Q
                         net (fo=201, routed)         0.533     0.032    neural_net/input_mem_reg_768_831_0_2/ADDRD1
    SLICE_X30Y40         RAMD64E                                      r  neural_net/input_mem_reg_768_831_0_2/RAMC/WADR1
  -------------------------------------------------------------------    -------------------

                         (clock clk_out1_clk_wiz_0_1 rise edge)
                                                      0.000     0.000 r  
    N15                                               0.000     0.000 r  clk_100mhz (IN)
                         net (fo=0)                   0.000     0.000    clk_gen/inst/clk_in1
    N15                  IBUF (Prop_ibuf_I_O)         0.396     0.396 r  clk_gen/inst/clkin1_ibufg/O
                         net (fo=1, routed)           0.480     0.876    clk_gen/inst/clk_in1_clk_wiz_0
    MMCME2_ADV_X0Y0      MMCME2_ADV (Prop_mmcme2_adv_CLKIN1_CLKOUT0)
                                                     -3.145    -2.269 r  clk_gen/inst/mmcm_adv_inst/CLKOUT0
                         net (fo=1, routed)           0.534    -1.735    clk_gen/inst/clk_out1_clk_wiz_0
    BUFGCTRL_X0Y0        BUFG (Prop_bufg_I_O)         0.029    -1.706 r  clk_gen/inst/clkout1_buf/O
                         net (fo=11230, routed)       0.831    -0.876    neural_net/input_mem_reg_768_831_0_2/WCLK
    SLICE_X30Y40         RAMD64E                                      r  neural_net/input_mem_reg_768_831_0_2/RAMC/CLK
                         clock pessimism              0.503    -0.373    
    SLICE_X30Y40         RAMD64E (Hold_ramd64e_CLK_WADR1)
                                                      0.309    -0.064    neural_net/input_mem_reg_768_831_0_2/RAMC
  -------------------------------------------------------------------
                         required time                          0.064    
                         arrival time                           0.032    
  -------------------------------------------------------------------
                         slack                                  0.097    

Slack (MET) :             0.097ns  (arrival time - required time)
  Source:                 downsampler/output_addr_reg[1]/C
                            (rising edge-triggered cell FDCE clocked by clk_out1_clk_wiz_0_1  {rise@0.000ns fall@20.000ns period=40.000ns})
  Destination:            neural_net/input_mem_reg_768_831_0_2/RAMD/WADR1
                            (rising edge-triggered cell RAMD64E clocked by clk_out1_clk_wiz_0_1  {rise@0.000ns fall@20.000ns period=40.000ns})
  Path Group:             clk_out1_clk_wiz_0_1
  Path Type:              Hold (Min at Fast Process Corner)
  Requirement:            0.000ns  (clk_out1_clk_wiz_0_1 rise@0.000ns - clk_out1_clk_wiz_0_1 rise@0.000ns)
  Data Path Delay:        0.674ns  (logic 0.141ns (20.934%)  route 0.533ns (79.066%))
  Logic Levels:           0  
  Clock Path Skew:        0.268ns (DCD - SCD - CPR)
    Destination Clock Delay (DCD):    -0.876ns
    Source Clock Delay      (SCD):    -0.641ns
    Clock Pessimism Removal (CPR):    -0.503ns

    Location             Delay type                Incr(ns)  Path(ns)    Netlist Resource(s)
  -------------------------------------------------------------------    -------------------
                         (clock clk_out1_clk_wiz_0_1 rise edge)
                                                      0.000     0.000 r  
    N15                                               0.000     0.000 r  clk_100mhz (IN)
                         net (fo=0)                   0.000     0.000    clk_gen/inst/clk_in1
    N15                  IBUF (Prop_ibuf_I_O)         0.209     0.209 r  clk_gen/inst/clkin1_ibufg/O
                         net (fo=1, routed)           0.440     0.649    clk_gen/inst/clk_in1_clk_wiz_0
    MMCME2_ADV_X0Y0      MMCME2_ADV (Prop_mmcme2_adv_CLKIN1_CLKOUT0)
                                                     -2.362    -1.714 r  clk_gen/inst/mmcm_adv_inst/CLKOUT0
                         net (fo=1, routed)           0.489    -1.225    clk_gen/inst/clk_out1_clk_wiz_0
    BUFGCTRL_X0Y0        BUFG (Prop_bufg_I_O)         0.026    -1.199 r  clk_gen/inst/clkout1_buf/O
                         net (fo=11230, routed)       0.558    -0.641    downsampler/clk_out1
    SLICE_X39Y33         FDCE                                         r  downsampler/output_addr_reg[1]/C
  -------------------------------------------------------------------    -------------------
    SLICE_X39Y33         FDCE (Prop_fdce_C_Q)         0.141    -0.500 r  downsampler/output_addr_reg[1]/Q
                         net (fo=201, routed)         0.533     0.032    neural_net/input_mem_reg_768_831_0_2/ADDRD1
    SLICE_X30Y40         RAMD64E                                      r  neural_net/input_mem_reg_768_831_0_2/RAMD/WADR1
  -------------------------------------------------------------------    -------------------

                         (clock clk_out1_clk_wiz_0_1 rise edge)
                                                      0.000     0.000 r  
    N15                                               0.000     0.000 r  clk_100mhz (IN)
                         net (fo=0)                   0.000     0.000    clk_gen/inst/clk_in1
    N15                  IBUF (Prop_ibuf_I_O)         0.396     0.396 r  clk_gen/inst/clkin1_ibufg/O
                         net (fo=1, routed)           0.480     0.876    clk_gen/inst/clk_in1_clk_wiz_0
    MMCME2_ADV_X0Y0      MMCME2_ADV (Prop_mmcme2_adv_CLKIN1_CLKOUT0)
                                                     -3.145    -2.269 r  clk_gen/inst/mmcm_adv_inst/CLKOUT0
                         net (fo=1, routed)           0.534    -1.735    clk_gen/inst/clk_out1_clk_wiz_0
    BUFGCTRL_X0Y0        BUFG (Prop_bufg_I_O)         0.029    -1.706 r  clk_gen/inst/clkout1_buf/O
                         net (fo=11230, routed)       0.831    -0.876    neural_net/input_mem_reg_768_831_0_2/WCLK
    SLICE_X30Y40         RAMD64E                                      r  neural_net/input_mem_reg_768_831_0_2/RAMD/CLK
                         clock pessimism              0.503    -0.373    
    SLICE_X30Y40         RAMD64E (Hold_ramd64e_CLK_WADR1)
                                                      0.309    -0.064    neural_net/input_mem_reg_768_831_0_2/RAMD
  -------------------------------------------------------------------
                         required time                          0.064    
                         arrival time                           0.032    
  -------------------------------------------------------------------
                         slack                                  0.097    

Slack (MET) :             0.122ns  (arrival time - required time)
  Source:                 neural_net/accumulator_reg[33]/C
                            (rising edge-triggered cell FDCE clocked by clk_out1_clk_wiz_0_1  {rise@0.000ns fall@20.000ns period=40.000ns})
  Destination:            neural_net/hidden_mem_reg[75][33]/D
                            (rising edge-triggered cell FDRE clocked by clk_out1_clk_wiz_0_1  {rise@0.000ns fall@20.000ns period=40.000ns})
  Path Group:             clk_out1_clk_wiz_0_1
  Path Type:              Hold (Min at Fast Process Corner)
  Requirement:            0.000ns  (clk_out1_clk_wiz_0_1 rise@0.000ns - clk_out1_clk_wiz_0_1 rise@0.000ns)
  Data Path Delay:        0.453ns  (logic 0.141ns (31.127%)  route 0.312ns (68.873%))
  Logic Levels:           0  
  Clock Path Skew:        0.265ns (DCD - SCD - CPR)
    Destination Clock Delay (DCD):    -0.880ns
    Source Clock Delay      (SCD):    -0.642ns
    Clock Pessimism Removal (CPR):    -0.503ns

    Location             Delay type                Incr(ns)  Path(ns)    Netlist Resource(s)
  -------------------------------------------------------------------    -------------------
                         (clock clk_out1_clk_wiz_0_1 rise edge)
                                                      0.000     0.000 r  
    N15                                               0.000     0.000 r  clk_100mhz (IN)
                         net (fo=0)                   0.000     0.000    clk_gen/inst/clk_in1
    N15                  IBUF (Prop_ibuf_I_O)         0.209     0.209 r  clk_gen/inst/clkin1_ibufg/O
                         net (fo=1, routed)           0.440     0.649    clk_gen/inst/clk_in1_clk_wiz_0
    MMCME2_ADV_X0Y0      MMCME2_ADV (Prop_mmcme2_adv_CLKIN1_CLKOUT0)
                                                     -2.362    -1.714 r  clk_gen/inst/mmcm_adv_inst/CLKOUT0
                         net (fo=1, routed)           0.489    -1.225    clk_gen/inst/clk_out1_clk_wiz_0
    BUFGCTRL_X0Y0        BUFG (Prop_bufg_I_O)         0.026    -1.199 r  clk_gen/inst/clkout1_buf/O
                         net (fo=11230, routed)       0.557    -0.642    neural_net/clk_out1
    SLICE_X28Y17         FDCE                                         r  neural_net/accumulator_reg[33]/C
  -------------------------------------------------------------------    -------------------
    SLICE_X28Y17         FDCE (Prop_fdce_C_Q)         0.141    -0.501 r  neural_net/accumulator_reg[33]/Q
                         net (fo=141, routed)         0.312    -0.189    neural_net/accumulator[33]
    SLICE_X36Y13         FDRE                                         r  neural_net/hidden_mem_reg[75][33]/D
  -------------------------------------------------------------------    -------------------

                         (clock clk_out1_clk_wiz_0_1 rise edge)
                                                      0.000     0.000 r  
    N15                                               0.000     0.000 r  clk_100mhz (IN)
                         net (fo=0)                   0.000     0.000    clk_gen/inst/clk_in1
    N15                  IBUF (Prop_ibuf_I_O)         0.396     0.396 r  clk_gen/inst/clkin1_ibufg/O
                         net (fo=1, routed)           0.480     0.876    clk_gen/inst/clk_in1_clk_wiz_0
    MMCME2_ADV_X0Y0      MMCME2_ADV (Prop_mmcme2_adv_CLKIN1_CLKOUT0)
                                                     -3.145    -2.269 r  clk_gen/inst/mmcm_adv_inst/CLKOUT0
                         net (fo=1, routed)           0.534    -1.735    clk_gen/inst/clk_out1_clk_wiz_0
    BUFGCTRL_X0Y0        BUFG (Prop_bufg_I_O)         0.029    -1.706 r  clk_gen/inst/clkout1_buf/O
                         net (fo=11230, routed)       0.827    -0.880    neural_net/clk_out1
    SLICE_X36Y13         FDRE                                         r  neural_net/hidden_mem_reg[75][33]/C
                         clock pessimism              0.503    -0.377    
    SLICE_X36Y13         FDRE (Hold_fdre_C_D)         0.066    -0.311    neural_net/hidden_mem_reg[75][33]
  -------------------------------------------------------------------
                         required time                          0.311    
                         arrival time                          -0.189    
  -------------------------------------------------------------------
                         slack                                  0.122    

Slack (MET) :             0.124ns  (arrival time - required time)
  Source:                 neural_net/accumulator_reg[45]/C
                            (rising edge-triggered cell FDCE clocked by clk_out1_clk_wiz_0_1  {rise@0.000ns fall@20.000ns period=40.000ns})
  Destination:            neural_net/hidden_mem_reg[127][45]/D
                            (rising edge-triggered cell FDRE clocked by clk_out1_clk_wiz_0_1  {rise@0.000ns fall@20.000ns period=40.000ns})
  Path Group:             clk_out1_clk_wiz_0_1
  Path Type:              Hold (Min at Fast Process Corner)
  Requirement:            0.000ns  (clk_out1_clk_wiz_0_1 rise@0.000ns - clk_out1_clk_wiz_0_1 rise@0.000ns)
  Data Path Delay:        0.460ns  (logic 0.141ns (30.676%)  route 0.319ns (69.324%))
  Logic Levels:           0  
  Clock Path Skew:        0.264ns (DCD - SCD - CPR)
    Destination Clock Delay (DCD):    -0.885ns
    Source Clock Delay      (SCD):    -0.646ns
    Clock Pessimism Removal (CPR):    -0.503ns

    Location             Delay type                Incr(ns)  Path(ns)    Netlist Resource(s)
  -------------------------------------------------------------------    -------------------
                         (clock clk_out1_clk_wiz_0_1 rise edge)
                                                      0.000     0.000 r  
    N15                                               0.000     0.000 r  clk_100mhz (IN)
                         net (fo=0)                   0.000     0.000    clk_gen/inst/clk_in1
    N15                  IBUF (Prop_ibuf_I_O)         0.209     0.209 r  clk_gen/inst/clkin1_ibufg/O
                         net (fo=1, routed)           0.440     0.649    clk_gen/inst/clk_in1_clk_wiz_0
    MMCME2_ADV_X0Y0      MMCME2_ADV (Prop_mmcme2_adv_CLKIN1_CLKOUT0)
                                                     -2.362    -1.714 r  clk_gen/inst/mmcm_adv_inst/CLKOUT0
                         net (fo=1, routed)           0.489    -1.225    clk_gen/inst/clk_out1_clk_wiz_0
    BUFGCTRL_X0Y0        BUFG (Prop_bufg_I_O)         0.026    -1.199 r  clk_gen/inst/clkout1_buf/O
                         net (fo=11230, routed)       0.553    -0.646    neural_net/clk_out1
    SLICE_X28Y21         FDCE                                         r  neural_net/accumulator_reg[45]/C
  -------------------------------------------------------------------    -------------------
    SLICE_X28Y21         FDCE (Prop_fdce_C_Q)         0.141    -0.505 r  neural_net/accumulator_reg[45]/Q
                         net (fo=141, routed)         0.319    -0.187    neural_net/accumulator[45]
    SLICE_X37Y19         FDRE                                         r  neural_net/hidden_mem_reg[127][45]/D
  -------------------------------------------------------------------    -------------------

                         (clock clk_out1_clk_wiz_0_1 rise edge)
                                                      0.000     0.000 r  
    N15                                               0.000     0.000 r  clk_100mhz (IN)
                         net (fo=0)                   0.000     0.000    clk_gen/inst/clk_in1
    N15                  IBUF (Prop_ibuf_I_O)         0.396     0.396 r  clk_gen/inst/clkin1_ibufg/O
                         net (fo=1, routed)           0.480     0.876    clk_gen/inst/clk_in1_clk_wiz_0
    MMCME2_ADV_X0Y0      MMCME2_ADV (Prop_mmcme2_adv_CLKIN1_CLKOUT0)
                                                     -3.145    -2.269 r  clk_gen/inst/mmcm_adv_inst/CLKOUT0
                         net (fo=1, routed)           0.534    -1.735    clk_gen/inst/clk_out1_clk_wiz_0
    BUFGCTRL_X0Y0        BUFG (Prop_bufg_I_O)         0.029    -1.706 r  clk_gen/inst/clkout1_buf/O
                         net (fo=11230, routed)       0.822    -0.885    neural_net/clk_out1
    SLICE_X37Y19         FDRE                                         r  neural_net/hidden_mem_reg[127][45]/C
                         clock pessimism              0.503    -0.382    
    SLICE_X37Y19         FDRE (Hold_fdre_C_D)         0.072    -0.310    neural_net/hidden_mem_reg[127][45]
  -------------------------------------------------------------------
                         required time                          0.310    
                         arrival time                          -0.187    
  -------------------------------------------------------------------
                         slack                                  0.124    





Pulse Width Checks
--------------------------------------------------------------------------------------
Clock Name:         clk_out1_clk_wiz_0_1
Waveform(ns):       { 0.000 20.000 }
Period(ns):         40.000
Sources:            { clk_gen/inst/mmcm_adv_inst/CLKOUT0 }

Check Type        Corner  Lib Pin             Reference Pin  Required(ns)  Actual(ns)  Slack(ns)  Location         Pin
Min Period        n/a     BUFG/I              n/a            2.155         40.000      37.845     BUFGCTRL_X0Y0    clk_gen/inst/clkout1_buf/I
Min Period        n/a     OSERDESE2/CLKDIV    n/a            1.667         40.000      38.333     OLOGIC_X0Y20     hdmi_transmitter/inst/serial_b/oserdes_m/CLKDIV
Min Period        n/a     OSERDESE2/CLKDIV    n/a            1.667         40.000      38.333     OLOGIC_X0Y19     hdmi_transmitter/inst/serial_b/oserdes_s/CLKDIV
Min Period        n/a     OSERDESE2/CLKDIV    n/a            1.667         40.000      38.333     OLOGIC_X0Y18     hdmi_transmitter/inst/serial_clk/oserdes_m/CLKDIV
Min Period        n/a     OSERDESE2/CLKDIV    n/a            1.667         40.000      38.333     OLOGIC_X0Y17     hdmi_transmitter/inst/serial_clk/oserdes_s/CLKDIV
Min Period        n/a     OSERDESE2/CLKDIV    n/a            1.667         40.000      38.333     OLOGIC_X0Y22     hdmi_transmitter/inst/serial_g/oserdes_m/CLKDIV
Min Period        n/a     OSERDESE2/CLKDIV    n/a            1.667         40.000      38.333     OLOGIC_X0Y21     hdmi_transmitter/inst/serial_g/oserdes_s/CLKDIV
Min Period        n/a     OSERDESE2/CLKDIV    n/a            1.667         40.000      38.333     OLOGIC_X0Y24     hdmi_transmitter/inst/serial_r/oserdes_m/CLKDIV
Min Period        n/a     OSERDESE2/CLKDIV    n/a            1.667         40.000      38.333     OLOGIC_X0Y23     hdmi_transmitter/inst/serial_r/oserdes_s/CLKDIV
Min Period        n/a     MMCME2_ADV/CLKOUT0  n/a            1.249         40.000      38.751     MMCME2_ADV_X0Y0  clk_gen/inst/mmcm_adv_inst/CLKOUT0
Max Period        n/a     MMCME2_ADV/CLKOUT0  n/a            213.360       40.000      173.360    MMCME2_ADV_X0Y0  clk_gen/inst/mmcm_adv_inst/CLKOUT0
Low Pulse Width   Slow    RAMD64E/CLK         n/a            1.250         20.000      18.750     SLICE_X42Y13     canvas_fb/memory_reg_r1_0_127_0_0/DP.HIGH/CLK
Low Pulse Width   Fast    RAMD64E/CLK         n/a            1.250         20.000      18.750     SLICE_X42Y13     canvas_fb/memory_reg_r1_0_127_0_0/DP.HIGH/CLK
Low Pulse Width   Slow    RAMD64E/CLK         n/a            1.250         20.000      18.750     SLICE_X42Y13     canvas_fb/memory_reg_r1_0_127_0_0/DP.LOW/CLK
Low Pulse Width   Fast    RAMD64E/CLK         n/a            1.250         20.000      18.750     SLICE_X42Y13     canvas_fb/memory_reg_r1_0_127_0_0/DP.LOW/CLK
Low Pulse Width   Slow    RAMD64E/CLK         n/a            1.250         20.000      18.750     SLICE_X42Y13     canvas_fb/memory_reg_r1_0_127_0_0/SP.HIGH/CLK
Low Pulse Width   Fast    RAMD64E/CLK         n/a            1.250         20.000      18.750     SLICE_X42Y13     canvas_fb/memory_reg_r1_0_127_0_0/SP.HIGH/CLK
Low Pulse Width   Slow    RAMD64E/CLK         n/a            1.250         20.000      18.750     SLICE_X42Y13     canvas_fb/memory_reg_r1_0_127_0_0/SP.LOW/CLK
Low Pulse Width   Fast    RAMD64E/CLK         n/a            1.250         20.000      18.750     SLICE_X42Y13     canvas_fb/memory_reg_r1_0_127_0_0/SP.LOW/CLK
Low Pulse Width   Slow    RAMD64E/CLK         n/a            1.250         20.000      18.750     SLICE_X14Y61     canvas_fb/memory_reg_r1_0_63_0_0/DP/CLK
Low Pulse Width   Fast    RAMD64E/CLK         n/a            1.250         20.000      18.750     SLICE_X14Y61     canvas_fb/memory_reg_r1_0_63_0_0/DP/CLK
High Pulse Width  Slow    RAMD64E/CLK         n/a            1.250         20.000      18.750     SLICE_X42Y13     canvas_fb/memory_reg_r1_0_127_0_0/DP.HIGH/CLK
High Pulse Width  Fast    RAMD64E/CLK         n/a            1.250         20.000      18.750     SLICE_X42Y13     canvas_fb/memory_reg_r1_0_127_0_0/DP.HIGH/CLK
High Pulse Width  Slow    RAMD64E/CLK         n/a            1.250         20.000      18.750     SLICE_X42Y13     canvas_fb/memory_reg_r1_0_127_0_0/DP.LOW/CLK
High Pulse Width  Fast    RAMD64E/CLK         n/a            1.250         20.000      18.750     SLICE_X42Y13     canvas_fb/memory_reg_r1_0_127_0_0/DP.LOW/CLK
High Pulse Width  Slow    RAMD64E/CLK         n/a            1.250         20.000      18.750     SLICE_X42Y13     canvas_fb/memory_reg_r1_0_127_0_0/SP.HIGH/CLK
High Pulse Width  Fast    RAMD64E/CLK         n/a            1.250         20.000      18.750     SLICE_X42Y13     canvas_fb/memory_reg_r1_0_127_0_0/SP.HIGH/CLK
High Pulse Width  Slow    RAMD64E/CLK         n/a            1.250         20.000      18.750     SLICE_X42Y13     canvas_fb/memory_reg_r1_0_127_0_0/SP.LOW/CLK
High Pulse Width  Fast    RAMD64E/CLK         n/a            1.250         20.000      18.750     SLICE_X42Y13     canvas_fb/memory_reg_r1_0_127_0_0/SP.LOW/CLK
High Pulse Width  Slow    RAMD64E/CLK         n/a            1.250         20.000      18.750     SLICE_X14Y61     canvas_fb/memory_reg_r1_0_63_0_0/DP/CLK
High Pulse Width  Fast    RAMD64E/CLK         n/a            1.250         20.000      18.750     SLICE_X14Y61     canvas_fb/memory_reg_r1_0_63_0_0/DP/CLK



---------------------------------------------------------------------------------------------------
From Clock:  clk_out2_clk_wiz_0_1
  To Clock:  clk_out2_clk_wiz_0_1

Setup :           NA  Failing Endpoints,  Worst Slack           NA  ,  Total Violation           NA
Hold  :           NA  Failing Endpoints,  Worst Slack           NA  ,  Total Violation           NA
PW    :            0  Failing Endpoints,  Worst Slack        5.845ns,  Total Violation        0.000ns
---------------------------------------------------------------------------------------------------


Pulse Width Checks
--------------------------------------------------------------------------------------
Clock Name:         clk_out2_clk_wiz_0_1
Waveform(ns):       { 0.000 4.000 }
Period(ns):         8.000
Sources:            { clk_gen/inst/mmcm_adv_inst/CLKOUT1 }

Check Type  Corner  Lib Pin             Reference Pin  Required(ns)  Actual(ns)  Slack(ns)  Location         Pin
Min Period  n/a     BUFG/I              n/a            2.155         8.000       5.845      BUFGCTRL_X0Y1    clk_gen/inst/clkout2_buf/I
Min Period  n/a     OSERDESE2/CLK       n/a            1.667         8.000       6.333      OLOGIC_X0Y20     hdmi_transmitter/inst/serial_b/oserdes_m/CLK
Min Period  n/a     OSERDESE2/CLK       n/a            1.667         8.000       6.333      OLOGIC_X0Y19     hdmi_transmitter/inst/serial_b/oserdes_s/CLK
Min Period  n/a     OSERDESE2/CLK       n/a            1.667         8.000       6.333      OLOGIC_X0Y18     hdmi_transmitter/inst/serial_clk/oserdes_m/CLK
Min Period  n/a     OSERDESE2/CLK       n/a            1.667         8.000       6.333      OLOGIC_X0Y17     hdmi_transmitter/inst/serial_clk/oserdes_s/CLK
Min Period  n/a     OSERDESE2/CLK       n/a            1.667         8.000       6.333      OLOGIC_X0Y22     hdmi_transmitter/inst/serial_g/oserdes_m/CLK
Min Period  n/a     OSERDESE2/CLK       n/a            1.667         8.000       6.333      OLOGIC_X0Y21     hdmi_transmitter/inst/serial_g/oserdes_s/CLK
Min Period  n/a     OSERDESE2/CLK       n/a            1.667         8.000       6.333      OLOGIC_X0Y24     hdmi_transmitter/inst/serial_r/oserdes_m/CLK
Min Period  n/a     OSERDESE2/CLK       n/a            1.667         8.000       6.333      OLOGIC_X0Y23     hdmi_transmitter/inst/serial_r/oserdes_s/CLK
Min Period  n/a     MMCME2_ADV/CLKOUT1  n/a            1.249         8.000       6.751      MMCME2_ADV_X0Y0  clk_gen/inst/mmcm_adv_inst/CLKOUT1
Max Period  n/a     MMCME2_ADV/CLKOUT1  n/a            213.360       8.000       205.360    MMCME2_ADV_X0Y0  clk_gen/inst/mmcm_adv_inst/CLKOUT1



---------------------------------------------------------------------------------------------------
From Clock:  clkfbout_clk_wiz_0_1
  To Clock:  clkfbout_clk_wiz_0_1

Setup :           NA  Failing Endpoints,  Worst Slack           NA  ,  Total Violation           NA
Hold  :           NA  Failing Endpoints,  Worst Slack           NA  ,  Total Violation           NA
PW    :            0  Failing Endpoints,  Worst Slack        7.845ns,  Total Violation        0.000ns
---------------------------------------------------------------------------------------------------


Pulse Width Checks
--------------------------------------------------------------------------------------
Clock Name:         clkfbout_clk_wiz_0_1
Waveform(ns):       { 0.000 5.000 }
Period(ns):         10.000
Sources:            { clk_gen/inst/mmcm_adv_inst/CLKFBOUT }

Check Type  Corner  Lib Pin              Reference Pin  Required(ns)  Actual(ns)  Slack(ns)  Location         Pin
Min Period  n/a     BUFG/I               n/a            2.155         10.000      7.845      BUFGCTRL_X0Y2    clk_gen/inst/clkf_buf/I
Min Period  n/a     MMCME2_ADV/CLKFBOUT  n/a            1.249         10.000      8.751      MMCME2_ADV_X0Y0  clk_gen/inst/mmcm_adv_inst/CLKFBOUT
Min Period  n/a     MMCME2_ADV/CLKFBIN   n/a            1.249         10.000      8.751      MMCME2_ADV_X0Y0  clk_gen/inst/mmcm_adv_inst/CLKFBIN
Max Period  n/a     MMCME2_ADV/CLKFBIN   n/a            100.000       10.000      90.000     MMCME2_ADV_X0Y0  clk_gen/inst/mmcm_adv_inst/CLKFBIN
Max Period  n/a     MMCME2_ADV/CLKFBOUT  n/a            213.360       10.000      203.360    MMCME2_ADV_X0Y0  clk_gen/inst/mmcm_adv_inst/CLKFBOUT



--------------------------------------------------------------------------------------
Path Group:  (none)
From Clock:  
  To Clock:  

Max Delay             1 Endpoint
Min Delay             1 Endpoint
--------------------------------------------------------------------------------------


Max Delay Paths
--------------------------------------------------------------------------------------
Slack:                    inf
  Source:                 sw[4]
                            (input port)
  Destination:            led[2]
                            (output port)
  Path Group:             (none)
  Path Type:              Max at Slow Process Corner
  Data Path Delay:        12.502ns  (logic 4.972ns (39.765%)  route 7.531ns (60.235%))
  Logic Levels:           3  (IBUF=1 LUT2=1 OBUF=1)

    Location             Delay type                Incr(ns)  Path(ns)    Netlist Resource(s)
  -------------------------------------------------------------------    -------------------
    E1                                                0.000     0.000 r  sw[4] (IN)
                         net (fo=0)                   0.000     0.000    sw[4]
    E1                   IBUF (Prop_ibuf_I_O)         1.325     1.325 r  sw_IBUF[4]_inst/O
                         net (fo=6, routed)           4.303     5.628    sw_IBUF[4]
    SLICE_X3Y23          LUT2 (Prop_lut2_I0_O)        0.124     5.752 r  led_OBUF[2]_inst_i_1/O
                         net (fo=1, routed)           3.228     8.980    led_OBUF[2]
    E13                  OBUF (Prop_obuf_I_O)         3.523    12.502 r  led_OBUF[2]_inst/O
                         net (fo=0)                   0.000    12.502    led[2]
    E13                                                               r  led[2] (OUT)
  -------------------------------------------------------------------    -------------------





Min Delay Paths
--------------------------------------------------------------------------------------
Slack:                    inf
  Source:                 sw[4]
                            (input port)
  Destination:            led[2]
                            (output port)
  Path Group:             (none)
  Path Type:              Min at Fast Process Corner
  Data Path Delay:        4.690ns  (logic 1.671ns (35.617%)  route 3.020ns (64.383%))
  Logic Levels:           3  (IBUF=1 LUT2=1 OBUF=1)

    Location             Delay type                Incr(ns)  Path(ns)    Netlist Resource(s)
  -------------------------------------------------------------------    -------------------
    E1                                                0.000     0.000 r  sw[4] (IN)
                         net (fo=0)                   0.000     0.000    sw[4]
    E1                   IBUF (Prop_ibuf_I_O)         0.402     0.402 r  sw_IBUF[4]_inst/O
                         net (fo=6, routed)           2.016     2.418    sw_IBUF[4]
    SLICE_X3Y23          LUT2 (Prop_lut2_I0_O)        0.045     2.463 r  led_OBUF[2]_inst_i_1/O
                         net (fo=1, routed)           1.004     3.467    led_OBUF[2]
    E13                  OBUF (Prop_obuf_I_O)         1.224     4.690 r  led_OBUF[2]_inst/O
                         net (fo=0)                   0.000     4.690    led[2]
    E13                                                               r  led[2] (OUT)
  -------------------------------------------------------------------    -------------------





--------------------------------------------------------------------------------------
Path Group:  (none)
From Clock:  clk_out1_clk_wiz_0_1
  To Clock:  

Max Delay             7 Endpoints
Min Delay             7 Endpoints
--------------------------------------------------------------------------------------


Max Delay Paths
--------------------------------------------------------------------------------------
Slack:                    inf
  Source:                 FSM_sequential_state_reg[1]/C
                            (rising edge-triggered cell FDCE clocked by clk_out1_clk_wiz_0_1  {rise@0.000ns fall@20.000ns period=40.000ns})
  Destination:            led[3]
                            (output port)
  Path Group:             (none)
  Path Type:              Max at Slow Process Corner
  Data Path Delay:        9.705ns  (logic 4.334ns (44.658%)  route 5.371ns (55.342%))
  Logic Levels:           2  (LUT2=1 OBUF=1)
  Clock Uncertainty:      0.186ns  ((TSJ^2 + DJ^2)^1/2) / 2 + PE
    Total System Jitter     (TSJ):    0.050ns
    Discrete Jitter          (DJ):    0.168ns
    Phase Error              (PE):    0.099ns

    Location             Delay type                Incr(ns)  Path(ns)    Netlist Resource(s)
  -------------------------------------------------------------------    -------------------
                         (clock clk_out1_clk_wiz_0_1 rise edge)
                                                      0.000     0.000 r  
    N15                                               0.000     0.000 r  clk_100mhz (IN)
                         net (fo=0)                   0.000     0.000    clk_gen/inst/clk_in1
    N15                  IBUF (Prop_ibuf_I_O)         1.440     1.440 r  clk_gen/inst/clkin1_ibufg/O
                         net (fo=1, routed)           1.233     2.673    clk_gen/inst/clk_in1_clk_wiz_0
    MMCME2_ADV_X0Y0      MMCME2_ADV (Prop_mmcme2_adv_CLKIN1_CLKOUT0)
                                                     -6.965    -4.291 r  clk_gen/inst/mmcm_adv_inst/CLKOUT0
                         net (fo=1, routed)           1.666    -2.625    clk_gen/inst/clk_out1_clk_wiz_0
    BUFGCTRL_X0Y0        BUFG (Prop_bufg_I_O)         0.096    -2.529 r  clk_gen/inst/clkout1_buf/O
                         net (fo=11230, routed)       1.563    -0.966    clk_25mhz
    SLICE_X28Y11         FDCE                                         r  FSM_sequential_state_reg[1]/C
  -------------------------------------------------------------------    -------------------
    SLICE_X28Y11         FDCE (Prop_fdce_C_Q)         0.456    -0.510 r  FSM_sequential_state_reg[1]/Q
                         net (fo=13, routed)          1.925     1.416    state[1]
    SLICE_X3Y10          LUT2 (Prop_lut2_I1_O)        0.152     1.568 r  led_OBUF[3]_inst_i_1/O
                         net (fo=1, routed)           3.445     5.013    led_OBUF[3]
    H15                  OBUF (Prop_obuf_I_O)         3.726     8.739 r  led_OBUF[3]_inst/O
                         net (fo=0)                   0.000     8.739    led[3]
    H15                                                               r  led[3] (OUT)
  -------------------------------------------------------------------    -------------------

Slack:                    inf
  Source:                 draw_mode_latched_reg/C
                            (rising edge-triggered cell FDCE clocked by clk_out1_clk_wiz_0_1  {rise@0.000ns fall@20.000ns period=40.000ns})
  Destination:            led[2]
                            (output port)
  Path Group:             (none)
  Path Type:              Max at Slow Process Corner
  Data Path Delay:        8.188ns  (logic 4.239ns (51.769%)  route 3.949ns (48.231%))
  Logic Levels:           2  (LUT2=1 OBUF=1)
  Clock Uncertainty:      0.186ns  ((TSJ^2 + DJ^2)^1/2) / 2 + PE
    Total System Jitter     (TSJ):    0.050ns
    Discrete Jitter          (DJ):    0.168ns
    Phase Error              (PE):    0.099ns

    Location             Delay type                Incr(ns)  Path(ns)    Netlist Resource(s)
  -------------------------------------------------------------------    -------------------
                         (clock clk_out1_clk_wiz_0_1 rise edge)
                                                      0.000     0.000 r  
    N15                                               0.000     0.000 r  clk_100mhz (IN)
                         net (fo=0)                   0.000     0.000    clk_gen/inst/clk_in1
    N15                  IBUF (Prop_ibuf_I_O)         1.440     1.440 r  clk_gen/inst/clkin1_ibufg/O
                         net (fo=1, routed)           1.233     2.673    clk_gen/inst/clk_in1_clk_wiz_0
    MMCME2_ADV_X0Y0      MMCME2_ADV (Prop_mmcme2_adv_CLKIN1_CLKOUT0)
                                                     -6.965    -4.291 r  clk_gen/inst/mmcm_adv_inst/CLKOUT0
                         net (fo=1, routed)           1.666    -2.625    clk_gen/inst/clk_out1_clk_wiz_0
    BUFGCTRL_X0Y0        BUFG (Prop_bufg_I_O)         0.096    -2.529 r  clk_gen/inst/clkout1_buf/O
                         net (fo=11230, routed)       1.618    -0.911    clk_25mhz
    SLICE_X3Y24          FDCE                                         r  draw_mode_latched_reg/C
  -------------------------------------------------------------------    -------------------
    SLICE_X3Y24          FDCE (Prop_fdce_C_Q)         0.419    -0.492 r  draw_mode_latched_reg/Q
                         net (fo=7, routed)           0.721     0.230    draw_mode_latched
    SLICE_X3Y23          LUT2 (Prop_lut2_I1_O)        0.297     0.527 r  led_OBUF[2]_inst_i_1/O
                         net (fo=1, routed)           3.228     3.755    led_OBUF[2]
    E13                  OBUF (Prop_obuf_I_O)         3.523     7.278 r  led_OBUF[2]_inst/O
                         net (fo=0)                   0.000     7.278    led[2]
    E13                                                               r  led[2] (OUT)
  -------------------------------------------------------------------    -------------------

Slack:                    inf
  Source:                 neural_net/prediction_reg[1]_lopt_replica/C
                            (rising edge-triggered cell FDCE clocked by clk_out1_clk_wiz_0_1  {rise@0.000ns fall@20.000ns period=40.000ns})
  Destination:            led[6]
                            (output port)
  Path Group:             (none)
  Path Type:              Max at Slow Process Corner
  Data Path Delay:        7.466ns  (logic 3.972ns (53.206%)  route 3.494ns (46.794%))
  Logic Levels:           1  (OBUF=1)
  Clock Uncertainty:      0.186ns  ((TSJ^2 + DJ^2)^1/2) / 2 + PE
    Total System Jitter     (TSJ):    0.050ns
    Discrete Jitter          (DJ):    0.168ns
    Phase Error              (PE):    0.099ns

    Location             Delay type                Incr(ns)  Path(ns)    Netlist Resource(s)
  -------------------------------------------------------------------    -------------------
                         (clock clk_out1_clk_wiz_0_1 rise edge)
                                                      0.000     0.000 r  
    N15                                               0.000     0.000 r  clk_100mhz (IN)
                         net (fo=0)                   0.000     0.000    clk_gen/inst/clk_in1
    N15                  IBUF (Prop_ibuf_I_O)         1.440     1.440 r  clk_gen/inst/clkin1_ibufg/O
                         net (fo=1, routed)           1.233     2.673    clk_gen/inst/clk_in1_clk_wiz_0
    MMCME2_ADV_X0Y0      MMCME2_ADV (Prop_mmcme2_adv_CLKIN1_CLKOUT0)
                                                     -6.965    -4.291 r  clk_gen/inst/mmcm_adv_inst/CLKOUT0
                         net (fo=1, routed)           1.666    -2.625    clk_gen/inst/clk_out1_clk_wiz_0
    BUFGCTRL_X0Y0        BUFG (Prop_bufg_I_O)         0.096    -2.529 r  clk_gen/inst/clkout1_buf/O
                         net (fo=11230, routed)       1.615    -0.914    neural_net/clk_out1
    SLICE_X5Y24          FDCE                                         r  neural_net/prediction_reg[1]_lopt_replica/C
  -------------------------------------------------------------------    -------------------
    SLICE_X5Y24          FDCE (Prop_fdce_C_Q)         0.456    -0.458 r  neural_net/prediction_reg[1]_lopt_replica/Q
                         net (fo=1, routed)           3.494     3.036    lopt_1
    F15                  OBUF (Prop_obuf_I_O)         3.516     6.553 r  led_OBUF[6]_inst/O
                         net (fo=0)                   0.000     6.553    led[6]
    F15                                                               r  led[6] (OUT)
  -------------------------------------------------------------------    -------------------

Slack:                    inf
  Source:                 neural_net/prediction_reg[2]_lopt_replica/C
                            (rising edge-triggered cell FDCE clocked by clk_out1_clk_wiz_0_1  {rise@0.000ns fall@20.000ns period=40.000ns})
  Destination:            led[7]
                            (output port)
  Path Group:             (none)
  Path Type:              Max at Slow Process Corner
  Data Path Delay:        7.320ns  (logic 3.987ns (54.468%)  route 3.333ns (45.532%))
  Logic Levels:           1  (OBUF=1)
  Clock Uncertainty:      0.186ns  ((TSJ^2 + DJ^2)^1/2) / 2 + PE
    Total System Jitter     (TSJ):    0.050ns
    Discrete Jitter          (DJ):    0.168ns
    Phase Error              (PE):    0.099ns

    Location             Delay type                Incr(ns)  Path(ns)    Netlist Resource(s)
  -------------------------------------------------------------------    -------------------
                         (clock clk_out1_clk_wiz_0_1 rise edge)
                                                      0.000     0.000 r  
    N15                                               0.000     0.000 r  clk_100mhz (IN)
                         net (fo=0)                   0.000     0.000    clk_gen/inst/clk_in1
    N15                  IBUF (Prop_ibuf_I_O)         1.440     1.440 r  clk_gen/inst/clkin1_ibufg/O
                         net (fo=1, routed)           1.233     2.673    clk_gen/inst/clk_in1_clk_wiz_0
    MMCME2_ADV_X0Y0      MMCME2_ADV (Prop_mmcme2_adv_CLKIN1_CLKOUT0)
                                                     -6.965    -4.291 r  clk_gen/inst/mmcm_adv_inst/CLKOUT0
                         net (fo=1, routed)           1.666    -2.625    clk_gen/inst/clk_out1_clk_wiz_0
    BUFGCTRL_X0Y0        BUFG (Prop_bufg_I_O)         0.096    -2.529 r  clk_gen/inst/clkout1_buf/O
                         net (fo=11230, routed)       1.615    -0.914    neural_net/clk_out1
    SLICE_X5Y24          FDCE                                         r  neural_net/prediction_reg[2]_lopt_replica/C
  -------------------------------------------------------------------    -------------------
    SLICE_X5Y24          FDCE (Prop_fdce_C_Q)         0.456    -0.458 r  neural_net/prediction_reg[2]_lopt_replica/Q
                         net (fo=1, routed)           3.333     2.876    lopt_2
    E15                  OBUF (Prop_obuf_I_O)         3.531     6.407 r  led_OBUF[7]_inst/O
                         net (fo=0)                   0.000     6.407    led[7]
    E15                                                               r  led[7] (OUT)
  -------------------------------------------------------------------    -------------------

Slack:                    inf
  Source:                 neural_net/prediction_reg[0]_lopt_replica/C
                            (rising edge-triggered cell FDCE clocked by clk_out1_clk_wiz_0_1  {rise@0.000ns fall@20.000ns period=40.000ns})
  Destination:            led[5]
                            (output port)
  Path Group:             (none)
  Path Type:              Max at Slow Process Corner
  Data Path Delay:        7.012ns  (logic 3.976ns (56.708%)  route 3.036ns (43.292%))
  Logic Levels:           1  (OBUF=1)
  Clock Uncertainty:      0.186ns  ((TSJ^2 + DJ^2)^1/2) / 2 + PE
    Total System Jitter     (TSJ):    0.050ns
    Discrete Jitter          (DJ):    0.168ns
    Phase Error              (PE):    0.099ns

    Location             Delay type                Incr(ns)  Path(ns)    Netlist Resource(s)
  -------------------------------------------------------------------    -------------------
                         (clock clk_out1_clk_wiz_0_1 rise edge)
                                                      0.000     0.000 r  
    N15                                               0.000     0.000 r  clk_100mhz (IN)
                         net (fo=0)                   0.000     0.000    clk_gen/inst/clk_in1
    N15                  IBUF (Prop_ibuf_I_O)         1.440     1.440 r  clk_gen/inst/clkin1_ibufg/O
                         net (fo=1, routed)           1.233     2.673    clk_gen/inst/clk_in1_clk_wiz_0
    MMCME2_ADV_X0Y0      MMCME2_ADV (Prop_mmcme2_adv_CLKIN1_CLKOUT0)
                                                     -6.965    -4.291 r  clk_gen/inst/mmcm_adv_inst/CLKOUT0
                         net (fo=1, routed)           1.666    -2.625    clk_gen/inst/clk_out1_clk_wiz_0
    BUFGCTRL_X0Y0        BUFG (Prop_bufg_I_O)         0.096    -2.529 r  clk_gen/inst/clkout1_buf/O
                         net (fo=11230, routed)       1.615    -0.914    neural_net/clk_out1
    SLICE_X5Y24          FDCE                                         r  neural_net/prediction_reg[0]_lopt_replica/C
  -------------------------------------------------------------------    -------------------
    SLICE_X5Y24          FDCE (Prop_fdce_C_Q)         0.456    -0.458 r  neural_net/prediction_reg[0]_lopt_replica/Q
                         net (fo=1, routed)           3.036     2.578    lopt
    G17                  OBUF (Prop_obuf_I_O)         3.520     6.098 r  led_OBUF[5]_inst/O
                         net (fo=0)                   0.000     6.098    led[5]
    G17                                                               r  led[5] (OUT)
  -------------------------------------------------------------------    -------------------

Slack:                    inf
  Source:                 show_result_reg/C
                            (rising edge-triggered cell FDCE clocked by clk_out1_clk_wiz_0_1  {rise@0.000ns fall@20.000ns period=40.000ns})
  Destination:            led[4]
                            (output port)
  Path Group:             (none)
  Path Type:              Max at Slow Process Corner
  Data Path Delay:        7.058ns  (logic 3.971ns (56.267%)  route 3.087ns (43.734%))
  Logic Levels:           1  (OBUF=1)
  Clock Uncertainty:      0.186ns  ((TSJ^2 + DJ^2)^1/2) / 2 + PE
    Total System Jitter     (TSJ):    0.050ns
    Discrete Jitter          (DJ):    0.168ns
    Phase Error              (PE):    0.099ns

    Location             Delay type                Incr(ns)  Path(ns)    Netlist Resource(s)
  -------------------------------------------------------------------    -------------------
                         (clock clk_out1_clk_wiz_0_1 rise edge)
                                                      0.000     0.000 r  
    N15                                               0.000     0.000 r  clk_100mhz (IN)
                         net (fo=0)                   0.000     0.000    clk_gen/inst/clk_in1
    N15                  IBUF (Prop_ibuf_I_O)         1.440     1.440 r  clk_gen/inst/clkin1_ibufg/O
                         net (fo=1, routed)           1.233     2.673    clk_gen/inst/clk_in1_clk_wiz_0
    MMCME2_ADV_X0Y0      MMCME2_ADV (Prop_mmcme2_adv_CLKIN1_CLKOUT0)
                                                     -6.965    -4.291 r  clk_gen/inst/mmcm_adv_inst/CLKOUT0
                         net (fo=1, routed)           1.666    -2.625    clk_gen/inst/clk_out1_clk_wiz_0
    BUFGCTRL_X0Y0        BUFG (Prop_bufg_I_O)         0.096    -2.529 r  clk_gen/inst/clkout1_buf/O
                         net (fo=11230, routed)       1.564    -0.965    clk_25mhz
    SLICE_X9Y14          FDCE                                         r  show_result_reg/C
  -------------------------------------------------------------------    -------------------
    SLICE_X9Y14          FDCE (Prop_fdce_C_Q)         0.456    -0.509 r  show_result_reg/Q
                         net (fo=6, routed)           3.087     2.578    led_OBUF[4]
    J15                  OBUF (Prop_obuf_I_O)         3.515     6.093 r  led_OBUF[4]_inst/O
                         net (fo=0)                   0.000     6.093    led[4]
    J15                                                               r  led[4] (OUT)
  -------------------------------------------------------------------    -------------------

Slack:                    inf
  Source:                 heartbeat_counter_reg[23]/C
                            (rising edge-triggered cell FDCE clocked by clk_out1_clk_wiz_0_1  {rise@0.000ns fall@20.000ns period=40.000ns})
  Destination:            led[0]
                            (output port)
  Path Group:             (none)
  Path Type:              Max at Slow Process Corner
  Data Path Delay:        6.398ns  (logic 3.979ns (62.196%)  route 2.419ns (37.804%))
  Logic Levels:           1  (OBUF=1)
  Clock Uncertainty:      0.186ns  ((TSJ^2 + DJ^2)^1/2) / 2 + PE
    Total System Jitter     (TSJ):    0.050ns
    Discrete Jitter          (DJ):    0.168ns
    Phase Error              (PE):    0.099ns

    Location             Delay type                Incr(ns)  Path(ns)    Netlist Resource(s)
  -------------------------------------------------------------------    -------------------
                         (clock clk_out1_clk_wiz_0_1 rise edge)
                                                      0.000     0.000 r  
    N15                                               0.000     0.000 r  clk_100mhz (IN)
                         net (fo=0)                   0.000     0.000    clk_gen/inst/clk_in1
    N15                  IBUF (Prop_ibuf_I_O)         1.440     1.440 r  clk_gen/inst/clkin1_ibufg/O
                         net (fo=1, routed)           1.233     2.673    clk_gen/inst/clk_in1_clk_wiz_0
    MMCME2_ADV_X0Y0      MMCME2_ADV (Prop_mmcme2_adv_CLKIN1_CLKOUT0)
                                                     -6.965    -4.291 r  clk_gen/inst/mmcm_adv_inst/CLKOUT0
                         net (fo=1, routed)           1.666    -2.625    clk_gen/inst/clk_out1_clk_wiz_0
    BUFGCTRL_X0Y0        BUFG (Prop_bufg_I_O)         0.096    -2.529 r  clk_gen/inst/clkout1_buf/O
                         net (fo=11230, routed)       1.639    -0.890    clk_25mhz
    SLICE_X3Y48          FDCE                                         r  heartbeat_counter_reg[23]/C
  -------------------------------------------------------------------    -------------------
    SLICE_X3Y48          FDCE (Prop_fdce_C_Q)         0.456    -0.434 r  heartbeat_counter_reg[23]/Q
                         net (fo=2, routed)           2.419     1.985    led_OBUF[0]
    E18                  OBUF (Prop_obuf_I_O)         3.523     5.508 r  led_OBUF[0]_inst/O
                         net (fo=0)                   0.000     5.508    led[0]
    E18                                                               r  led[0] (OUT)
  -------------------------------------------------------------------    -------------------





Min Delay Paths
--------------------------------------------------------------------------------------
Slack:                    inf
  Source:                 heartbeat_counter_reg[23]/C
                            (rising edge-triggered cell FDCE clocked by clk_out1_clk_wiz_0_1  {rise@0.000ns fall@20.000ns period=40.000ns})
  Destination:            led[0]
                            (output port)
  Path Group:             (none)
  Path Type:              Min at Fast Process Corner
  Data Path Delay:        2.012ns  (logic 1.365ns (67.858%)  route 0.647ns (32.142%))
  Logic Levels:           1  (OBUF=1)
  Clock Uncertainty:      0.186ns  ((TSJ^2 + DJ^2)^1/2) / 2 + PE
    Total System Jitter     (TSJ):    0.050ns
    Discrete Jitter          (DJ):    0.168ns
    Phase Error              (PE):    0.099ns

    Location             Delay type                Incr(ns)  Path(ns)    Netlist Resource(s)
  -------------------------------------------------------------------    -------------------
                         (clock clk_out1_clk_wiz_0_1 rise edge)
                                                      0.000     0.000 r  
    N15                                               0.000     0.000 r  clk_100mhz (IN)
                         net (fo=0)                   0.000     0.000    clk_gen/inst/clk_in1
    N15                  IBUF (Prop_ibuf_I_O)         0.209     0.209 r  clk_gen/inst/clkin1_ibufg/O
                         net (fo=1, routed)           0.440     0.649    clk_gen/inst/clk_in1_clk_wiz_0
    MMCME2_ADV_X0Y0      MMCME2_ADV (Prop_mmcme2_adv_CLKIN1_CLKOUT0)
                                                     -2.362    -1.714 r  clk_gen/inst/mmcm_adv_inst/CLKOUT0
                         net (fo=1, routed)           0.489    -1.225    clk_gen/inst/clk_out1_clk_wiz_0
    BUFGCTRL_X0Y0        BUFG (Prop_bufg_I_O)         0.026    -1.199 r  clk_gen/inst/clkout1_buf/O
                         net (fo=11230, routed)       0.596    -0.603    clk_25mhz
    SLICE_X3Y48          FDCE                                         r  heartbeat_counter_reg[23]/C
  -------------------------------------------------------------------    -------------------
    SLICE_X3Y48          FDCE (Prop_fdce_C_Q)         0.141    -0.462 r  heartbeat_counter_reg[23]/Q
                         net (fo=2, routed)           0.647     0.184    led_OBUF[0]
    E18                  OBUF (Prop_obuf_I_O)         1.224     1.408 r  led_OBUF[0]_inst/O
                         net (fo=0)                   0.000     1.408    led[0]
    E18                                                               r  led[0] (OUT)
  -------------------------------------------------------------------    -------------------

Slack:                    inf
  Source:                 neural_net/prediction_reg[0]_lopt_replica/C
                            (rising edge-triggered cell FDCE clocked by clk_out1_clk_wiz_0_1  {rise@0.000ns fall@20.000ns period=40.000ns})
  Destination:            led[5]
                            (output port)
  Path Group:             (none)
  Path Type:              Min at Fast Process Corner
  Data Path Delay:        2.270ns  (logic 1.362ns (60.015%)  route 0.908ns (39.985%))
  Logic Levels:           1  (OBUF=1)
  Clock Uncertainty:      0.186ns  ((TSJ^2 + DJ^2)^1/2) / 2 + PE
    Total System Jitter     (TSJ):    0.050ns
    Discrete Jitter          (DJ):    0.168ns
    Phase Error              (PE):    0.099ns

    Location             Delay type                Incr(ns)  Path(ns)    Netlist Resource(s)
  -------------------------------------------------------------------    -------------------
                         (clock clk_out1_clk_wiz_0_1 rise edge)
                                                      0.000     0.000 r  
    N15                                               0.000     0.000 r  clk_100mhz (IN)
                         net (fo=0)                   0.000     0.000    clk_gen/inst/clk_in1
    N15                  IBUF (Prop_ibuf_I_O)         0.209     0.209 r  clk_gen/inst/clkin1_ibufg/O
                         net (fo=1, routed)           0.440     0.649    clk_gen/inst/clk_in1_clk_wiz_0
    MMCME2_ADV_X0Y0      MMCME2_ADV (Prop_mmcme2_adv_CLKIN1_CLKOUT0)
                                                     -2.362    -1.714 r  clk_gen/inst/mmcm_adv_inst/CLKOUT0
                         net (fo=1, routed)           0.489    -1.225    clk_gen/inst/clk_out1_clk_wiz_0
    BUFGCTRL_X0Y0        BUFG (Prop_bufg_I_O)         0.026    -1.199 r  clk_gen/inst/clkout1_buf/O
                         net (fo=11230, routed)       0.580    -0.619    neural_net/clk_out1
    SLICE_X5Y24          FDCE                                         r  neural_net/prediction_reg[0]_lopt_replica/C
  -------------------------------------------------------------------    -------------------
    SLICE_X5Y24          FDCE (Prop_fdce_C_Q)         0.141    -0.478 r  neural_net/prediction_reg[0]_lopt_replica/Q
                         net (fo=1, routed)           0.908     0.429    lopt
    G17                  OBUF (Prop_obuf_I_O)         1.221     1.651 r  led_OBUF[5]_inst/O
                         net (fo=0)                   0.000     1.651    led[5]
    G17                                                               r  led[5] (OUT)
  -------------------------------------------------------------------    -------------------

Slack:                    inf
  Source:                 show_result_reg/C
                            (rising edge-triggered cell FDCE clocked by clk_out1_clk_wiz_0_1  {rise@0.000ns fall@20.000ns period=40.000ns})
  Destination:            led[4]
                            (output port)
  Path Group:             (none)
  Path Type:              Min at Fast Process Corner
  Data Path Delay:        2.329ns  (logic 1.357ns (58.279%)  route 0.972ns (41.721%))
  Logic Levels:           1  (OBUF=1)
  Clock Uncertainty:      0.186ns  ((TSJ^2 + DJ^2)^1/2) / 2 + PE
    Total System Jitter     (TSJ):    0.050ns
    Discrete Jitter          (DJ):    0.168ns
    Phase Error              (PE):    0.099ns

    Location             Delay type                Incr(ns)  Path(ns)    Netlist Resource(s)
  -------------------------------------------------------------------    -------------------
                         (clock clk_out1_clk_wiz_0_1 rise edge)
                                                      0.000     0.000 r  
    N15                                               0.000     0.000 r  clk_100mhz (IN)
                         net (fo=0)                   0.000     0.000    clk_gen/inst/clk_in1
    N15                  IBUF (Prop_ibuf_I_O)         0.209     0.209 r  clk_gen/inst/clkin1_ibufg/O
                         net (fo=1, routed)           0.440     0.649    clk_gen/inst/clk_in1_clk_wiz_0
    MMCME2_ADV_X0Y0      MMCME2_ADV (Prop_mmcme2_adv_CLKIN1_CLKOUT0)
                                                     -2.362    -1.714 r  clk_gen/inst/mmcm_adv_inst/CLKOUT0
                         net (fo=1, routed)           0.489    -1.225    clk_gen/inst/clk_out1_clk_wiz_0
    BUFGCTRL_X0Y0        BUFG (Prop_bufg_I_O)         0.026    -1.199 r  clk_gen/inst/clkout1_buf/O
                         net (fo=11230, routed)       0.562    -0.637    clk_25mhz
    SLICE_X9Y14          FDCE                                         r  show_result_reg/C
  -------------------------------------------------------------------    -------------------
    SLICE_X9Y14          FDCE (Prop_fdce_C_Q)         0.141    -0.496 r  show_result_reg/Q
                         net (fo=6, routed)           0.972     0.475    led_OBUF[4]
    J15                  OBUF (Prop_obuf_I_O)         1.216     1.691 r  led_OBUF[4]_inst/O
                         net (fo=0)                   0.000     1.691    led[4]
    J15                                                               r  led[4] (OUT)
  -------------------------------------------------------------------    -------------------

Slack:                    inf
  Source:                 neural_net/prediction_reg[2]_lopt_replica/C
                            (rising edge-triggered cell FDCE clocked by clk_out1_clk_wiz_0_1  {rise@0.000ns fall@20.000ns period=40.000ns})
  Destination:            led[7]
                            (output port)
  Path Group:             (none)
  Path Type:              Min at Fast Process Corner
  Data Path Delay:        2.408ns  (logic 1.373ns (57.017%)  route 1.035ns (42.983%))
  Logic Levels:           1  (OBUF=1)
  Clock Uncertainty:      0.186ns  ((TSJ^2 + DJ^2)^1/2) / 2 + PE
    Total System Jitter     (TSJ):    0.050ns
    Discrete Jitter          (DJ):    0.168ns
    Phase Error              (PE):    0.099ns

    Location             Delay type                Incr(ns)  Path(ns)    Netlist Resource(s)
  -------------------------------------------------------------------    -------------------
                         (clock clk_out1_clk_wiz_0_1 rise edge)
                                                      0.000     0.000 r  
    N15                                               0.000     0.000 r  clk_100mhz (IN)
                         net (fo=0)                   0.000     0.000    clk_gen/inst/clk_in1
    N15                  IBUF (Prop_ibuf_I_O)         0.209     0.209 r  clk_gen/inst/clkin1_ibufg/O
                         net (fo=1, routed)           0.440     0.649    clk_gen/inst/clk_in1_clk_wiz_0
    MMCME2_ADV_X0Y0      MMCME2_ADV (Prop_mmcme2_adv_CLKIN1_CLKOUT0)
                                                     -2.362    -1.714 r  clk_gen/inst/mmcm_adv_inst/CLKOUT0
                         net (fo=1, routed)           0.489    -1.225    clk_gen/inst/clk_out1_clk_wiz_0
    BUFGCTRL_X0Y0        BUFG (Prop_bufg_I_O)         0.026    -1.199 r  clk_gen/inst/clkout1_buf/O
                         net (fo=11230, routed)       0.580    -0.619    neural_net/clk_out1
    SLICE_X5Y24          FDCE                                         r  neural_net/prediction_reg[2]_lopt_replica/C
  -------------------------------------------------------------------    -------------------
    SLICE_X5Y24          FDCE (Prop_fdce_C_Q)         0.141    -0.478 r  neural_net/prediction_reg[2]_lopt_replica/Q
                         net (fo=1, routed)           1.035     0.557    lopt_2
    E15                  OBUF (Prop_obuf_I_O)         1.232     1.789 r  led_OBUF[7]_inst/O
                         net (fo=0)                   0.000     1.789    led[7]
    E15                                                               r  led[7] (OUT)
  -------------------------------------------------------------------    -------------------

Slack:                    inf
  Source:                 neural_net/prediction_reg[1]_lopt_replica/C
                            (rising edge-triggered cell FDCE clocked by clk_out1_clk_wiz_0_1  {rise@0.000ns fall@20.000ns period=40.000ns})
  Destination:            led[6]
                            (output port)
  Path Group:             (none)
  Path Type:              Min at Fast Process Corner
  Data Path Delay:        2.474ns  (logic 1.358ns (54.906%)  route 1.116ns (45.094%))
  Logic Levels:           1  (OBUF=1)
  Clock Uncertainty:      0.186ns  ((TSJ^2 + DJ^2)^1/2) / 2 + PE
    Total System Jitter     (TSJ):    0.050ns
    Discrete Jitter          (DJ):    0.168ns
    Phase Error              (PE):    0.099ns

    Location             Delay type                Incr(ns)  Path(ns)    Netlist Resource(s)
  -------------------------------------------------------------------    -------------------
                         (clock clk_out1_clk_wiz_0_1 rise edge)
                                                      0.000     0.000 r  
    N15                                               0.000     0.000 r  clk_100mhz (IN)
                         net (fo=0)                   0.000     0.000    clk_gen/inst/clk_in1
    N15                  IBUF (Prop_ibuf_I_O)         0.209     0.209 r  clk_gen/inst/clkin1_ibufg/O
                         net (fo=1, routed)           0.440     0.649    clk_gen/inst/clk_in1_clk_wiz_0
    MMCME2_ADV_X0Y0      MMCME2_ADV (Prop_mmcme2_adv_CLKIN1_CLKOUT0)
                                                     -2.362    -1.714 r  clk_gen/inst/mmcm_adv_inst/CLKOUT0
                         net (fo=1, routed)           0.489    -1.225    clk_gen/inst/clk_out1_clk_wiz_0
    BUFGCTRL_X0Y0        BUFG (Prop_bufg_I_O)         0.026    -1.199 r  clk_gen/inst/clkout1_buf/O
                         net (fo=11230, routed)       0.580    -0.619    neural_net/clk_out1
    SLICE_X5Y24          FDCE                                         r  neural_net/prediction_reg[1]_lopt_replica/C
  -------------------------------------------------------------------    -------------------
    SLICE_X5Y24          FDCE (Prop_fdce_C_Q)         0.141    -0.478 r  neural_net/prediction_reg[1]_lopt_replica/Q
                         net (fo=1, routed)           1.116     0.637    lopt_1
    F15                  OBUF (Prop_obuf_I_O)         1.217     1.855 r  led_OBUF[6]_inst/O
                         net (fo=0)                   0.000     1.855    led[6]
    F15                                                               r  led[6] (OUT)
  -------------------------------------------------------------------    -------------------

Slack:                    inf
  Source:                 draw_mode_latched_reg/C
                            (rising edge-triggered cell FDCE clocked by clk_out1_clk_wiz_0_1  {rise@0.000ns fall@20.000ns period=40.000ns})
  Destination:            led[2]
                            (output port)
  Path Group:             (none)
  Path Type:              Min at Fast Process Corner
  Data Path Delay:        2.709ns  (logic 1.450ns (53.520%)  route 1.259ns (46.480%))
  Logic Levels:           2  (LUT2=1 OBUF=1)
  Clock Uncertainty:      0.186ns  ((TSJ^2 + DJ^2)^1/2) / 2 + PE
    Total System Jitter     (TSJ):    0.050ns
    Discrete Jitter          (DJ):    0.168ns
    Phase Error              (PE):    0.099ns

    Location             Delay type                Incr(ns)  Path(ns)    Netlist Resource(s)
  -------------------------------------------------------------------    -------------------
                         (clock clk_out1_clk_wiz_0_1 rise edge)
                                                      0.000     0.000 r  
    N15                                               0.000     0.000 r  clk_100mhz (IN)
                         net (fo=0)                   0.000     0.000    clk_gen/inst/clk_in1
    N15                  IBUF (Prop_ibuf_I_O)         0.209     0.209 r  clk_gen/inst/clkin1_ibufg/O
                         net (fo=1, routed)           0.440     0.649    clk_gen/inst/clk_in1_clk_wiz_0
    MMCME2_ADV_X0Y0      MMCME2_ADV (Prop_mmcme2_adv_CLKIN1_CLKOUT0)
                                                     -2.362    -1.714 r  clk_gen/inst/mmcm_adv_inst/CLKOUT0
                         net (fo=1, routed)           0.489    -1.225    clk_gen/inst/clk_out1_clk_wiz_0
    BUFGCTRL_X0Y0        BUFG (Prop_bufg_I_O)         0.026    -1.199 r  clk_gen/inst/clkout1_buf/O
                         net (fo=11230, routed)       0.582    -0.617    clk_25mhz
    SLICE_X3Y24          FDCE                                         r  draw_mode_latched_reg/C
  -------------------------------------------------------------------    -------------------
    SLICE_X3Y24          FDCE (Prop_fdce_C_Q)         0.128    -0.489 r  draw_mode_latched_reg/Q
                         net (fo=7, routed)           0.255    -0.234    draw_mode_latched
    SLICE_X3Y23          LUT2 (Prop_lut2_I1_O)        0.098    -0.136 r  led_OBUF[2]_inst_i_1/O
                         net (fo=1, routed)           1.004     0.868    led_OBUF[2]
    E13                  OBUF (Prop_obuf_I_O)         1.224     2.092 r  led_OBUF[2]_inst/O
                         net (fo=0)                   0.000     2.092    led[2]
    E13                                                               r  led[2] (OUT)
  -------------------------------------------------------------------    -------------------

Slack:                    inf
  Source:                 FSM_sequential_state_reg[1]/C
                            (rising edge-triggered cell FDCE clocked by clk_out1_clk_wiz_0_1  {rise@0.000ns fall@20.000ns period=40.000ns})
  Destination:            led[3]
                            (output port)
  Path Group:             (none)
  Path Type:              Min at Fast Process Corner
  Data Path Delay:        3.417ns  (logic 1.472ns (43.081%)  route 1.945ns (56.919%))
  Logic Levels:           2  (LUT2=1 OBUF=1)
  Clock Uncertainty:      0.186ns  ((TSJ^2 + DJ^2)^1/2) / 2 + PE
    Total System Jitter     (TSJ):    0.050ns
    Discrete Jitter          (DJ):    0.168ns
    Phase Error              (PE):    0.099ns

    Location             Delay type                Incr(ns)  Path(ns)    Netlist Resource(s)
  -------------------------------------------------------------------    -------------------
                         (clock clk_out1_clk_wiz_0_1 rise edge)
                                                      0.000     0.000 r  
    N15                                               0.000     0.000 r  clk_100mhz (IN)
                         net (fo=0)                   0.000     0.000    clk_gen/inst/clk_in1
    N15                  IBUF (Prop_ibuf_I_O)         0.209     0.209 r  clk_gen/inst/clkin1_ibufg/O
                         net (fo=1, routed)           0.440     0.649    clk_gen/inst/clk_in1_clk_wiz_0
    MMCME2_ADV_X0Y0      MMCME2_ADV (Prop_mmcme2_adv_CLKIN1_CLKOUT0)
                                                     -2.362    -1.714 r  clk_gen/inst/mmcm_adv_inst/CLKOUT0
                         net (fo=1, routed)           0.489    -1.225    clk_gen/inst/clk_out1_clk_wiz_0
    BUFGCTRL_X0Y0        BUFG (Prop_bufg_I_O)         0.026    -1.199 r  clk_gen/inst/clkout1_buf/O
                         net (fo=11230, routed)       0.561    -0.638    clk_25mhz
    SLICE_X28Y11         FDCE                                         r  FSM_sequential_state_reg[1]/C
  -------------------------------------------------------------------    -------------------
    SLICE_X28Y11         FDCE (Prop_fdce_C_Q)         0.141    -0.497 r  FSM_sequential_state_reg[1]/Q
                         net (fo=13, routed)          0.890     0.393    state[1]
    SLICE_X3Y10          LUT2 (Prop_lut2_I1_O)        0.045     0.438 r  led_OBUF[3]_inst_i_1/O
                         net (fo=1, routed)           1.054     1.492    led_OBUF[3]
    H15                  OBUF (Prop_obuf_I_O)         1.286     2.778 r  led_OBUF[3]_inst/O
                         net (fo=0)                   0.000     2.778    led[3]
    H15                                                               r  led[3] (OUT)
  -------------------------------------------------------------------    -------------------





--------------------------------------------------------------------------------------
Path Group:  (none)
From Clock:  clk_out2_clk_wiz_0_1
  To Clock:  

Max Delay             8 Endpoints
Min Delay             8 Endpoints
--------------------------------------------------------------------------------------


Max Delay Paths
--------------------------------------------------------------------------------------
Slack:                    inf
  Source:                 hdmi_transmitter/inst/serial_clk/oserdes_m/CLK
                            (rising edge-triggered cell OSERDESE2 clocked by clk_out2_clk_wiz_0_1  {rise@0.000ns fall@4.000ns period=8.000ns})
  Destination:            hdmi_clk_n
                            (output port)
  Path Group:             (none)
  Path Type:              Max at Slow Process Corner
  Data Path Delay:        2.311ns  (logic 2.310ns (99.957%)  route 0.001ns (0.043%))
  Logic Levels:           1  (OBUFDS=1)
  Clock Uncertainty:      0.165ns  ((TSJ^2 + DJ^2)^1/2) / 2 + PE
    Total System Jitter     (TSJ):    0.050ns
    Discrete Jitter          (DJ):    0.124ns
    Phase Error              (PE):    0.099ns

    Location             Delay type                Incr(ns)  Path(ns)    Netlist Resource(s)
  -------------------------------------------------------------------    -------------------
                         (clock clk_out2_clk_wiz_0_1 rise edge)
                                                      0.000     0.000 r  
    N15                                               0.000     0.000 r  clk_100mhz (IN)
                         net (fo=0)                   0.000     0.000    clk_gen/inst/clk_in1
    N15                  IBUF (Prop_ibuf_I_O)         1.440     1.440 r  clk_gen/inst/clkin1_ibufg/O
                         net (fo=1, routed)           1.233     2.673    clk_gen/inst/clk_in1_clk_wiz_0
    MMCME2_ADV_X0Y0      MMCME2_ADV (Prop_mmcme2_adv_CLKIN1_CLKOUT1)
                                                     -6.965    -4.291 r  clk_gen/inst/mmcm_adv_inst/CLKOUT1
                         net (fo=1, routed)           1.666    -2.625    clk_gen/inst/clk_out2_clk_wiz_0
    BUFGCTRL_X0Y1        BUFG (Prop_bufg_I_O)         0.096    -2.529 r  clk_gen/inst/clkout2_buf/O
                         net (fo=8, routed)           1.671    -0.858    hdmi_transmitter/inst/serial_clk/pix_clkx5
    OLOGIC_X0Y18         OSERDESE2                                    r  hdmi_transmitter/inst/serial_clk/oserdes_m/CLK
  -------------------------------------------------------------------    -------------------
    OLOGIC_X0Y18         OSERDESE2 (Prop_oserdese2_CLK_OQ)
                                                      0.472    -0.386 r  hdmi_transmitter/inst/serial_clk/oserdes_m/OQ
                         net (fo=1, routed)           0.001    -0.385    hdmi_transmitter/inst/tmdsclk
    U16                  OBUFDS (Prop_obufds_I_OB)    1.838     1.453 r  hdmi_transmitter/inst/OBUFDS_CLK/OB
                         net (fo=0)                   0.000     1.453    hdmi_clk_n
    V17                                                               r  hdmi_clk_n (OUT)
  -------------------------------------------------------------------    -------------------

Slack:                    inf
  Source:                 hdmi_transmitter/inst/serial_clk/oserdes_m/CLK
                            (rising edge-triggered cell OSERDESE2 clocked by clk_out2_clk_wiz_0_1  {rise@0.000ns fall@4.000ns period=8.000ns})
  Destination:            hdmi_clk_p
                            (output port)
  Path Group:             (none)
  Path Type:              Max at Slow Process Corner
  Data Path Delay:        2.310ns  (logic 2.309ns (99.957%)  route 0.001ns (0.043%))
  Logic Levels:           1  (OBUFDS=1)
  Clock Uncertainty:      0.165ns  ((TSJ^2 + DJ^2)^1/2) / 2 + PE
    Total System Jitter     (TSJ):    0.050ns
    Discrete Jitter          (DJ):    0.124ns
    Phase Error              (PE):    0.099ns

    Location             Delay type                Incr(ns)  Path(ns)    Netlist Resource(s)
  -------------------------------------------------------------------    -------------------
                         (clock clk_out2_clk_wiz_0_1 rise edge)
                                                      0.000     0.000 r  
    N15                                               0.000     0.000 r  clk_100mhz (IN)
                         net (fo=0)                   0.000     0.000    clk_gen/inst/clk_in1
    N15                  IBUF (Prop_ibuf_I_O)         1.440     1.440 r  clk_gen/inst/clkin1_ibufg/O
                         net (fo=1, routed)           1.233     2.673    clk_gen/inst/clk_in1_clk_wiz_0
    MMCME2_ADV_X0Y0      MMCME2_ADV (Prop_mmcme2_adv_CLKIN1_CLKOUT1)
                                                     -6.965    -4.291 r  clk_gen/inst/mmcm_adv_inst/CLKOUT1
                         net (fo=1, routed)           1.666    -2.625    clk_gen/inst/clk_out2_clk_wiz_0
    BUFGCTRL_X0Y1        BUFG (Prop_bufg_I_O)         0.096    -2.529 r  clk_gen/inst/clkout2_buf/O
                         net (fo=8, routed)           1.671    -0.858    hdmi_transmitter/inst/serial_clk/pix_clkx5
    OLOGIC_X0Y18         OSERDESE2                                    r  hdmi_transmitter/inst/serial_clk/oserdes_m/CLK
  -------------------------------------------------------------------    -------------------
    OLOGIC_X0Y18         OSERDESE2 (Prop_oserdese2_CLK_OQ)
                                                      0.472    -0.386 r  hdmi_transmitter/inst/serial_clk/oserdes_m/OQ
                         net (fo=1, routed)           0.001    -0.385    hdmi_transmitter/inst/tmdsclk
    U16                  OBUFDS (Prop_obufds_I_O)     1.837     1.452 r  hdmi_transmitter/inst/OBUFDS_CLK/O
                         net (fo=0)                   0.000     1.452    hdmi_clk_p
    U16                                                               r  hdmi_clk_p (OUT)
  -------------------------------------------------------------------    -------------------

Slack:                    inf
  Source:                 hdmi_transmitter/inst/serial_g/oserdes_m/CLK
                            (rising edge-triggered cell OSERDESE2 clocked by clk_out2_clk_wiz_0_1  {rise@0.000ns fall@4.000ns period=8.000ns})
  Destination:            hdmi_data_n[1]
                            (output port)
  Path Group:             (none)
  Path Type:              Max at Slow Process Corner
  Data Path Delay:        2.312ns  (logic 2.311ns (99.957%)  route 0.001ns (0.043%))
  Logic Levels:           1  (OBUFDS=1)
  Clock Uncertainty:      0.165ns  ((TSJ^2 + DJ^2)^1/2) / 2 + PE
    Total System Jitter     (TSJ):    0.050ns
    Discrete Jitter          (DJ):    0.124ns
    Phase Error              (PE):    0.099ns

    Location             Delay type                Incr(ns)  Path(ns)    Netlist Resource(s)
  -------------------------------------------------------------------    -------------------
                         (clock clk_out2_clk_wiz_0_1 rise edge)
                                                      0.000     0.000 r  
    N15                                               0.000     0.000 r  clk_100mhz (IN)
                         net (fo=0)                   0.000     0.000    clk_gen/inst/clk_in1
    N15                  IBUF (Prop_ibuf_I_O)         1.440     1.440 r  clk_gen/inst/clkin1_ibufg/O
                         net (fo=1, routed)           1.233     2.673    clk_gen/inst/clk_in1_clk_wiz_0
    MMCME2_ADV_X0Y0      MMCME2_ADV (Prop_mmcme2_adv_CLKIN1_CLKOUT1)
                                                     -6.965    -4.291 r  clk_gen/inst/mmcm_adv_inst/CLKOUT1
                         net (fo=1, routed)           1.666    -2.625    clk_gen/inst/clk_out2_clk_wiz_0
    BUFGCTRL_X0Y1        BUFG (Prop_bufg_I_O)         0.096    -2.529 r  clk_gen/inst/clkout2_buf/O
                         net (fo=8, routed)           1.665    -0.864    hdmi_transmitter/inst/serial_g/pix_clkx5
    OLOGIC_X0Y22         OSERDESE2                                    r  hdmi_transmitter/inst/serial_g/oserdes_m/CLK
  -------------------------------------------------------------------    -------------------
    OLOGIC_X0Y22         OSERDESE2 (Prop_oserdese2_CLK_OQ)
                                                      0.472    -0.392 r  hdmi_transmitter/inst/serial_g/oserdes_m/OQ
                         net (fo=1, routed)           0.001    -0.391    hdmi_transmitter/inst/TMDSINT_1
    R16                  OBUFDS (Prop_obufds_I_OB)    1.839     1.447 r  hdmi_transmitter/inst/OBUFDS_G/OB
                         net (fo=0)                   0.000     1.447    hdmi_data_n[1]
    R17                                                               r  hdmi_data_n[1] (OUT)
  -------------------------------------------------------------------    -------------------

Slack:                    inf
  Source:                 hdmi_transmitter/inst/serial_b/oserdes_m/CLK
                            (rising edge-triggered cell OSERDESE2 clocked by clk_out2_clk_wiz_0_1  {rise@0.000ns fall@4.000ns period=8.000ns})
  Destination:            hdmi_data_n[0]
                            (output port)
  Path Group:             (none)
  Path Type:              Max at Slow Process Corner
  Data Path Delay:        2.310ns  (logic 2.309ns (99.957%)  route 0.001ns (0.043%))
  Logic Levels:           1  (OBUFDS=1)
  Clock Uncertainty:      0.165ns  ((TSJ^2 + DJ^2)^1/2) / 2 + PE
    Total System Jitter     (TSJ):    0.050ns
    Discrete Jitter          (DJ):    0.124ns
    Phase Error              (PE):    0.099ns

    Location             Delay type                Incr(ns)  Path(ns)    Netlist Resource(s)
  -------------------------------------------------------------------    -------------------
                         (clock clk_out2_clk_wiz_0_1 rise edge)
                                                      0.000     0.000 r  
    N15                                               0.000     0.000 r  clk_100mhz (IN)
                         net (fo=0)                   0.000     0.000    clk_gen/inst/clk_in1
    N15                  IBUF (Prop_ibuf_I_O)         1.440     1.440 r  clk_gen/inst/clkin1_ibufg/O
                         net (fo=1, routed)           1.233     2.673    clk_gen/inst/clk_in1_clk_wiz_0
    MMCME2_ADV_X0Y0      MMCME2_ADV (Prop_mmcme2_adv_CLKIN1_CLKOUT1)
                                                     -6.965    -4.291 r  clk_gen/inst/mmcm_adv_inst/CLKOUT1
                         net (fo=1, routed)           1.666    -2.625    clk_gen/inst/clk_out2_clk_wiz_0
    BUFGCTRL_X0Y1        BUFG (Prop_bufg_I_O)         0.096    -2.529 r  clk_gen/inst/clkout2_buf/O
                         net (fo=8, routed)           1.666    -0.863    hdmi_transmitter/inst/serial_b/pix_clkx5
    OLOGIC_X0Y20         OSERDESE2                                    r  hdmi_transmitter/inst/serial_b/oserdes_m/CLK
  -------------------------------------------------------------------    -------------------
    OLOGIC_X0Y20         OSERDESE2 (Prop_oserdese2_CLK_OQ)
                                                      0.472    -0.391 r  hdmi_transmitter/inst/serial_b/oserdes_m/OQ
                         net (fo=1, routed)           0.001    -0.390    hdmi_transmitter/inst/TMDSINT_0
    U17                  OBUFDS (Prop_obufds_I_OB)    1.837     1.447 r  hdmi_transmitter/inst/OBUFDS_B/OB
                         net (fo=0)                   0.000     1.447    hdmi_data_n[0]
    U18                                                               r  hdmi_data_n[0] (OUT)
  -------------------------------------------------------------------    -------------------

Slack:                    inf
  Source:                 hdmi_transmitter/inst/serial_g/oserdes_m/CLK
                            (rising edge-triggered cell OSERDESE2 clocked by clk_out2_clk_wiz_0_1  {rise@0.000ns fall@4.000ns period=8.000ns})
  Destination:            hdmi_data_p[1]
                            (output port)
  Path Group:             (none)
  Path Type:              Max at Slow Process Corner
  Data Path Delay:        2.311ns  (logic 2.310ns (99.957%)  route 0.001ns (0.043%))
  Logic Levels:           1  (OBUFDS=1)
  Clock Uncertainty:      0.165ns  ((TSJ^2 + DJ^2)^1/2) / 2 + PE
    Total System Jitter     (TSJ):    0.050ns
    Discrete Jitter          (DJ):    0.124ns
    Phase Error              (PE):    0.099ns

    Location             Delay type                Incr(ns)  Path(ns)    Netlist Resource(s)
  -------------------------------------------------------------------    -------------------
                         (clock clk_out2_clk_wiz_0_1 rise edge)
                                                      0.000     0.000 r  
    N15                                               0.000     0.000 r  clk_100mhz (IN)
                         net (fo=0)                   0.000     0.000    clk_gen/inst/clk_in1
    N15                  IBUF (Prop_ibuf_I_O)         1.440     1.440 r  clk_gen/inst/clkin1_ibufg/O
                         net (fo=1, routed)           1.233     2.673    clk_gen/inst/clk_in1_clk_wiz_0
    MMCME2_ADV_X0Y0      MMCME2_ADV (Prop_mmcme2_adv_CLKIN1_CLKOUT1)
                                                     -6.965    -4.291 r  clk_gen/inst/mmcm_adv_inst/CLKOUT1
                         net (fo=1, routed)           1.666    -2.625    clk_gen/inst/clk_out2_clk_wiz_0
    BUFGCTRL_X0Y1        BUFG (Prop_bufg_I_O)         0.096    -2.529 r  clk_gen/inst/clkout2_buf/O
                         net (fo=8, routed)           1.665    -0.864    hdmi_transmitter/inst/serial_g/pix_clkx5
    OLOGIC_X0Y22         OSERDESE2                                    r  hdmi_transmitter/inst/serial_g/oserdes_m/CLK
  -------------------------------------------------------------------    -------------------
    OLOGIC_X0Y22         OSERDESE2 (Prop_oserdese2_CLK_OQ)
                                                      0.472    -0.392 r  hdmi_transmitter/inst/serial_g/oserdes_m/OQ
                         net (fo=1, routed)           0.001    -0.391    hdmi_transmitter/inst/TMDSINT_1
    R16                  OBUFDS (Prop_obufds_I_O)     1.838     1.446 r  hdmi_transmitter/inst/OBUFDS_G/O
                         net (fo=0)                   0.000     1.446    hdmi_data_p[1]
    R16                                                               r  hdmi_data_p[1] (OUT)
  -------------------------------------------------------------------    -------------------

Slack:                    inf
  Source:                 hdmi_transmitter/inst/serial_b/oserdes_m/CLK
                            (rising edge-triggered cell OSERDESE2 clocked by clk_out2_clk_wiz_0_1  {rise@0.000ns fall@4.000ns period=8.000ns})
  Destination:            hdmi_data_p[0]
                            (output port)
  Path Group:             (none)
  Path Type:              Max at Slow Process Corner
  Data Path Delay:        2.309ns  (logic 2.308ns (99.957%)  route 0.001ns (0.043%))
  Logic Levels:           1  (OBUFDS=1)
  Clock Uncertainty:      0.165ns  ((TSJ^2 + DJ^2)^1/2) / 2 + PE
    Total System Jitter     (TSJ):    0.050ns
    Discrete Jitter          (DJ):    0.124ns
    Phase Error              (PE):    0.099ns

    Location             Delay type                Incr(ns)  Path(ns)    Netlist Resource(s)
  -------------------------------------------------------------------    -------------------
                         (clock clk_out2_clk_wiz_0_1 rise edge)
                                                      0.000     0.000 r  
    N15                                               0.000     0.000 r  clk_100mhz (IN)
                         net (fo=0)                   0.000     0.000    clk_gen/inst/clk_in1
    N15                  IBUF (Prop_ibuf_I_O)         1.440     1.440 r  clk_gen/inst/clkin1_ibufg/O
                         net (fo=1, routed)           1.233     2.673    clk_gen/inst/clk_in1_clk_wiz_0
    MMCME2_ADV_X0Y0      MMCME2_ADV (Prop_mmcme2_adv_CLKIN1_CLKOUT1)
                                                     -6.965    -4.291 r  clk_gen/inst/mmcm_adv_inst/CLKOUT1
                         net (fo=1, routed)           1.666    -2.625    clk_gen/inst/clk_out2_clk_wiz_0
    BUFGCTRL_X0Y1        BUFG (Prop_bufg_I_O)         0.096    -2.529 r  clk_gen/inst/clkout2_buf/O
                         net (fo=8, routed)           1.666    -0.863    hdmi_transmitter/inst/serial_b/pix_clkx5
    OLOGIC_X0Y20         OSERDESE2                                    r  hdmi_transmitter/inst/serial_b/oserdes_m/CLK
  -------------------------------------------------------------------    -------------------
    OLOGIC_X0Y20         OSERDESE2 (Prop_oserdese2_CLK_OQ)
                                                      0.472    -0.391 r  hdmi_transmitter/inst/serial_b/oserdes_m/OQ
                         net (fo=1, routed)           0.001    -0.390    hdmi_transmitter/inst/TMDSINT_0
    U17                  OBUFDS (Prop_obufds_I_O)     1.836     1.446 r  hdmi_transmitter/inst/OBUFDS_B/O
                         net (fo=0)                   0.000     1.446    hdmi_data_p[0]
    U17                                                               r  hdmi_data_p[0] (OUT)
  -------------------------------------------------------------------    -------------------

Slack:                    inf
  Source:                 hdmi_transmitter/inst/serial_r/oserdes_m/CLK
                            (rising edge-triggered cell OSERDESE2 clocked by clk_out2_clk_wiz_0_1  {rise@0.000ns fall@4.000ns period=8.000ns})
  Destination:            hdmi_data_n[2]
                            (output port)
  Path Group:             (none)
  Path Type:              Max at Slow Process Corner
  Data Path Delay:        2.299ns  (logic 2.298ns (99.956%)  route 0.001ns (0.043%))
  Logic Levels:           1  (OBUFDS=1)
  Clock Uncertainty:      0.165ns  ((TSJ^2 + DJ^2)^1/2) / 2 + PE
    Total System Jitter     (TSJ):    0.050ns
    Discrete Jitter          (DJ):    0.124ns
    Phase Error              (PE):    0.099ns

    Location             Delay type                Incr(ns)  Path(ns)    Netlist Resource(s)
  -------------------------------------------------------------------    -------------------
                         (clock clk_out2_clk_wiz_0_1 rise edge)
                                                      0.000     0.000 r  
    N15                                               0.000     0.000 r  clk_100mhz (IN)
                         net (fo=0)                   0.000     0.000    clk_gen/inst/clk_in1
    N15                  IBUF (Prop_ibuf_I_O)         1.440     1.440 r  clk_gen/inst/clkin1_ibufg/O
                         net (fo=1, routed)           1.233     2.673    clk_gen/inst/clk_in1_clk_wiz_0
    MMCME2_ADV_X0Y0      MMCME2_ADV (Prop_mmcme2_adv_CLKIN1_CLKOUT1)
                                                     -6.965    -4.291 r  clk_gen/inst/mmcm_adv_inst/CLKOUT1
                         net (fo=1, routed)           1.666    -2.625    clk_gen/inst/clk_out2_clk_wiz_0
    BUFGCTRL_X0Y1        BUFG (Prop_bufg_I_O)         0.096    -2.529 r  clk_gen/inst/clkout2_buf/O
                         net (fo=8, routed)           1.663    -0.866    hdmi_transmitter/inst/serial_r/pix_clkx5
    OLOGIC_X0Y24         OSERDESE2                                    r  hdmi_transmitter/inst/serial_r/oserdes_m/CLK
  -------------------------------------------------------------------    -------------------
    OLOGIC_X0Y24         OSERDESE2 (Prop_oserdese2_CLK_OQ)
                                                      0.472    -0.394 r  hdmi_transmitter/inst/serial_r/oserdes_m/OQ
                         net (fo=1, routed)           0.001    -0.393    hdmi_transmitter/inst/TMDSINT_2
    R14                  OBUFDS (Prop_obufds_I_OB)    1.826     1.433 r  hdmi_transmitter/inst/OBUFDS_R/OB
                         net (fo=0)                   0.000     1.433    hdmi_data_n[2]
    T14                                                               r  hdmi_data_n[2] (OUT)
  -------------------------------------------------------------------    -------------------

Slack:                    inf
  Source:                 hdmi_transmitter/inst/serial_r/oserdes_m/CLK
                            (rising edge-triggered cell OSERDESE2 clocked by clk_out2_clk_wiz_0_1  {rise@0.000ns fall@4.000ns period=8.000ns})
  Destination:            hdmi_data_p[2]
                            (output port)
  Path Group:             (none)
  Path Type:              Max at Slow Process Corner
  Data Path Delay:        2.298ns  (logic 2.297ns (99.956%)  route 0.001ns (0.044%))
  Logic Levels:           1  (OBUFDS=1)
  Clock Uncertainty:      0.165ns  ((TSJ^2 + DJ^2)^1/2) / 2 + PE
    Total System Jitter     (TSJ):    0.050ns
    Discrete Jitter          (DJ):    0.124ns
    Phase Error              (PE):    0.099ns

    Location             Delay type                Incr(ns)  Path(ns)    Netlist Resource(s)
  -------------------------------------------------------------------    -------------------
                         (clock clk_out2_clk_wiz_0_1 rise edge)
                                                      0.000     0.000 r  
    N15                                               0.000     0.000 r  clk_100mhz (IN)
                         net (fo=0)                   0.000     0.000    clk_gen/inst/clk_in1
    N15                  IBUF (Prop_ibuf_I_O)         1.440     1.440 r  clk_gen/inst/clkin1_ibufg/O
                         net (fo=1, routed)           1.233     2.673    clk_gen/inst/clk_in1_clk_wiz_0
    MMCME2_ADV_X0Y0      MMCME2_ADV (Prop_mmcme2_adv_CLKIN1_CLKOUT1)
                                                     -6.965    -4.291 r  clk_gen/inst/mmcm_adv_inst/CLKOUT1
                         net (fo=1, routed)           1.666    -2.625    clk_gen/inst/clk_out2_clk_wiz_0
    BUFGCTRL_X0Y1        BUFG (Prop_bufg_I_O)         0.096    -2.529 r  clk_gen/inst/clkout2_buf/O
                         net (fo=8, routed)           1.663    -0.866    hdmi_transmitter/inst/serial_r/pix_clkx5
    OLOGIC_X0Y24         OSERDESE2                                    r  hdmi_transmitter/inst/serial_r/oserdes_m/CLK
  -------------------------------------------------------------------    -------------------
    OLOGIC_X0Y24         OSERDESE2 (Prop_oserdese2_CLK_OQ)
                                                      0.472    -0.394 r  hdmi_transmitter/inst/serial_r/oserdes_m/OQ
                         net (fo=1, routed)           0.001    -0.393    hdmi_transmitter/inst/TMDSINT_2
    R14                  OBUFDS (Prop_obufds_I_O)     1.825     1.432 r  hdmi_transmitter/inst/OBUFDS_R/O
                         net (fo=0)                   0.000     1.432    hdmi_data_p[2]
    R14                                                               r  hdmi_data_p[2] (OUT)
  -------------------------------------------------------------------    -------------------





Min Delay Paths
--------------------------------------------------------------------------------------
Slack:                    inf
  Source:                 hdmi_transmitter/inst/serial_r/oserdes_m/CLK
                            (rising edge-triggered cell OSERDESE2 clocked by clk_out2_clk_wiz_0_1  {rise@0.000ns fall@4.000ns period=8.000ns})
  Destination:            hdmi_data_p[2]
                            (output port)
  Path Group:             (none)
  Path Type:              Min at Fast Process Corner
  Data Path Delay:        0.952ns  (logic 0.951ns (99.895%)  route 0.001ns (0.105%))
  Logic Levels:           1  (OBUFDS=1)
  Clock Uncertainty:      0.165ns  ((TSJ^2 + DJ^2)^1/2) / 2 + PE
    Total System Jitter     (TSJ):    0.050ns
    Discrete Jitter          (DJ):    0.124ns
    Phase Error              (PE):    0.099ns

    Location             Delay type                Incr(ns)  Path(ns)    Netlist Resource(s)
  -------------------------------------------------------------------    -------------------
                         (clock clk_out2_clk_wiz_0_1 rise edge)
                                                      0.000     0.000 r  
    N15                                               0.000     0.000 r  clk_100mhz (IN)
                         net (fo=0)                   0.000     0.000    clk_gen/inst/clk_in1
    N15                  IBUF (Prop_ibuf_I_O)         0.209     0.209 r  clk_gen/inst/clkin1_ibufg/O
                         net (fo=1, routed)           0.440     0.649    clk_gen/inst/clk_in1_clk_wiz_0
    MMCME2_ADV_X0Y0      MMCME2_ADV (Prop_mmcme2_adv_CLKIN1_CLKOUT1)
                                                     -2.362    -1.714 r  clk_gen/inst/mmcm_adv_inst/CLKOUT1
                         net (fo=1, routed)           0.489    -1.225    clk_gen/inst/clk_out2_clk_wiz_0
    BUFGCTRL_X0Y1        BUFG (Prop_bufg_I_O)         0.026    -1.199 r  clk_gen/inst/clkout2_buf/O
                         net (fo=8, routed)           0.580    -0.619    hdmi_transmitter/inst/serial_r/pix_clkx5
    OLOGIC_X0Y24         OSERDESE2                                    r  hdmi_transmitter/inst/serial_r/oserdes_m/CLK
  -------------------------------------------------------------------    -------------------
    OLOGIC_X0Y24         OSERDESE2 (Prop_oserdese2_CLK_OQ)
                                                      0.177    -0.442 r  hdmi_transmitter/inst/serial_r/oserdes_m/OQ
                         net (fo=1, routed)           0.001    -0.441    hdmi_transmitter/inst/TMDSINT_2
    R14                  OBUFDS (Prop_obufds_I_O)     0.774     0.333 r  hdmi_transmitter/inst/OBUFDS_R/O
                         net (fo=0)                   0.000     0.333    hdmi_data_p[2]
    R14                                                               r  hdmi_data_p[2] (OUT)
  -------------------------------------------------------------------    -------------------

Slack:                    inf
  Source:                 hdmi_transmitter/inst/serial_r/oserdes_m/CLK
                            (rising edge-triggered cell OSERDESE2 clocked by clk_out2_clk_wiz_0_1  {rise@0.000ns fall@4.000ns period=8.000ns})
  Destination:            hdmi_data_n[2]
                            (output port)
  Path Group:             (none)
  Path Type:              Min at Fast Process Corner
  Data Path Delay:        0.953ns  (logic 0.952ns (99.895%)  route 0.001ns (0.105%))
  Logic Levels:           1  (OBUFDS=1)
  Clock Uncertainty:      0.165ns  ((TSJ^2 + DJ^2)^1/2) / 2 + PE
    Total System Jitter     (TSJ):    0.050ns
    Discrete Jitter          (DJ):    0.124ns
    Phase Error              (PE):    0.099ns

    Location             Delay type                Incr(ns)  Path(ns)    Netlist Resource(s)
  -------------------------------------------------------------------    -------------------
                         (clock clk_out2_clk_wiz_0_1 rise edge)
                                                      0.000     0.000 r  
    N15                                               0.000     0.000 r  clk_100mhz (IN)
                         net (fo=0)                   0.000     0.000    clk_gen/inst/clk_in1
    N15                  IBUF (Prop_ibuf_I_O)         0.209     0.209 r  clk_gen/inst/clkin1_ibufg/O
                         net (fo=1, routed)           0.440     0.649    clk_gen/inst/clk_in1_clk_wiz_0
    MMCME2_ADV_X0Y0      MMCME2_ADV (Prop_mmcme2_adv_CLKIN1_CLKOUT1)
                                                     -2.362    -1.714 r  clk_gen/inst/mmcm_adv_inst/CLKOUT1
                         net (fo=1, routed)           0.489    -1.225    clk_gen/inst/clk_out2_clk_wiz_0
    BUFGCTRL_X0Y1        BUFG (Prop_bufg_I_O)         0.026    -1.199 r  clk_gen/inst/clkout2_buf/O
                         net (fo=8, routed)           0.580    -0.619    hdmi_transmitter/inst/serial_r/pix_clkx5
    OLOGIC_X0Y24         OSERDESE2                                    r  hdmi_transmitter/inst/serial_r/oserdes_m/CLK
  -------------------------------------------------------------------    -------------------
    OLOGIC_X0Y24         OSERDESE2 (Prop_oserdese2_CLK_OQ)
                                                      0.177    -0.442 r  hdmi_transmitter/inst/serial_r/oserdes_m/OQ
                         net (fo=1, routed)           0.001    -0.441    hdmi_transmitter/inst/TMDSINT_2
    R14                  OBUFDS (Prop_obufds_I_OB)    0.775     0.334 r  hdmi_transmitter/inst/OBUFDS_R/OB
                         net (fo=0)                   0.000     0.334    hdmi_data_n[2]
    T14                                                               r  hdmi_data_n[2] (OUT)
  -------------------------------------------------------------------    -------------------

Slack:                    inf
  Source:                 hdmi_transmitter/inst/serial_b/oserdes_m/CLK
                            (rising edge-triggered cell OSERDESE2 clocked by clk_out2_clk_wiz_0_1  {rise@0.000ns fall@4.000ns period=8.000ns})
  Destination:            hdmi_data_p[0]
                            (output port)
  Path Group:             (none)
  Path Type:              Min at Fast Process Corner
  Data Path Delay:        0.963ns  (logic 0.962ns (99.896%)  route 0.001ns (0.104%))
  Logic Levels:           1  (OBUFDS=1)
  Clock Uncertainty:      0.165ns  ((TSJ^2 + DJ^2)^1/2) / 2 + PE
    Total System Jitter     (TSJ):    0.050ns
    Discrete Jitter          (DJ):    0.124ns
    Phase Error              (PE):    0.099ns

    Location             Delay type                Incr(ns)  Path(ns)    Netlist Resource(s)
  -------------------------------------------------------------------    -------------------
                         (clock clk_out2_clk_wiz_0_1 rise edge)
                                                      0.000     0.000 r  
    N15                                               0.000     0.000 r  clk_100mhz (IN)
                         net (fo=0)                   0.000     0.000    clk_gen/inst/clk_in1
    N15                  IBUF (Prop_ibuf_I_O)         0.209     0.209 r  clk_gen/inst/clkin1_ibufg/O
                         net (fo=1, routed)           0.440     0.649    clk_gen/inst/clk_in1_clk_wiz_0
    MMCME2_ADV_X0Y0      MMCME2_ADV (Prop_mmcme2_adv_CLKIN1_CLKOUT1)
                                                     -2.362    -1.714 r  clk_gen/inst/mmcm_adv_inst/CLKOUT1
                         net (fo=1, routed)           0.489    -1.225    clk_gen/inst/clk_out2_clk_wiz_0
    BUFGCTRL_X0Y1        BUFG (Prop_bufg_I_O)         0.026    -1.199 r  clk_gen/inst/clkout2_buf/O
                         net (fo=8, routed)           0.582    -0.617    hdmi_transmitter/inst/serial_b/pix_clkx5
    OLOGIC_X0Y20         OSERDESE2                                    r  hdmi_transmitter/inst/serial_b/oserdes_m/CLK
  -------------------------------------------------------------------    -------------------
    OLOGIC_X0Y20         OSERDESE2 (Prop_oserdese2_CLK_OQ)
                                                      0.177    -0.440 r  hdmi_transmitter/inst/serial_b/oserdes_m/OQ
                         net (fo=1, routed)           0.001    -0.439    hdmi_transmitter/inst/TMDSINT_0
    U17                  OBUFDS (Prop_obufds_I_O)     0.785     0.346 r  hdmi_transmitter/inst/OBUFDS_B/O
                         net (fo=0)                   0.000     0.346    hdmi_data_p[0]
    U17                                                               r  hdmi_data_p[0] (OUT)
  -------------------------------------------------------------------    -------------------

Slack:                    inf
  Source:                 hdmi_transmitter/inst/serial_g/oserdes_m/CLK
                            (rising edge-triggered cell OSERDESE2 clocked by clk_out2_clk_wiz_0_1  {rise@0.000ns fall@4.000ns period=8.000ns})
  Destination:            hdmi_data_p[1]
                            (output port)
  Path Group:             (none)
  Path Type:              Min at Fast Process Corner
  Data Path Delay:        0.965ns  (logic 0.964ns (99.896%)  route 0.001ns (0.104%))
  Logic Levels:           1  (OBUFDS=1)
  Clock Uncertainty:      0.165ns  ((TSJ^2 + DJ^2)^1/2) / 2 + PE
    Total System Jitter     (TSJ):    0.050ns
    Discrete Jitter          (DJ):    0.124ns
    Phase Error              (PE):    0.099ns

    Location             Delay type                Incr(ns)  Path(ns)    Netlist Resource(s)
  -------------------------------------------------------------------    -------------------
                         (clock clk_out2_clk_wiz_0_1 rise edge)
                                                      0.000     0.000 r  
    N15                                               0.000     0.000 r  clk_100mhz (IN)
                         net (fo=0)                   0.000     0.000    clk_gen/inst/clk_in1
    N15                  IBUF (Prop_ibuf_I_O)         0.209     0.209 r  clk_gen/inst/clkin1_ibufg/O
                         net (fo=1, routed)           0.440     0.649    clk_gen/inst/clk_in1_clk_wiz_0
    MMCME2_ADV_X0Y0      MMCME2_ADV (Prop_mmcme2_adv_CLKIN1_CLKOUT1)
                                                     -2.362    -1.714 r  clk_gen/inst/mmcm_adv_inst/CLKOUT1
                         net (fo=1, routed)           0.489    -1.225    clk_gen/inst/clk_out2_clk_wiz_0
    BUFGCTRL_X0Y1        BUFG (Prop_bufg_I_O)         0.026    -1.199 r  clk_gen/inst/clkout2_buf/O
                         net (fo=8, routed)           0.581    -0.618    hdmi_transmitter/inst/serial_g/pix_clkx5
    OLOGIC_X0Y22         OSERDESE2                                    r  hdmi_transmitter/inst/serial_g/oserdes_m/CLK
  -------------------------------------------------------------------    -------------------
    OLOGIC_X0Y22         OSERDESE2 (Prop_oserdese2_CLK_OQ)
                                                      0.177    -0.441 r  hdmi_transmitter/inst/serial_g/oserdes_m/OQ
                         net (fo=1, routed)           0.001    -0.440    hdmi_transmitter/inst/TMDSINT_1
    R16                  OBUFDS (Prop_obufds_I_O)     0.787     0.346 r  hdmi_transmitter/inst/OBUFDS_G/O
                         net (fo=0)                   0.000     0.346    hdmi_data_p[1]
    R16                                                               r  hdmi_data_p[1] (OUT)
  -------------------------------------------------------------------    -------------------

Slack:                    inf
  Source:                 hdmi_transmitter/inst/serial_b/oserdes_m/CLK
                            (rising edge-triggered cell OSERDESE2 clocked by clk_out2_clk_wiz_0_1  {rise@0.000ns fall@4.000ns period=8.000ns})
  Destination:            hdmi_data_n[0]
                            (output port)
  Path Group:             (none)
  Path Type:              Min at Fast Process Corner
  Data Path Delay:        0.964ns  (logic 0.963ns (99.896%)  route 0.001ns (0.104%))
  Logic Levels:           1  (OBUFDS=1)
  Clock Uncertainty:      0.165ns  ((TSJ^2 + DJ^2)^1/2) / 2 + PE
    Total System Jitter     (TSJ):    0.050ns
    Discrete Jitter          (DJ):    0.124ns
    Phase Error              (PE):    0.099ns

    Location             Delay type                Incr(ns)  Path(ns)    Netlist Resource(s)
  -------------------------------------------------------------------    -------------------
                         (clock clk_out2_clk_wiz_0_1 rise edge)
                                                      0.000     0.000 r  
    N15                                               0.000     0.000 r  clk_100mhz (IN)
                         net (fo=0)                   0.000     0.000    clk_gen/inst/clk_in1
    N15                  IBUF (Prop_ibuf_I_O)         0.209     0.209 r  clk_gen/inst/clkin1_ibufg/O
                         net (fo=1, routed)           0.440     0.649    clk_gen/inst/clk_in1_clk_wiz_0
    MMCME2_ADV_X0Y0      MMCME2_ADV (Prop_mmcme2_adv_CLKIN1_CLKOUT1)
                                                     -2.362    -1.714 r  clk_gen/inst/mmcm_adv_inst/CLKOUT1
                         net (fo=1, routed)           0.489    -1.225    clk_gen/inst/clk_out2_clk_wiz_0
    BUFGCTRL_X0Y1        BUFG (Prop_bufg_I_O)         0.026    -1.199 r  clk_gen/inst/clkout2_buf/O
                         net (fo=8, routed)           0.582    -0.617    hdmi_transmitter/inst/serial_b/pix_clkx5
    OLOGIC_X0Y20         OSERDESE2                                    r  hdmi_transmitter/inst/serial_b/oserdes_m/CLK
  -------------------------------------------------------------------    -------------------
    OLOGIC_X0Y20         OSERDESE2 (Prop_oserdese2_CLK_OQ)
                                                      0.177    -0.440 r  hdmi_transmitter/inst/serial_b/oserdes_m/OQ
                         net (fo=1, routed)           0.001    -0.439    hdmi_transmitter/inst/TMDSINT_0
    U17                  OBUFDS (Prop_obufds_I_OB)    0.786     0.347 r  hdmi_transmitter/inst/OBUFDS_B/OB
                         net (fo=0)                   0.000     0.347    hdmi_data_n[0]
    U18                                                               r  hdmi_data_n[0] (OUT)
  -------------------------------------------------------------------    -------------------

Slack:                    inf
  Source:                 hdmi_transmitter/inst/serial_g/oserdes_m/CLK
                            (rising edge-triggered cell OSERDESE2 clocked by clk_out2_clk_wiz_0_1  {rise@0.000ns fall@4.000ns period=8.000ns})
  Destination:            hdmi_data_n[1]
                            (output port)
  Path Group:             (none)
  Path Type:              Min at Fast Process Corner
  Data Path Delay:        0.966ns  (logic 0.965ns (99.896%)  route 0.001ns (0.104%))
  Logic Levels:           1  (OBUFDS=1)
  Clock Uncertainty:      0.165ns  ((TSJ^2 + DJ^2)^1/2) / 2 + PE
    Total System Jitter     (TSJ):    0.050ns
    Discrete Jitter          (DJ):    0.124ns
    Phase Error              (PE):    0.099ns

    Location             Delay type                Incr(ns)  Path(ns)    Netlist Resource(s)
  -------------------------------------------------------------------    -------------------
                         (clock clk_out2_clk_wiz_0_1 rise edge)
                                                      0.000     0.000 r  
    N15                                               0.000     0.000 r  clk_100mhz (IN)
                         net (fo=0)                   0.000     0.000    clk_gen/inst/clk_in1
    N15                  IBUF (Prop_ibuf_I_O)         0.209     0.209 r  clk_gen/inst/clkin1_ibufg/O
                         net (fo=1, routed)           0.440     0.649    clk_gen/inst/clk_in1_clk_wiz_0
    MMCME2_ADV_X0Y0      MMCME2_ADV (Prop_mmcme2_adv_CLKIN1_CLKOUT1)
                                                     -2.362    -1.714 r  clk_gen/inst/mmcm_adv_inst/CLKOUT1
                         net (fo=1, routed)           0.489    -1.225    clk_gen/inst/clk_out2_clk_wiz_0
    BUFGCTRL_X0Y1        BUFG (Prop_bufg_I_O)         0.026    -1.199 r  clk_gen/inst/clkout2_buf/O
                         net (fo=8, routed)           0.581    -0.618    hdmi_transmitter/inst/serial_g/pix_clkx5
    OLOGIC_X0Y22         OSERDESE2                                    r  hdmi_transmitter/inst/serial_g/oserdes_m/CLK
  -------------------------------------------------------------------    -------------------
    OLOGIC_X0Y22         OSERDESE2 (Prop_oserdese2_CLK_OQ)
                                                      0.177    -0.441 r  hdmi_transmitter/inst/serial_g/oserdes_m/OQ
                         net (fo=1, routed)           0.001    -0.440    hdmi_transmitter/inst/TMDSINT_1
    R16                  OBUFDS (Prop_obufds_I_OB)    0.788     0.347 r  hdmi_transmitter/inst/OBUFDS_G/OB
                         net (fo=0)                   0.000     0.347    hdmi_data_n[1]
    R17                                                               r  hdmi_data_n[1] (OUT)
  -------------------------------------------------------------------    -------------------

Slack:                    inf
  Source:                 hdmi_transmitter/inst/serial_clk/oserdes_m/CLK
                            (rising edge-triggered cell OSERDESE2 clocked by clk_out2_clk_wiz_0_1  {rise@0.000ns fall@4.000ns period=8.000ns})
  Destination:            hdmi_clk_p
                            (output port)
  Path Group:             (none)
  Path Type:              Min at Fast Process Corner
  Data Path Delay:        0.964ns  (logic 0.963ns (99.896%)  route 0.001ns (0.104%))
  Logic Levels:           1  (OBUFDS=1)
  Clock Uncertainty:      0.165ns  ((TSJ^2 + DJ^2)^1/2) / 2 + PE
    Total System Jitter     (TSJ):    0.050ns
    Discrete Jitter          (DJ):    0.124ns
    Phase Error              (PE):    0.099ns

    Location             Delay type                Incr(ns)  Path(ns)    Netlist Resource(s)
  -------------------------------------------------------------------    -------------------
                         (clock clk_out2_clk_wiz_0_1 rise edge)
                                                      0.000     0.000 r  
    N15                                               0.000     0.000 r  clk_100mhz (IN)
                         net (fo=0)                   0.000     0.000    clk_gen/inst/clk_in1
    N15                  IBUF (Prop_ibuf_I_O)         0.209     0.209 r  clk_gen/inst/clkin1_ibufg/O
                         net (fo=1, routed)           0.440     0.649    clk_gen/inst/clk_in1_clk_wiz_0
    MMCME2_ADV_X0Y0      MMCME2_ADV (Prop_mmcme2_adv_CLKIN1_CLKOUT1)
                                                     -2.362    -1.714 r  clk_gen/inst/mmcm_adv_inst/CLKOUT1
                         net (fo=1, routed)           0.489    -1.225    clk_gen/inst/clk_out2_clk_wiz_0
    BUFGCTRL_X0Y1        BUFG (Prop_bufg_I_O)         0.026    -1.199 r  clk_gen/inst/clkout2_buf/O
                         net (fo=8, routed)           0.584    -0.615    hdmi_transmitter/inst/serial_clk/pix_clkx5
    OLOGIC_X0Y18         OSERDESE2                                    r  hdmi_transmitter/inst/serial_clk/oserdes_m/CLK
  -------------------------------------------------------------------    -------------------
    OLOGIC_X0Y18         OSERDESE2 (Prop_oserdese2_CLK_OQ)
                                                      0.177    -0.438 r  hdmi_transmitter/inst/serial_clk/oserdes_m/OQ
                         net (fo=1, routed)           0.001    -0.437    hdmi_transmitter/inst/tmdsclk
    U16                  OBUFDS (Prop_obufds_I_O)     0.786     0.349 r  hdmi_transmitter/inst/OBUFDS_CLK/O
                         net (fo=0)                   0.000     0.349    hdmi_clk_p
    U16                                                               r  hdmi_clk_p (OUT)
  -------------------------------------------------------------------    -------------------

Slack:                    inf
  Source:                 hdmi_transmitter/inst/serial_clk/oserdes_m/CLK
                            (rising edge-triggered cell OSERDESE2 clocked by clk_out2_clk_wiz_0_1  {rise@0.000ns fall@4.000ns period=8.000ns})
  Destination:            hdmi_clk_n
                            (output port)
  Path Group:             (none)
  Path Type:              Min at Fast Process Corner
  Data Path Delay:        0.965ns  (logic 0.964ns (99.896%)  route 0.001ns (0.104%))
  Logic Levels:           1  (OBUFDS=1)
  Clock Uncertainty:      0.165ns  ((TSJ^2 + DJ^2)^1/2) / 2 + PE
    Total System Jitter     (TSJ):    0.050ns
    Discrete Jitter          (DJ):    0.124ns
    Phase Error              (PE):    0.099ns

    Location             Delay type                Incr(ns)  Path(ns)    Netlist Resource(s)
  -------------------------------------------------------------------    -------------------
                         (clock clk_out2_clk_wiz_0_1 rise edge)
                                                      0.000     0.000 r  
    N15                                               0.000     0.000 r  clk_100mhz (IN)
                         net (fo=0)                   0.000     0.000    clk_gen/inst/clk_in1
    N15                  IBUF (Prop_ibuf_I_O)         0.209     0.209 r  clk_gen/inst/clkin1_ibufg/O
                         net (fo=1, routed)           0.440     0.649    clk_gen/inst/clk_in1_clk_wiz_0
    MMCME2_ADV_X0Y0      MMCME2_ADV (Prop_mmcme2_adv_CLKIN1_CLKOUT1)
                                                     -2.362    -1.714 r  clk_gen/inst/mmcm_adv_inst/CLKOUT1
                         net (fo=1, routed)           0.489    -1.225    clk_gen/inst/clk_out2_clk_wiz_0
    BUFGCTRL_X0Y1        BUFG (Prop_bufg_I_O)         0.026    -1.199 r  clk_gen/inst/clkout2_buf/O
                         net (fo=8, routed)           0.584    -0.615    hdmi_transmitter/inst/serial_clk/pix_clkx5
    OLOGIC_X0Y18         OSERDESE2                                    r  hdmi_transmitter/inst/serial_clk/oserdes_m/CLK
  -------------------------------------------------------------------    -------------------
    OLOGIC_X0Y18         OSERDESE2 (Prop_oserdese2_CLK_OQ)
                                                      0.177    -0.438 r  hdmi_transmitter/inst/serial_clk/oserdes_m/OQ
                         net (fo=1, routed)           0.001    -0.437    hdmi_transmitter/inst/tmdsclk
    U16                  OBUFDS (Prop_obufds_I_OB)    0.787     0.350 r  hdmi_transmitter/inst/OBUFDS_CLK/OB
                         net (fo=0)                   0.000     0.350    hdmi_clk_n
    V17                                                               r  hdmi_clk_n (OUT)
  -------------------------------------------------------------------    -------------------





--------------------------------------------------------------------------------------
Path Group:  (none)
From Clock:  clkfbout_clk_wiz_0_1
  To Clock:  

Max Delay             1 Endpoint
Min Delay             1 Endpoint
--------------------------------------------------------------------------------------


Max Delay Paths
--------------------------------------------------------------------------------------
Slack:                    inf
  Source:                 clk_gen/inst/mmcm_adv_inst/CLKFBOUT
                            (clock source 'clkfbout_clk_wiz_0_1'  {rise@0.000ns fall@5.000ns period=10.000ns})
  Destination:            clk_gen/inst/mmcm_adv_inst/CLKFBIN
  Path Group:             (none)
  Path Type:              Max at Fast Process Corner
  Data Path Delay:        1.378ns  (logic 0.029ns (2.104%)  route 1.349ns (97.896%))
  Logic Levels:           1  (BUFG=1)
  Clock Uncertainty:      0.147ns  ((TSJ^2 + DJ^2)^1/2) / 2 + PE
    Total System Jitter     (TSJ):    0.050ns
    Discrete Jitter          (DJ):    0.083ns
    Phase Error              (PE):    0.099ns

    Location             Delay type                Incr(ns)  Path(ns)    Netlist Resource(s)
  -------------------------------------------------------------------    -------------------
                         (clock clkfbout_clk_wiz_0_1 fall edge)
                                                      5.000     5.000 f  
    N15                                               0.000     5.000 f  clk_100mhz (IN)
                         net (fo=0)                   0.000     5.000    clk_gen/inst/clk_in1
    N15                  IBUF (Prop_ibuf_I_O)         0.396     5.396 f  clk_gen/inst/clkin1_ibufg/O
                         net (fo=1, routed)           0.480     5.876    clk_gen/inst/clk_in1_clk_wiz_0
  -------------------------------------------------------------------    -------------------
    MMCME2_ADV_X0Y0      MMCME2_ADV (Prop_mmcme2_adv_CLKIN1_CLKFBOUT)
                                                     -3.145     2.731 f  clk_gen/inst/mmcm_adv_inst/CLKFBOUT
                         net (fo=1, routed)           0.534     3.265    clk_gen/inst/clkfbout_clk_wiz_0
    BUFGCTRL_X0Y2        BUFG (Prop_bufg_I_O)         0.029     3.294 f  clk_gen/inst/clkf_buf/O
                         net (fo=1, routed)           0.816     4.109    clk_gen/inst/clkfbout_buf_clk_wiz_0
    MMCME2_ADV_X0Y0      MMCME2_ADV                                   f  clk_gen/inst/mmcm_adv_inst/CLKFBIN
  -------------------------------------------------------------------    -------------------





Min Delay Paths
--------------------------------------------------------------------------------------
Slack:                    inf
  Source:                 clk_gen/inst/mmcm_adv_inst/CLKFBOUT
                            (clock source 'clkfbout_clk_wiz_0_1'  {rise@0.000ns fall@5.000ns period=10.000ns})
  Destination:            clk_gen/inst/mmcm_adv_inst/CLKFBIN
  Path Group:             (none)
  Path Type:              Min at Slow Process Corner
  Data Path Delay:        3.133ns  (logic 0.091ns (2.904%)  route 3.042ns (97.096%))
  Logic Levels:           1  (BUFG=1)
  Clock Uncertainty:      0.147ns  ((TSJ^2 + DJ^2)^1/2) / 2 + PE
    Total System Jitter     (TSJ):    0.050ns
    Discrete Jitter          (DJ):    0.083ns
    Phase Error              (PE):    0.099ns

    Location             Delay type                Incr(ns)  Path(ns)    Netlist Resource(s)
  -------------------------------------------------------------------    -------------------
                         (clock clkfbout_clk_wiz_0_1 rise edge)
                                                      0.000     0.000 r  
    N15                                               0.000     0.000 r  clk_100mhz (IN)
                         net (fo=0)                   0.000     0.000    clk_gen/inst/clk_in1
    N15                  IBUF (Prop_ibuf_I_O)         1.370     1.370 r  clk_gen/inst/clkin1_ibufg/O
                         net (fo=1, routed)           1.162     2.532    clk_gen/inst/clk_in1_clk_wiz_0
  -------------------------------------------------------------------    -------------------
    MMCME2_ADV_X0Y0      MMCME2_ADV (Prop_mmcme2_adv_CLKIN1_CLKFBOUT)
                                                     -7.221    -4.689 r  clk_gen/inst/mmcm_adv_inst/CLKFBOUT
                         net (fo=1, routed)           1.587    -3.102    clk_gen/inst/clkfbout_clk_wiz_0
    BUFGCTRL_X0Y2        BUFG (Prop_bufg_I_O)         0.091    -3.011 r  clk_gen/inst/clkf_buf/O
                         net (fo=1, routed)           1.455    -1.556    clk_gen/inst/clkfbout_buf_clk_wiz_0
    MMCME2_ADV_X0Y0      MMCME2_ADV                                   r  clk_gen/inst/mmcm_adv_inst/CLKFBIN
  -------------------------------------------------------------------    -------------------





--------------------------------------------------------------------------------------
Path Group:  (none)
From Clock:  
  To Clock:  clk_out1_clk_wiz_0_1

Max Delay         11233 Endpoints
Min Delay         11233 Endpoints
--------------------------------------------------------------------------------------


Max Delay Paths
--------------------------------------------------------------------------------------
Slack:                    inf
  Source:                 reset_btn
                            (input port)
  Destination:            neural_net/hidden_mem_reg[22][47]/R
                            (rising edge-triggered cell FDRE clocked by clk_out1_clk_wiz_0_1  {rise@0.000ns fall@20.000ns period=40.000ns})
  Path Group:             (none)
  Path Type:              Setup (Max at Slow Process Corner)
  Data Path Delay:        21.021ns  (logic 1.688ns (8.032%)  route 19.332ns (91.968%))
  Logic Levels:           4  (IBUF=1 LUT2=1 LUT6=2)
  Clock Path Skew:        -1.509ns (DCD - SCD + CPR)
    Destination Clock Delay (DCD):    -1.509ns
    Source Clock Delay      (SCD):    0.000ns
    Clock Pessimism Removal (CPR):    0.000ns
  Clock Uncertainty:      0.186ns  ((TSJ^2 + DJ^2)^1/2) / 2 + PE
    Total System Jitter     (TSJ):    0.050ns
    Discrete Jitter          (DJ):    0.168ns
    Phase Error              (PE):    0.099ns

    Location             Delay type                Incr(ns)  Path(ns)    Netlist Resource(s)
  -------------------------------------------------------------------    -------------------
    J2                                                0.000     0.000 f  reset_btn (IN)
                         net (fo=0)                   0.000     0.000    reset_btn
    J2                   IBUF (Prop_ibuf_I_O)         1.316     1.316 f  reset_btn_IBUF_inst/O
                         net (fo=5, routed)           3.845     5.161    neural_net/reset_btn_IBUF
    SLICE_X7Y31          LUT6 (Prop_lut6_I1_O)        0.124     5.285 r  neural_net/hidden_mem[127][47]_i_6/O
                         net (fo=144, routed)         4.071     9.356    neural_net/hidden_mem
    SLICE_X47Y55         LUT6 (Prop_lut6_I5_O)        0.124     9.480 r  neural_net/hidden_mem[22][47]_i_2/O
                         net (fo=41, routed)          4.189    13.669    neural_net/hidden_mem[22][47]_i_2_n_0
    SLICE_X49Y35         LUT2 (Prop_lut2_I0_O)        0.124    13.793 r  neural_net/hidden_mem[22][47]_i_1/O
                         net (fo=40, routed)          7.227    21.021    neural_net/hidden_mem[22][47]_i_1_n_0
    SLICE_X59Y63         FDRE                                         r  neural_net/hidden_mem_reg[22][47]/R
  -------------------------------------------------------------------    -------------------

                         (clock clk_out1_clk_wiz_0_1 rise edge)
                                                      0.000     0.000 r  
    N15                                               0.000     0.000 r  clk_100mhz (IN)
                         net (fo=0)                   0.000     0.000    clk_gen/inst/clk_in1
    N15                  IBUF (Prop_ibuf_I_O)         1.370     1.370 r  clk_gen/inst/clkin1_ibufg/O
                         net (fo=1, routed)           1.162     2.532    clk_gen/inst/clk_in1_clk_wiz_0
    MMCME2_ADV_X0Y0      MMCME2_ADV (Prop_mmcme2_adv_CLKIN1_CLKOUT0)
                                                     -7.221    -4.689 r  clk_gen/inst/mmcm_adv_inst/CLKOUT0
                         net (fo=1, routed)           1.587    -3.102    clk_gen/inst/clk_out1_clk_wiz_0
    BUFGCTRL_X0Y0        BUFG (Prop_bufg_I_O)         0.091    -3.011 r  clk_gen/inst/clkout1_buf/O
                         net (fo=11230, routed)       1.503    -1.509    neural_net/clk_out1
    SLICE_X59Y63         FDRE                                         r  neural_net/hidden_mem_reg[22][47]/C

Slack:                    inf
  Source:                 reset_btn
                            (input port)
  Destination:            neural_net/hidden_mem_reg[22][20]/R
                            (rising edge-triggered cell FDRE clocked by clk_out1_clk_wiz_0_1  {rise@0.000ns fall@20.000ns period=40.000ns})
  Path Group:             (none)
  Path Type:              Setup (Max at Slow Process Corner)
  Data Path Delay:        21.015ns  (logic 1.688ns (8.035%)  route 19.326ns (91.965%))
  Logic Levels:           4  (IBUF=1 LUT2=1 LUT6=2)
  Clock Path Skew:        -1.507ns (DCD - SCD + CPR)
    Destination Clock Delay (DCD):    -1.507ns
    Source Clock Delay      (SCD):    0.000ns
    Clock Pessimism Removal (CPR):    0.000ns
  Clock Uncertainty:      0.186ns  ((TSJ^2 + DJ^2)^1/2) / 2 + PE
    Total System Jitter     (TSJ):    0.050ns
    Discrete Jitter          (DJ):    0.168ns
    Phase Error              (PE):    0.099ns

    Location             Delay type                Incr(ns)  Path(ns)    Netlist Resource(s)
  -------------------------------------------------------------------    -------------------
    J2                                                0.000     0.000 f  reset_btn (IN)
                         net (fo=0)                   0.000     0.000    reset_btn
    J2                   IBUF (Prop_ibuf_I_O)         1.316     1.316 f  reset_btn_IBUF_inst/O
                         net (fo=5, routed)           3.845     5.161    neural_net/reset_btn_IBUF
    SLICE_X7Y31          LUT6 (Prop_lut6_I1_O)        0.124     5.285 r  neural_net/hidden_mem[127][47]_i_6/O
                         net (fo=144, routed)         4.071     9.356    neural_net/hidden_mem
    SLICE_X47Y55         LUT6 (Prop_lut6_I5_O)        0.124     9.480 r  neural_net/hidden_mem[22][47]_i_2/O
                         net (fo=41, routed)          4.189    13.669    neural_net/hidden_mem[22][47]_i_2_n_0
    SLICE_X49Y35         LUT2 (Prop_lut2_I0_O)        0.124    13.793 r  neural_net/hidden_mem[22][47]_i_1/O
                         net (fo=40, routed)          7.221    21.015    neural_net/hidden_mem[22][47]_i_1_n_0
    SLICE_X58Y61         FDRE                                         r  neural_net/hidden_mem_reg[22][20]/R
  -------------------------------------------------------------------    -------------------

                         (clock clk_out1_clk_wiz_0_1 rise edge)
                                                      0.000     0.000 r  
    N15                                               0.000     0.000 r  clk_100mhz (IN)
                         net (fo=0)                   0.000     0.000    clk_gen/inst/clk_in1
    N15                  IBUF (Prop_ibuf_I_O)         1.370     1.370 r  clk_gen/inst/clkin1_ibufg/O
                         net (fo=1, routed)           1.162     2.532    clk_gen/inst/clk_in1_clk_wiz_0
    MMCME2_ADV_X0Y0      MMCME2_ADV (Prop_mmcme2_adv_CLKIN1_CLKOUT0)
                                                     -7.221    -4.689 r  clk_gen/inst/mmcm_adv_inst/CLKOUT0
                         net (fo=1, routed)           1.587    -3.102    clk_gen/inst/clk_out1_clk_wiz_0
    BUFGCTRL_X0Y0        BUFG (Prop_bufg_I_O)         0.091    -3.011 r  clk_gen/inst/clkout1_buf/O
                         net (fo=11230, routed)       1.505    -1.507    neural_net/clk_out1
    SLICE_X58Y61         FDRE                                         r  neural_net/hidden_mem_reg[22][20]/C

Slack:                    inf
  Source:                 reset_btn
                            (input port)
  Destination:            neural_net/hidden_mem_reg[22][32]/R
                            (rising edge-triggered cell FDRE clocked by clk_out1_clk_wiz_0_1  {rise@0.000ns fall@20.000ns period=40.000ns})
  Path Group:             (none)
  Path Type:              Setup (Max at Slow Process Corner)
  Data Path Delay:        21.015ns  (logic 1.688ns (8.035%)  route 19.326ns (91.965%))
  Logic Levels:           4  (IBUF=1 LUT2=1 LUT6=2)
  Clock Path Skew:        -1.507ns (DCD - SCD + CPR)
    Destination Clock Delay (DCD):    -1.507ns
    Source Clock Delay      (SCD):    0.000ns
    Clock Pessimism Removal (CPR):    0.000ns
  Clock Uncertainty:      0.186ns  ((TSJ^2 + DJ^2)^1/2) / 2 + PE
    Total System Jitter     (TSJ):    0.050ns
    Discrete Jitter          (DJ):    0.168ns
    Phase Error              (PE):    0.099ns

    Location             Delay type                Incr(ns)  Path(ns)    Netlist Resource(s)
  -------------------------------------------------------------------    -------------------
    J2                                                0.000     0.000 f  reset_btn (IN)
                         net (fo=0)                   0.000     0.000    reset_btn
    J2                   IBUF (Prop_ibuf_I_O)         1.316     1.316 f  reset_btn_IBUF_inst/O
                         net (fo=5, routed)           3.845     5.161    neural_net/reset_btn_IBUF
    SLICE_X7Y31          LUT6 (Prop_lut6_I1_O)        0.124     5.285 r  neural_net/hidden_mem[127][47]_i_6/O
                         net (fo=144, routed)         4.071     9.356    neural_net/hidden_mem
    SLICE_X47Y55         LUT6 (Prop_lut6_I5_O)        0.124     9.480 r  neural_net/hidden_mem[22][47]_i_2/O
                         net (fo=41, routed)          4.189    13.669    neural_net/hidden_mem[22][47]_i_2_n_0
    SLICE_X49Y35         LUT2 (Prop_lut2_I0_O)        0.124    13.793 r  neural_net/hidden_mem[22][47]_i_1/O
                         net (fo=40, routed)          7.221    21.015    neural_net/hidden_mem[22][47]_i_1_n_0
    SLICE_X58Y61         FDRE                                         r  neural_net/hidden_mem_reg[22][32]/R
  -------------------------------------------------------------------    -------------------

                         (clock clk_out1_clk_wiz_0_1 rise edge)
                                                      0.000     0.000 r  
    N15                                               0.000     0.000 r  clk_100mhz (IN)
                         net (fo=0)                   0.000     0.000    clk_gen/inst/clk_in1
    N15                  IBUF (Prop_ibuf_I_O)         1.370     1.370 r  clk_gen/inst/clkin1_ibufg/O
                         net (fo=1, routed)           1.162     2.532    clk_gen/inst/clk_in1_clk_wiz_0
    MMCME2_ADV_X0Y0      MMCME2_ADV (Prop_mmcme2_adv_CLKIN1_CLKOUT0)
                                                     -7.221    -4.689 r  clk_gen/inst/mmcm_adv_inst/CLKOUT0
                         net (fo=1, routed)           1.587    -3.102    clk_gen/inst/clk_out1_clk_wiz_0
    BUFGCTRL_X0Y0        BUFG (Prop_bufg_I_O)         0.091    -3.011 r  clk_gen/inst/clkout1_buf/O
                         net (fo=11230, routed)       1.505    -1.507    neural_net/clk_out1
    SLICE_X58Y61         FDRE                                         r  neural_net/hidden_mem_reg[22][32]/C

Slack:                    inf
  Source:                 reset_btn
                            (input port)
  Destination:            neural_net/hidden_mem_reg[22][36]/R
                            (rising edge-triggered cell FDRE clocked by clk_out1_clk_wiz_0_1  {rise@0.000ns fall@20.000ns period=40.000ns})
  Path Group:             (none)
  Path Type:              Setup (Max at Slow Process Corner)
  Data Path Delay:        21.015ns  (logic 1.688ns (8.035%)  route 19.326ns (91.965%))
  Logic Levels:           4  (IBUF=1 LUT2=1 LUT6=2)
  Clock Path Skew:        -1.507ns (DCD - SCD + CPR)
    Destination Clock Delay (DCD):    -1.507ns
    Source Clock Delay      (SCD):    0.000ns
    Clock Pessimism Removal (CPR):    0.000ns
  Clock Uncertainty:      0.186ns  ((TSJ^2 + DJ^2)^1/2) / 2 + PE
    Total System Jitter     (TSJ):    0.050ns
    Discrete Jitter          (DJ):    0.168ns
    Phase Error              (PE):    0.099ns

    Location             Delay type                Incr(ns)  Path(ns)    Netlist Resource(s)
  -------------------------------------------------------------------    -------------------
    J2                                                0.000     0.000 f  reset_btn (IN)
                         net (fo=0)                   0.000     0.000    reset_btn
    J2                   IBUF (Prop_ibuf_I_O)         1.316     1.316 f  reset_btn_IBUF_inst/O
                         net (fo=5, routed)           3.845     5.161    neural_net/reset_btn_IBUF
    SLICE_X7Y31          LUT6 (Prop_lut6_I1_O)        0.124     5.285 r  neural_net/hidden_mem[127][47]_i_6/O
                         net (fo=144, routed)         4.071     9.356    neural_net/hidden_mem
    SLICE_X47Y55         LUT6 (Prop_lut6_I5_O)        0.124     9.480 r  neural_net/hidden_mem[22][47]_i_2/O
                         net (fo=41, routed)          4.189    13.669    neural_net/hidden_mem[22][47]_i_2_n_0
    SLICE_X49Y35         LUT2 (Prop_lut2_I0_O)        0.124    13.793 r  neural_net/hidden_mem[22][47]_i_1/O
                         net (fo=40, routed)          7.221    21.015    neural_net/hidden_mem[22][47]_i_1_n_0
    SLICE_X58Y61         FDRE                                         r  neural_net/hidden_mem_reg[22][36]/R
  -------------------------------------------------------------------    -------------------

                         (clock clk_out1_clk_wiz_0_1 rise edge)
                                                      0.000     0.000 r  
    N15                                               0.000     0.000 r  clk_100mhz (IN)
                         net (fo=0)                   0.000     0.000    clk_gen/inst/clk_in1
    N15                  IBUF (Prop_ibuf_I_O)         1.370     1.370 r  clk_gen/inst/clkin1_ibufg/O
                         net (fo=1, routed)           1.162     2.532    clk_gen/inst/clk_in1_clk_wiz_0
    MMCME2_ADV_X0Y0      MMCME2_ADV (Prop_mmcme2_adv_CLKIN1_CLKOUT0)
                                                     -7.221    -4.689 r  clk_gen/inst/mmcm_adv_inst/CLKOUT0
                         net (fo=1, routed)           1.587    -3.102    clk_gen/inst/clk_out1_clk_wiz_0
    BUFGCTRL_X0Y0        BUFG (Prop_bufg_I_O)         0.091    -3.011 r  clk_gen/inst/clkout1_buf/O
                         net (fo=11230, routed)       1.505    -1.507    neural_net/clk_out1
    SLICE_X58Y61         FDRE                                         r  neural_net/hidden_mem_reg[22][36]/C

Slack:                    inf
  Source:                 reset_btn
                            (input port)
  Destination:            neural_net/hidden_mem_reg[22][39]/R
                            (rising edge-triggered cell FDRE clocked by clk_out1_clk_wiz_0_1  {rise@0.000ns fall@20.000ns period=40.000ns})
  Path Group:             (none)
  Path Type:              Setup (Max at Slow Process Corner)
  Data Path Delay:        21.015ns  (logic 1.688ns (8.035%)  route 19.326ns (91.965%))
  Logic Levels:           4  (IBUF=1 LUT2=1 LUT6=2)
  Clock Path Skew:        -1.507ns (DCD - SCD + CPR)
    Destination Clock Delay (DCD):    -1.507ns
    Source Clock Delay      (SCD):    0.000ns
    Clock Pessimism Removal (CPR):    0.000ns
  Clock Uncertainty:      0.186ns  ((TSJ^2 + DJ^2)^1/2) / 2 + PE
    Total System Jitter     (TSJ):    0.050ns
    Discrete Jitter          (DJ):    0.168ns
    Phase Error              (PE):    0.099ns

    Location             Delay type                Incr(ns)  Path(ns)    Netlist Resource(s)
  -------------------------------------------------------------------    -------------------
    J2                                                0.000     0.000 f  reset_btn (IN)
                         net (fo=0)                   0.000     0.000    reset_btn
    J2                   IBUF (Prop_ibuf_I_O)         1.316     1.316 f  reset_btn_IBUF_inst/O
                         net (fo=5, routed)           3.845     5.161    neural_net/reset_btn_IBUF
    SLICE_X7Y31          LUT6 (Prop_lut6_I1_O)        0.124     5.285 r  neural_net/hidden_mem[127][47]_i_6/O
                         net (fo=144, routed)         4.071     9.356    neural_net/hidden_mem
    SLICE_X47Y55         LUT6 (Prop_lut6_I5_O)        0.124     9.480 r  neural_net/hidden_mem[22][47]_i_2/O
                         net (fo=41, routed)          4.189    13.669    neural_net/hidden_mem[22][47]_i_2_n_0
    SLICE_X49Y35         LUT2 (Prop_lut2_I0_O)        0.124    13.793 r  neural_net/hidden_mem[22][47]_i_1/O
                         net (fo=40, routed)          7.221    21.015    neural_net/hidden_mem[22][47]_i_1_n_0
    SLICE_X58Y61         FDRE                                         r  neural_net/hidden_mem_reg[22][39]/R
  -------------------------------------------------------------------    -------------------

                         (clock clk_out1_clk_wiz_0_1 rise edge)
                                                      0.000     0.000 r  
    N15                                               0.000     0.000 r  clk_100mhz (IN)
                         net (fo=0)                   0.000     0.000    clk_gen/inst/clk_in1
    N15                  IBUF (Prop_ibuf_I_O)         1.370     1.370 r  clk_gen/inst/clkin1_ibufg/O
                         net (fo=1, routed)           1.162     2.532    clk_gen/inst/clk_in1_clk_wiz_0
    MMCME2_ADV_X0Y0      MMCME2_ADV (Prop_mmcme2_adv_CLKIN1_CLKOUT0)
                                                     -7.221    -4.689 r  clk_gen/inst/mmcm_adv_inst/CLKOUT0
                         net (fo=1, routed)           1.587    -3.102    clk_gen/inst/clk_out1_clk_wiz_0
    BUFGCTRL_X0Y0        BUFG (Prop_bufg_I_O)         0.091    -3.011 r  clk_gen/inst/clkout1_buf/O
                         net (fo=11230, routed)       1.505    -1.507    neural_net/clk_out1
    SLICE_X58Y61         FDRE                                         r  neural_net/hidden_mem_reg[22][39]/C

Slack:                    inf
  Source:                 reset_btn
                            (input port)
  Destination:            neural_net/hidden_mem_reg[22][24]/R
                            (rising edge-triggered cell FDRE clocked by clk_out1_clk_wiz_0_1  {rise@0.000ns fall@20.000ns period=40.000ns})
  Path Group:             (none)
  Path Type:              Setup (Max at Slow Process Corner)
  Data Path Delay:        20.997ns  (logic 1.688ns (8.041%)  route 19.309ns (91.959%))
  Logic Levels:           4  (IBUF=1 LUT2=1 LUT6=2)
  Clock Path Skew:        -1.508ns (DCD - SCD + CPR)
    Destination Clock Delay (DCD):    -1.508ns
    Source Clock Delay      (SCD):    0.000ns
    Clock Pessimism Removal (CPR):    0.000ns
  Clock Uncertainty:      0.186ns  ((TSJ^2 + DJ^2)^1/2) / 2 + PE
    Total System Jitter     (TSJ):    0.050ns
    Discrete Jitter          (DJ):    0.168ns
    Phase Error              (PE):    0.099ns

    Location             Delay type                Incr(ns)  Path(ns)    Netlist Resource(s)
  -------------------------------------------------------------------    -------------------
    J2                                                0.000     0.000 f  reset_btn (IN)
                         net (fo=0)                   0.000     0.000    reset_btn
    J2                   IBUF (Prop_ibuf_I_O)         1.316     1.316 f  reset_btn_IBUF_inst/O
                         net (fo=5, routed)           3.845     5.161    neural_net/reset_btn_IBUF
    SLICE_X7Y31          LUT6 (Prop_lut6_I1_O)        0.124     5.285 r  neural_net/hidden_mem[127][47]_i_6/O
                         net (fo=144, routed)         4.071     9.356    neural_net/hidden_mem
    SLICE_X47Y55         LUT6 (Prop_lut6_I5_O)        0.124     9.480 r  neural_net/hidden_mem[22][47]_i_2/O
                         net (fo=41, routed)          4.189    13.669    neural_net/hidden_mem[22][47]_i_2_n_0
    SLICE_X49Y35         LUT2 (Prop_lut2_I0_O)        0.124    13.793 r  neural_net/hidden_mem[22][47]_i_1/O
                         net (fo=40, routed)          7.204    20.997    neural_net/hidden_mem[22][47]_i_1_n_0
    SLICE_X65Y64         FDRE                                         r  neural_net/hidden_mem_reg[22][24]/R
  -------------------------------------------------------------------    -------------------

                         (clock clk_out1_clk_wiz_0_1 rise edge)
                                                      0.000     0.000 r  
    N15                                               0.000     0.000 r  clk_100mhz (IN)
                         net (fo=0)                   0.000     0.000    clk_gen/inst/clk_in1
    N15                  IBUF (Prop_ibuf_I_O)         1.370     1.370 r  clk_gen/inst/clkin1_ibufg/O
                         net (fo=1, routed)           1.162     2.532    clk_gen/inst/clk_in1_clk_wiz_0
    MMCME2_ADV_X0Y0      MMCME2_ADV (Prop_mmcme2_adv_CLKIN1_CLKOUT0)
                                                     -7.221    -4.689 r  clk_gen/inst/mmcm_adv_inst/CLKOUT0
                         net (fo=1, routed)           1.587    -3.102    clk_gen/inst/clk_out1_clk_wiz_0
    BUFGCTRL_X0Y0        BUFG (Prop_bufg_I_O)         0.091    -3.011 r  clk_gen/inst/clkout1_buf/O
                         net (fo=11230, routed)       1.504    -1.508    neural_net/clk_out1
    SLICE_X65Y64         FDRE                                         r  neural_net/hidden_mem_reg[22][24]/C

Slack:                    inf
  Source:                 reset_btn
                            (input port)
  Destination:            neural_net/hidden_mem_reg[22][23]/R
                            (rising edge-triggered cell FDRE clocked by clk_out1_clk_wiz_0_1  {rise@0.000ns fall@20.000ns period=40.000ns})
  Path Group:             (none)
  Path Type:              Setup (Max at Slow Process Corner)
  Data Path Delay:        20.812ns  (logic 1.688ns (8.113%)  route 19.124ns (91.887%))
  Logic Levels:           4  (IBUF=1 LUT2=1 LUT6=2)
  Clock Path Skew:        -1.513ns (DCD - SCD + CPR)
    Destination Clock Delay (DCD):    -1.513ns
    Source Clock Delay      (SCD):    0.000ns
    Clock Pessimism Removal (CPR):    0.000ns
  Clock Uncertainty:      0.186ns  ((TSJ^2 + DJ^2)^1/2) / 2 + PE
    Total System Jitter     (TSJ):    0.050ns
    Discrete Jitter          (DJ):    0.168ns
    Phase Error              (PE):    0.099ns

    Location             Delay type                Incr(ns)  Path(ns)    Netlist Resource(s)
  -------------------------------------------------------------------    -------------------
    J2                                                0.000     0.000 f  reset_btn (IN)
                         net (fo=0)                   0.000     0.000    reset_btn
    J2                   IBUF (Prop_ibuf_I_O)         1.316     1.316 f  reset_btn_IBUF_inst/O
                         net (fo=5, routed)           3.845     5.161    neural_net/reset_btn_IBUF
    SLICE_X7Y31          LUT6 (Prop_lut6_I1_O)        0.124     5.285 r  neural_net/hidden_mem[127][47]_i_6/O
                         net (fo=144, routed)         4.071     9.356    neural_net/hidden_mem
    SLICE_X47Y55         LUT6 (Prop_lut6_I5_O)        0.124     9.480 r  neural_net/hidden_mem[22][47]_i_2/O
                         net (fo=41, routed)          4.189    13.669    neural_net/hidden_mem[22][47]_i_2_n_0
    SLICE_X49Y35         LUT2 (Prop_lut2_I0_O)        0.124    13.793 r  neural_net/hidden_mem[22][47]_i_1/O
                         net (fo=40, routed)          7.019    20.812    neural_net/hidden_mem[22][47]_i_1_n_0
    SLICE_X65Y68         FDRE                                         r  neural_net/hidden_mem_reg[22][23]/R
  -------------------------------------------------------------------    -------------------

                         (clock clk_out1_clk_wiz_0_1 rise edge)
                                                      0.000     0.000 r  
    N15                                               0.000     0.000 r  clk_100mhz (IN)
                         net (fo=0)                   0.000     0.000    clk_gen/inst/clk_in1
    N15                  IBUF (Prop_ibuf_I_O)         1.370     1.370 r  clk_gen/inst/clkin1_ibufg/O
                         net (fo=1, routed)           1.162     2.532    clk_gen/inst/clk_in1_clk_wiz_0
    MMCME2_ADV_X0Y0      MMCME2_ADV (Prop_mmcme2_adv_CLKIN1_CLKOUT0)
                                                     -7.221    -4.689 r  clk_gen/inst/mmcm_adv_inst/CLKOUT0
                         net (fo=1, routed)           1.587    -3.102    clk_gen/inst/clk_out1_clk_wiz_0
    BUFGCTRL_X0Y0        BUFG (Prop_bufg_I_O)         0.091    -3.011 r  clk_gen/inst/clkout1_buf/O
                         net (fo=11230, routed)       1.499    -1.513    neural_net/clk_out1
    SLICE_X65Y68         FDRE                                         r  neural_net/hidden_mem_reg[22][23]/C

Slack:                    inf
  Source:                 reset_btn
                            (input port)
  Destination:            neural_net/hidden_mem_reg[22][30]/R
                            (rising edge-triggered cell FDRE clocked by clk_out1_clk_wiz_0_1  {rise@0.000ns fall@20.000ns period=40.000ns})
  Path Group:             (none)
  Path Type:              Setup (Max at Slow Process Corner)
  Data Path Delay:        20.812ns  (logic 1.688ns (8.113%)  route 19.124ns (91.887%))
  Logic Levels:           4  (IBUF=1 LUT2=1 LUT6=2)
  Clock Path Skew:        -1.513ns (DCD - SCD + CPR)
    Destination Clock Delay (DCD):    -1.513ns
    Source Clock Delay      (SCD):    0.000ns
    Clock Pessimism Removal (CPR):    0.000ns
  Clock Uncertainty:      0.186ns  ((TSJ^2 + DJ^2)^1/2) / 2 + PE
    Total System Jitter     (TSJ):    0.050ns
    Discrete Jitter          (DJ):    0.168ns
    Phase Error              (PE):    0.099ns

    Location             Delay type                Incr(ns)  Path(ns)    Netlist Resource(s)
  -------------------------------------------------------------------    -------------------
    J2                                                0.000     0.000 f  reset_btn (IN)
                         net (fo=0)                   0.000     0.000    reset_btn
    J2                   IBUF (Prop_ibuf_I_O)         1.316     1.316 f  reset_btn_IBUF_inst/O
                         net (fo=5, routed)           3.845     5.161    neural_net/reset_btn_IBUF
    SLICE_X7Y31          LUT6 (Prop_lut6_I1_O)        0.124     5.285 r  neural_net/hidden_mem[127][47]_i_6/O
                         net (fo=144, routed)         4.071     9.356    neural_net/hidden_mem
    SLICE_X47Y55         LUT6 (Prop_lut6_I5_O)        0.124     9.480 r  neural_net/hidden_mem[22][47]_i_2/O
                         net (fo=41, routed)          4.189    13.669    neural_net/hidden_mem[22][47]_i_2_n_0
    SLICE_X49Y35         LUT2 (Prop_lut2_I0_O)        0.124    13.793 r  neural_net/hidden_mem[22][47]_i_1/O
                         net (fo=40, routed)          7.019    20.812    neural_net/hidden_mem[22][47]_i_1_n_0
    SLICE_X65Y68         FDRE                                         r  neural_net/hidden_mem_reg[22][30]/R
  -------------------------------------------------------------------    -------------------

                         (clock clk_out1_clk_wiz_0_1 rise edge)
                                                      0.000     0.000 r  
    N15                                               0.000     0.000 r  clk_100mhz (IN)
                         net (fo=0)                   0.000     0.000    clk_gen/inst/clk_in1
    N15                  IBUF (Prop_ibuf_I_O)         1.370     1.370 r  clk_gen/inst/clkin1_ibufg/O
                         net (fo=1, routed)           1.162     2.532    clk_gen/inst/clk_in1_clk_wiz_0
    MMCME2_ADV_X0Y0      MMCME2_ADV (Prop_mmcme2_adv_CLKIN1_CLKOUT0)
                                                     -7.221    -4.689 r  clk_gen/inst/mmcm_adv_inst/CLKOUT0
                         net (fo=1, routed)           1.587    -3.102    clk_gen/inst/clk_out1_clk_wiz_0
    BUFGCTRL_X0Y0        BUFG (Prop_bufg_I_O)         0.091    -3.011 r  clk_gen/inst/clkout1_buf/O
                         net (fo=11230, routed)       1.499    -1.513    neural_net/clk_out1
    SLICE_X65Y68         FDRE                                         r  neural_net/hidden_mem_reg[22][30]/C

Slack:                    inf
  Source:                 reset_btn
                            (input port)
  Destination:            neural_net/hidden_mem_reg[22][34]/R
                            (rising edge-triggered cell FDRE clocked by clk_out1_clk_wiz_0_1  {rise@0.000ns fall@20.000ns period=40.000ns})
  Path Group:             (none)
  Path Type:              Setup (Max at Slow Process Corner)
  Data Path Delay:        20.812ns  (logic 1.688ns (8.113%)  route 19.124ns (91.887%))
  Logic Levels:           4  (IBUF=1 LUT2=1 LUT6=2)
  Clock Path Skew:        -1.513ns (DCD - SCD + CPR)
    Destination Clock Delay (DCD):    -1.513ns
    Source Clock Delay      (SCD):    0.000ns
    Clock Pessimism Removal (CPR):    0.000ns
  Clock Uncertainty:      0.186ns  ((TSJ^2 + DJ^2)^1/2) / 2 + PE
    Total System Jitter     (TSJ):    0.050ns
    Discrete Jitter          (DJ):    0.168ns
    Phase Error              (PE):    0.099ns

    Location             Delay type                Incr(ns)  Path(ns)    Netlist Resource(s)
  -------------------------------------------------------------------    -------------------
    J2                                                0.000     0.000 f  reset_btn (IN)
                         net (fo=0)                   0.000     0.000    reset_btn
    J2                   IBUF (Prop_ibuf_I_O)         1.316     1.316 f  reset_btn_IBUF_inst/O
                         net (fo=5, routed)           3.845     5.161    neural_net/reset_btn_IBUF
    SLICE_X7Y31          LUT6 (Prop_lut6_I1_O)        0.124     5.285 r  neural_net/hidden_mem[127][47]_i_6/O
                         net (fo=144, routed)         4.071     9.356    neural_net/hidden_mem
    SLICE_X47Y55         LUT6 (Prop_lut6_I5_O)        0.124     9.480 r  neural_net/hidden_mem[22][47]_i_2/O
                         net (fo=41, routed)          4.189    13.669    neural_net/hidden_mem[22][47]_i_2_n_0
    SLICE_X49Y35         LUT2 (Prop_lut2_I0_O)        0.124    13.793 r  neural_net/hidden_mem[22][47]_i_1/O
                         net (fo=40, routed)          7.019    20.812    neural_net/hidden_mem[22][47]_i_1_n_0
    SLICE_X65Y68         FDRE                                         r  neural_net/hidden_mem_reg[22][34]/R
  -------------------------------------------------------------------    -------------------

                         (clock clk_out1_clk_wiz_0_1 rise edge)
                                                      0.000     0.000 r  
    N15                                               0.000     0.000 r  clk_100mhz (IN)
                         net (fo=0)                   0.000     0.000    clk_gen/inst/clk_in1
    N15                  IBUF (Prop_ibuf_I_O)         1.370     1.370 r  clk_gen/inst/clkin1_ibufg/O
                         net (fo=1, routed)           1.162     2.532    clk_gen/inst/clk_in1_clk_wiz_0
    MMCME2_ADV_X0Y0      MMCME2_ADV (Prop_mmcme2_adv_CLKIN1_CLKOUT0)
                                                     -7.221    -4.689 r  clk_gen/inst/mmcm_adv_inst/CLKOUT0
                         net (fo=1, routed)           1.587    -3.102    clk_gen/inst/clk_out1_clk_wiz_0
    BUFGCTRL_X0Y0        BUFG (Prop_bufg_I_O)         0.091    -3.011 r  clk_gen/inst/clkout1_buf/O
                         net (fo=11230, routed)       1.499    -1.513    neural_net/clk_out1
    SLICE_X65Y68         FDRE                                         r  neural_net/hidden_mem_reg[22][34]/C

Slack:                    inf
  Source:                 reset_btn
                            (input port)
  Destination:            neural_net/hidden_mem_reg[22][42]/R
                            (rising edge-triggered cell FDRE clocked by clk_out1_clk_wiz_0_1  {rise@0.000ns fall@20.000ns period=40.000ns})
  Path Group:             (none)
  Path Type:              Setup (Max at Slow Process Corner)
  Data Path Delay:        20.812ns  (logic 1.688ns (8.113%)  route 19.124ns (91.887%))
  Logic Levels:           4  (IBUF=1 LUT2=1 LUT6=2)
  Clock Path Skew:        -1.513ns (DCD - SCD + CPR)
    Destination Clock Delay (DCD):    -1.513ns
    Source Clock Delay      (SCD):    0.000ns
    Clock Pessimism Removal (CPR):    0.000ns
  Clock Uncertainty:      0.186ns  ((TSJ^2 + DJ^2)^1/2) / 2 + PE
    Total System Jitter     (TSJ):    0.050ns
    Discrete Jitter          (DJ):    0.168ns
    Phase Error              (PE):    0.099ns

    Location             Delay type                Incr(ns)  Path(ns)    Netlist Resource(s)
  -------------------------------------------------------------------    -------------------
    J2                                                0.000     0.000 f  reset_btn (IN)
                         net (fo=0)                   0.000     0.000    reset_btn
    J2                   IBUF (Prop_ibuf_I_O)         1.316     1.316 f  reset_btn_IBUF_inst/O
                         net (fo=5, routed)           3.845     5.161    neural_net/reset_btn_IBUF
    SLICE_X7Y31          LUT6 (Prop_lut6_I1_O)        0.124     5.285 r  neural_net/hidden_mem[127][47]_i_6/O
                         net (fo=144, routed)         4.071     9.356    neural_net/hidden_mem
    SLICE_X47Y55         LUT6 (Prop_lut6_I5_O)        0.124     9.480 r  neural_net/hidden_mem[22][47]_i_2/O
                         net (fo=41, routed)          4.189    13.669    neural_net/hidden_mem[22][47]_i_2_n_0
    SLICE_X49Y35         LUT2 (Prop_lut2_I0_O)        0.124    13.793 r  neural_net/hidden_mem[22][47]_i_1/O
                         net (fo=40, routed)          7.019    20.812    neural_net/hidden_mem[22][47]_i_1_n_0
    SLICE_X65Y68         FDRE                                         r  neural_net/hidden_mem_reg[22][42]/R
  -------------------------------------------------------------------    -------------------

                         (clock clk_out1_clk_wiz_0_1 rise edge)
                                                      0.000     0.000 r  
    N15                                               0.000     0.000 r  clk_100mhz (IN)
                         net (fo=0)                   0.000     0.000    clk_gen/inst/clk_in1
    N15                  IBUF (Prop_ibuf_I_O)         1.370     1.370 r  clk_gen/inst/clkin1_ibufg/O
                         net (fo=1, routed)           1.162     2.532    clk_gen/inst/clk_in1_clk_wiz_0
    MMCME2_ADV_X0Y0      MMCME2_ADV (Prop_mmcme2_adv_CLKIN1_CLKOUT0)
                                                     -7.221    -4.689 r  clk_gen/inst/mmcm_adv_inst/CLKOUT0
                         net (fo=1, routed)           1.587    -3.102    clk_gen/inst/clk_out1_clk_wiz_0
    BUFGCTRL_X0Y0        BUFG (Prop_bufg_I_O)         0.091    -3.011 r  clk_gen/inst/clkout1_buf/O
                         net (fo=11230, routed)       1.499    -1.513    neural_net/clk_out1
    SLICE_X65Y68         FDRE                                         r  neural_net/hidden_mem_reg[22][42]/C





Min Delay Paths
--------------------------------------------------------------------------------------
Slack:                    inf
  Source:                 clk_gen/inst/mmcm_adv_inst/LOCKED
                            (internal pin)
  Destination:            hdmi_transmitter/inst/encr/cnt_reg[1]/CLR
                            (removal check against rising-edge clock clk_out1_clk_wiz_0_1  {rise@0.000ns fall@20.000ns period=40.000ns})
  Path Group:             (none)
  Path Type:              Removal (Min at Fast Process Corner)
  Data Path Delay:        0.902ns  (logic 0.045ns (4.991%)  route 0.857ns (95.009%))
  Logic Levels:           1  (LUT2=1)
  Clock Uncertainty:      0.186ns  ((TSJ^2 + DJ^2)^1/2) / 2 + PE
    Total System Jitter     (TSJ):    0.050ns
    Discrete Jitter          (DJ):    0.168ns
    Phase Error              (PE):    0.099ns

    Location             Delay type                Incr(ns)  Path(ns)    Netlist Resource(s)
  -------------------------------------------------------------------    -------------------
    MMCME2_ADV_X0Y0      MMCME2_ADV                   0.000     0.000 r  clk_gen/inst/mmcm_adv_inst/LOCKED
                         net (fo=6, routed)           0.652     0.652    hdmi_transmitter/inst/encr/pix_clk_locked
    SLICE_X3Y21          LUT2 (Prop_lut2_I1_O)        0.045     0.697 f  hdmi_transmitter/inst/encr/oserdes_m_i_1/O
                         net (fo=50, routed)          0.205     0.902    hdmi_transmitter/inst/encr/AR[0]
    SLICE_X3Y19          FDCE                                         f  hdmi_transmitter/inst/encr/cnt_reg[1]/CLR
  -------------------------------------------------------------------    -------------------

                         (clock clk_out1_clk_wiz_0_1 rise edge)
                                                      0.000     0.000 r  
    N15                                               0.000     0.000 r  clk_100mhz (IN)
                         net (fo=0)                   0.000     0.000    clk_gen/inst/clk_in1
    N15                  IBUF (Prop_ibuf_I_O)         0.396     0.396 r  clk_gen/inst/clkin1_ibufg/O
                         net (fo=1, routed)           0.480     0.876    clk_gen/inst/clk_in1_clk_wiz_0
    MMCME2_ADV_X0Y0      MMCME2_ADV (Prop_mmcme2_adv_CLKIN1_CLKOUT0)
                                                     -3.145    -2.269 r  clk_gen/inst/mmcm_adv_inst/CLKOUT0
                         net (fo=1, routed)           0.534    -1.735    clk_gen/inst/clk_out1_clk_wiz_0
    BUFGCTRL_X0Y0        BUFG (Prop_bufg_I_O)         0.029    -1.706 r  clk_gen/inst/clkout1_buf/O
                         net (fo=11230, routed)       0.856    -0.851    hdmi_transmitter/inst/encr/pix_clk
    SLICE_X3Y19          FDCE                                         r  hdmi_transmitter/inst/encr/cnt_reg[1]/C

Slack:                    inf
  Source:                 clk_gen/inst/mmcm_adv_inst/LOCKED
                            (internal pin)
  Destination:            hdmi_transmitter/inst/encr/cnt_reg[4]/CLR
                            (removal check against rising-edge clock clk_out1_clk_wiz_0_1  {rise@0.000ns fall@20.000ns period=40.000ns})
  Path Group:             (none)
  Path Type:              Removal (Min at Fast Process Corner)
  Data Path Delay:        0.902ns  (logic 0.045ns (4.991%)  route 0.857ns (95.009%))
  Logic Levels:           1  (LUT2=1)
  Clock Uncertainty:      0.186ns  ((TSJ^2 + DJ^2)^1/2) / 2 + PE
    Total System Jitter     (TSJ):    0.050ns
    Discrete Jitter          (DJ):    0.168ns
    Phase Error              (PE):    0.099ns

    Location             Delay type                Incr(ns)  Path(ns)    Netlist Resource(s)
  -------------------------------------------------------------------    -------------------
    MMCME2_ADV_X0Y0      MMCME2_ADV                   0.000     0.000 r  clk_gen/inst/mmcm_adv_inst/LOCKED
                         net (fo=6, routed)           0.652     0.652    hdmi_transmitter/inst/encr/pix_clk_locked
    SLICE_X3Y21          LUT2 (Prop_lut2_I1_O)        0.045     0.697 f  hdmi_transmitter/inst/encr/oserdes_m_i_1/O
                         net (fo=50, routed)          0.205     0.902    hdmi_transmitter/inst/encr/AR[0]
    SLICE_X3Y19          FDCE                                         f  hdmi_transmitter/inst/encr/cnt_reg[4]/CLR
  -------------------------------------------------------------------    -------------------

                         (clock clk_out1_clk_wiz_0_1 rise edge)
                                                      0.000     0.000 r  
    N15                                               0.000     0.000 r  clk_100mhz (IN)
                         net (fo=0)                   0.000     0.000    clk_gen/inst/clk_in1
    N15                  IBUF (Prop_ibuf_I_O)         0.396     0.396 r  clk_gen/inst/clkin1_ibufg/O
                         net (fo=1, routed)           0.480     0.876    clk_gen/inst/clk_in1_clk_wiz_0
    MMCME2_ADV_X0Y0      MMCME2_ADV (Prop_mmcme2_adv_CLKIN1_CLKOUT0)
                                                     -3.145    -2.269 r  clk_gen/inst/mmcm_adv_inst/CLKOUT0
                         net (fo=1, routed)           0.534    -1.735    clk_gen/inst/clk_out1_clk_wiz_0
    BUFGCTRL_X0Y0        BUFG (Prop_bufg_I_O)         0.029    -1.706 r  clk_gen/inst/clkout1_buf/O
                         net (fo=11230, routed)       0.856    -0.851    hdmi_transmitter/inst/encr/pix_clk
    SLICE_X3Y19          FDCE                                         r  hdmi_transmitter/inst/encr/cnt_reg[4]/C

Slack:                    inf
  Source:                 clk_gen/inst/mmcm_adv_inst/LOCKED
                            (internal pin)
  Destination:            hdmi_transmitter/inst/encg/dout_reg[3]/CLR
                            (removal check against rising-edge clock clk_out1_clk_wiz_0_1  {rise@0.000ns fall@20.000ns period=40.000ns})
  Path Group:             (none)
  Path Type:              Removal (Min at Fast Process Corner)
  Data Path Delay:        0.902ns  (logic 0.045ns (4.989%)  route 0.857ns (95.011%))
  Logic Levels:           1  (LUT2=1)
  Clock Uncertainty:      0.186ns  ((TSJ^2 + DJ^2)^1/2) / 2 + PE
    Total System Jitter     (TSJ):    0.050ns
    Discrete Jitter          (DJ):    0.168ns
    Phase Error              (PE):    0.099ns

    Location             Delay type                Incr(ns)  Path(ns)    Netlist Resource(s)
  -------------------------------------------------------------------    -------------------
    MMCME2_ADV_X0Y0      MMCME2_ADV                   0.000     0.000 r  clk_gen/inst/mmcm_adv_inst/LOCKED
                         net (fo=6, routed)           0.652     0.652    hdmi_transmitter/inst/encr/pix_clk_locked
    SLICE_X3Y21          LUT2 (Prop_lut2_I1_O)        0.045     0.697 f  hdmi_transmitter/inst/encr/oserdes_m_i_1/O
                         net (fo=50, routed)          0.205     0.902    hdmi_transmitter/inst/encg/AR[0]
    SLICE_X0Y20          FDCE                                         f  hdmi_transmitter/inst/encg/dout_reg[3]/CLR
  -------------------------------------------------------------------    -------------------

                         (clock clk_out1_clk_wiz_0_1 rise edge)
                                                      0.000     0.000 r  
    N15                                               0.000     0.000 r  clk_100mhz (IN)
                         net (fo=0)                   0.000     0.000    clk_gen/inst/clk_in1
    N15                  IBUF (Prop_ibuf_I_O)         0.396     0.396 r  clk_gen/inst/clkin1_ibufg/O
                         net (fo=1, routed)           0.480     0.876    clk_gen/inst/clk_in1_clk_wiz_0
    MMCME2_ADV_X0Y0      MMCME2_ADV (Prop_mmcme2_adv_CLKIN1_CLKOUT0)
                                                     -3.145    -2.269 r  clk_gen/inst/mmcm_adv_inst/CLKOUT0
                         net (fo=1, routed)           0.534    -1.735    clk_gen/inst/clk_out1_clk_wiz_0
    BUFGCTRL_X0Y0        BUFG (Prop_bufg_I_O)         0.029    -1.706 r  clk_gen/inst/clkout1_buf/O
                         net (fo=11230, routed)       0.855    -0.852    hdmi_transmitter/inst/encg/pix_clk
    SLICE_X0Y20          FDCE                                         r  hdmi_transmitter/inst/encg/dout_reg[3]/C

Slack:                    inf
  Source:                 clk_gen/inst/mmcm_adv_inst/LOCKED
                            (internal pin)
  Destination:            hdmi_transmitter/inst/encg/dout_reg[4]/CLR
                            (removal check against rising-edge clock clk_out1_clk_wiz_0_1  {rise@0.000ns fall@20.000ns period=40.000ns})
  Path Group:             (none)
  Path Type:              Removal (Min at Fast Process Corner)
  Data Path Delay:        0.902ns  (logic 0.045ns (4.989%)  route 0.857ns (95.011%))
  Logic Levels:           1  (LUT2=1)
  Clock Uncertainty:      0.186ns  ((TSJ^2 + DJ^2)^1/2) / 2 + PE
    Total System Jitter     (TSJ):    0.050ns
    Discrete Jitter          (DJ):    0.168ns
    Phase Error              (PE):    0.099ns

    Location             Delay type                Incr(ns)  Path(ns)    Netlist Resource(s)
  -------------------------------------------------------------------    -------------------
    MMCME2_ADV_X0Y0      MMCME2_ADV                   0.000     0.000 r  clk_gen/inst/mmcm_adv_inst/LOCKED
                         net (fo=6, routed)           0.652     0.652    hdmi_transmitter/inst/encr/pix_clk_locked
    SLICE_X3Y21          LUT2 (Prop_lut2_I1_O)        0.045     0.697 f  hdmi_transmitter/inst/encr/oserdes_m_i_1/O
                         net (fo=50, routed)          0.205     0.902    hdmi_transmitter/inst/encg/AR[0]
    SLICE_X0Y20          FDCE                                         f  hdmi_transmitter/inst/encg/dout_reg[4]/CLR
  -------------------------------------------------------------------    -------------------

                         (clock clk_out1_clk_wiz_0_1 rise edge)
                                                      0.000     0.000 r  
    N15                                               0.000     0.000 r  clk_100mhz (IN)
                         net (fo=0)                   0.000     0.000    clk_gen/inst/clk_in1
    N15                  IBUF (Prop_ibuf_I_O)         0.396     0.396 r  clk_gen/inst/clkin1_ibufg/O
                         net (fo=1, routed)           0.480     0.876    clk_gen/inst/clk_in1_clk_wiz_0
    MMCME2_ADV_X0Y0      MMCME2_ADV (Prop_mmcme2_adv_CLKIN1_CLKOUT0)
                                                     -3.145    -2.269 r  clk_gen/inst/mmcm_adv_inst/CLKOUT0
                         net (fo=1, routed)           0.534    -1.735    clk_gen/inst/clk_out1_clk_wiz_0
    BUFGCTRL_X0Y0        BUFG (Prop_bufg_I_O)         0.029    -1.706 r  clk_gen/inst/clkout1_buf/O
                         net (fo=11230, routed)       0.855    -0.852    hdmi_transmitter/inst/encg/pix_clk
    SLICE_X0Y20          FDCE                                         r  hdmi_transmitter/inst/encg/dout_reg[4]/C

Slack:                    inf
  Source:                 clk_gen/inst/mmcm_adv_inst/LOCKED
                            (internal pin)
  Destination:            hdmi_transmitter/inst/encg/dout_reg[8]/CLR
                            (removal check against rising-edge clock clk_out1_clk_wiz_0_1  {rise@0.000ns fall@20.000ns period=40.000ns})
  Path Group:             (none)
  Path Type:              Removal (Min at Fast Process Corner)
  Data Path Delay:        0.902ns  (logic 0.045ns (4.989%)  route 0.857ns (95.011%))
  Logic Levels:           1  (LUT2=1)
  Clock Uncertainty:      0.186ns  ((TSJ^2 + DJ^2)^1/2) / 2 + PE
    Total System Jitter     (TSJ):    0.050ns
    Discrete Jitter          (DJ):    0.168ns
    Phase Error              (PE):    0.099ns

    Location             Delay type                Incr(ns)  Path(ns)    Netlist Resource(s)
  -------------------------------------------------------------------    -------------------
    MMCME2_ADV_X0Y0      MMCME2_ADV                   0.000     0.000 r  clk_gen/inst/mmcm_adv_inst/LOCKED
                         net (fo=6, routed)           0.652     0.652    hdmi_transmitter/inst/encr/pix_clk_locked
    SLICE_X3Y21          LUT2 (Prop_lut2_I1_O)        0.045     0.697 f  hdmi_transmitter/inst/encr/oserdes_m_i_1/O
                         net (fo=50, routed)          0.205     0.902    hdmi_transmitter/inst/encg/AR[0]
    SLICE_X0Y20          FDCE                                         f  hdmi_transmitter/inst/encg/dout_reg[8]/CLR
  -------------------------------------------------------------------    -------------------

                         (clock clk_out1_clk_wiz_0_1 rise edge)
                                                      0.000     0.000 r  
    N15                                               0.000     0.000 r  clk_100mhz (IN)
                         net (fo=0)                   0.000     0.000    clk_gen/inst/clk_in1
    N15                  IBUF (Prop_ibuf_I_O)         0.396     0.396 r  clk_gen/inst/clkin1_ibufg/O
                         net (fo=1, routed)           0.480     0.876    clk_gen/inst/clk_in1_clk_wiz_0
    MMCME2_ADV_X0Y0      MMCME2_ADV (Prop_mmcme2_adv_CLKIN1_CLKOUT0)
                                                     -3.145    -2.269 r  clk_gen/inst/mmcm_adv_inst/CLKOUT0
                         net (fo=1, routed)           0.534    -1.735    clk_gen/inst/clk_out1_clk_wiz_0
    BUFGCTRL_X0Y0        BUFG (Prop_bufg_I_O)         0.029    -1.706 r  clk_gen/inst/clkout1_buf/O
                         net (fo=11230, routed)       0.855    -0.852    hdmi_transmitter/inst/encg/pix_clk
    SLICE_X0Y20          FDCE                                         r  hdmi_transmitter/inst/encg/dout_reg[8]/C

Slack:                    inf
  Source:                 clk_gen/inst/mmcm_adv_inst/LOCKED
                            (internal pin)
  Destination:            hdmi_transmitter/inst/encr/dout_reg[8]/CLR
                            (removal check against rising-edge clock clk_out1_clk_wiz_0_1  {rise@0.000ns fall@20.000ns period=40.000ns})
  Path Group:             (none)
  Path Type:              Removal (Min at Fast Process Corner)
  Data Path Delay:        0.902ns  (logic 0.045ns (4.989%)  route 0.857ns (95.011%))
  Logic Levels:           1  (LUT2=1)
  Clock Uncertainty:      0.186ns  ((TSJ^2 + DJ^2)^1/2) / 2 + PE
    Total System Jitter     (TSJ):    0.050ns
    Discrete Jitter          (DJ):    0.168ns
    Phase Error              (PE):    0.099ns

    Location             Delay type                Incr(ns)  Path(ns)    Netlist Resource(s)
  -------------------------------------------------------------------    -------------------
    MMCME2_ADV_X0Y0      MMCME2_ADV                   0.000     0.000 r  clk_gen/inst/mmcm_adv_inst/LOCKED
                         net (fo=6, routed)           0.652     0.652    hdmi_transmitter/inst/encr/pix_clk_locked
    SLICE_X3Y21          LUT2 (Prop_lut2_I1_O)        0.045     0.697 f  hdmi_transmitter/inst/encr/oserdes_m_i_1/O
                         net (fo=50, routed)          0.205     0.902    hdmi_transmitter/inst/encr/AR[0]
    SLICE_X0Y20          FDCE                                         f  hdmi_transmitter/inst/encr/dout_reg[8]/CLR
  -------------------------------------------------------------------    -------------------

                         (clock clk_out1_clk_wiz_0_1 rise edge)
                                                      0.000     0.000 r  
    N15                                               0.000     0.000 r  clk_100mhz (IN)
                         net (fo=0)                   0.000     0.000    clk_gen/inst/clk_in1
    N15                  IBUF (Prop_ibuf_I_O)         0.396     0.396 r  clk_gen/inst/clkin1_ibufg/O
                         net (fo=1, routed)           0.480     0.876    clk_gen/inst/clk_in1_clk_wiz_0
    MMCME2_ADV_X0Y0      MMCME2_ADV (Prop_mmcme2_adv_CLKIN1_CLKOUT0)
                                                     -3.145    -2.269 r  clk_gen/inst/mmcm_adv_inst/CLKOUT0
                         net (fo=1, routed)           0.534    -1.735    clk_gen/inst/clk_out1_clk_wiz_0
    BUFGCTRL_X0Y0        BUFG (Prop_bufg_I_O)         0.029    -1.706 r  clk_gen/inst/clkout1_buf/O
                         net (fo=11230, routed)       0.855    -0.852    hdmi_transmitter/inst/encr/pix_clk
    SLICE_X0Y20          FDCE                                         r  hdmi_transmitter/inst/encr/dout_reg[8]/C

Slack:                    inf
  Source:                 clk_gen/inst/mmcm_adv_inst/LOCKED
                            (internal pin)
  Destination:            hdmi_transmitter/inst/encb/dout_reg[6]/CLR
                            (removal check against rising-edge clock clk_out1_clk_wiz_0_1  {rise@0.000ns fall@20.000ns period=40.000ns})
  Path Group:             (none)
  Path Type:              Removal (Min at Fast Process Corner)
  Data Path Delay:        0.925ns  (logic 0.045ns (4.867%)  route 0.880ns (95.133%))
  Logic Levels:           1  (LUT2=1)
  Clock Uncertainty:      0.186ns  ((TSJ^2 + DJ^2)^1/2) / 2 + PE
    Total System Jitter     (TSJ):    0.050ns
    Discrete Jitter          (DJ):    0.168ns
    Phase Error              (PE):    0.099ns

    Location             Delay type                Incr(ns)  Path(ns)    Netlist Resource(s)
  -------------------------------------------------------------------    -------------------
    MMCME2_ADV_X0Y0      MMCME2_ADV                   0.000     0.000 r  clk_gen/inst/mmcm_adv_inst/LOCKED
                         net (fo=6, routed)           0.652     0.652    hdmi_transmitter/inst/encr/pix_clk_locked
    SLICE_X3Y21          LUT2 (Prop_lut2_I1_O)        0.045     0.697 f  hdmi_transmitter/inst/encr/oserdes_m_i_1/O
                         net (fo=50, routed)          0.228     0.925    hdmi_transmitter/inst/encb/AR[0]
    SLICE_X0Y14          FDCE                                         f  hdmi_transmitter/inst/encb/dout_reg[6]/CLR
  -------------------------------------------------------------------    -------------------

                         (clock clk_out1_clk_wiz_0_1 rise edge)
                                                      0.000     0.000 r  
    N15                                               0.000     0.000 r  clk_100mhz (IN)
                         net (fo=0)                   0.000     0.000    clk_gen/inst/clk_in1
    N15                  IBUF (Prop_ibuf_I_O)         0.396     0.396 r  clk_gen/inst/clkin1_ibufg/O
                         net (fo=1, routed)           0.480     0.876    clk_gen/inst/clk_in1_clk_wiz_0
    MMCME2_ADV_X0Y0      MMCME2_ADV (Prop_mmcme2_adv_CLKIN1_CLKOUT0)
                                                     -3.145    -2.269 r  clk_gen/inst/mmcm_adv_inst/CLKOUT0
                         net (fo=1, routed)           0.534    -1.735    clk_gen/inst/clk_out1_clk_wiz_0
    BUFGCTRL_X0Y0        BUFG (Prop_bufg_I_O)         0.029    -1.706 r  clk_gen/inst/clkout1_buf/O
                         net (fo=11230, routed)       0.861    -0.846    hdmi_transmitter/inst/encb/pix_clk
    SLICE_X0Y14          FDCE                                         r  hdmi_transmitter/inst/encb/dout_reg[6]/C

Slack:                    inf
  Source:                 clk_gen/inst/mmcm_adv_inst/LOCKED
                            (internal pin)
  Destination:            hdmi_transmitter/inst/encg/dout_reg[2]/CLR
                            (removal check against rising-edge clock clk_out1_clk_wiz_0_1  {rise@0.000ns fall@20.000ns period=40.000ns})
  Path Group:             (none)
  Path Type:              Removal (Min at Fast Process Corner)
  Data Path Delay:        0.925ns  (logic 0.045ns (4.867%)  route 0.880ns (95.133%))
  Logic Levels:           1  (LUT2=1)
  Clock Uncertainty:      0.186ns  ((TSJ^2 + DJ^2)^1/2) / 2 + PE
    Total System Jitter     (TSJ):    0.050ns
    Discrete Jitter          (DJ):    0.168ns
    Phase Error              (PE):    0.099ns

    Location             Delay type                Incr(ns)  Path(ns)    Netlist Resource(s)
  -------------------------------------------------------------------    -------------------
    MMCME2_ADV_X0Y0      MMCME2_ADV                   0.000     0.000 r  clk_gen/inst/mmcm_adv_inst/LOCKED
                         net (fo=6, routed)           0.652     0.652    hdmi_transmitter/inst/encr/pix_clk_locked
    SLICE_X3Y21          LUT2 (Prop_lut2_I1_O)        0.045     0.697 f  hdmi_transmitter/inst/encr/oserdes_m_i_1/O
                         net (fo=50, routed)          0.228     0.925    hdmi_transmitter/inst/encg/AR[0]
    SLICE_X0Y14          FDCE                                         f  hdmi_transmitter/inst/encg/dout_reg[2]/CLR
  -------------------------------------------------------------------    -------------------

                         (clock clk_out1_clk_wiz_0_1 rise edge)
                                                      0.000     0.000 r  
    N15                                               0.000     0.000 r  clk_100mhz (IN)
                         net (fo=0)                   0.000     0.000    clk_gen/inst/clk_in1
    N15                  IBUF (Prop_ibuf_I_O)         0.396     0.396 r  clk_gen/inst/clkin1_ibufg/O
                         net (fo=1, routed)           0.480     0.876    clk_gen/inst/clk_in1_clk_wiz_0
    MMCME2_ADV_X0Y0      MMCME2_ADV (Prop_mmcme2_adv_CLKIN1_CLKOUT0)
                                                     -3.145    -2.269 r  clk_gen/inst/mmcm_adv_inst/CLKOUT0
                         net (fo=1, routed)           0.534    -1.735    clk_gen/inst/clk_out1_clk_wiz_0
    BUFGCTRL_X0Y0        BUFG (Prop_bufg_I_O)         0.029    -1.706 r  clk_gen/inst/clkout1_buf/O
                         net (fo=11230, routed)       0.861    -0.846    hdmi_transmitter/inst/encg/pix_clk
    SLICE_X0Y14          FDCE                                         r  hdmi_transmitter/inst/encg/dout_reg[2]/C

Slack:                    inf
  Source:                 clk_gen/inst/mmcm_adv_inst/LOCKED
                            (internal pin)
  Destination:            hdmi_transmitter/inst/encg/dout_reg[6]/CLR
                            (removal check against rising-edge clock clk_out1_clk_wiz_0_1  {rise@0.000ns fall@20.000ns period=40.000ns})
  Path Group:             (none)
  Path Type:              Removal (Min at Fast Process Corner)
  Data Path Delay:        0.925ns  (logic 0.045ns (4.867%)  route 0.880ns (95.133%))
  Logic Levels:           1  (LUT2=1)
  Clock Uncertainty:      0.186ns  ((TSJ^2 + DJ^2)^1/2) / 2 + PE
    Total System Jitter     (TSJ):    0.050ns
    Discrete Jitter          (DJ):    0.168ns
    Phase Error              (PE):    0.099ns

    Location             Delay type                Incr(ns)  Path(ns)    Netlist Resource(s)
  -------------------------------------------------------------------    -------------------
    MMCME2_ADV_X0Y0      MMCME2_ADV                   0.000     0.000 r  clk_gen/inst/mmcm_adv_inst/LOCKED
                         net (fo=6, routed)           0.652     0.652    hdmi_transmitter/inst/encr/pix_clk_locked
    SLICE_X3Y21          LUT2 (Prop_lut2_I1_O)        0.045     0.697 f  hdmi_transmitter/inst/encr/oserdes_m_i_1/O
                         net (fo=50, routed)          0.228     0.925    hdmi_transmitter/inst/encg/AR[0]
    SLICE_X0Y14          FDCE                                         f  hdmi_transmitter/inst/encg/dout_reg[6]/CLR
  -------------------------------------------------------------------    -------------------

                         (clock clk_out1_clk_wiz_0_1 rise edge)
                                                      0.000     0.000 r  
    N15                                               0.000     0.000 r  clk_100mhz (IN)
                         net (fo=0)                   0.000     0.000    clk_gen/inst/clk_in1
    N15                  IBUF (Prop_ibuf_I_O)         0.396     0.396 r  clk_gen/inst/clkin1_ibufg/O
                         net (fo=1, routed)           0.480     0.876    clk_gen/inst/clk_in1_clk_wiz_0
    MMCME2_ADV_X0Y0      MMCME2_ADV (Prop_mmcme2_adv_CLKIN1_CLKOUT0)
                                                     -3.145    -2.269 r  clk_gen/inst/mmcm_adv_inst/CLKOUT0
                         net (fo=1, routed)           0.534    -1.735    clk_gen/inst/clk_out1_clk_wiz_0
    BUFGCTRL_X0Y0        BUFG (Prop_bufg_I_O)         0.029    -1.706 r  clk_gen/inst/clkout1_buf/O
                         net (fo=11230, routed)       0.861    -0.846    hdmi_transmitter/inst/encg/pix_clk
    SLICE_X0Y14          FDCE                                         r  hdmi_transmitter/inst/encg/dout_reg[6]/C

Slack:                    inf
  Source:                 clk_gen/inst/mmcm_adv_inst/LOCKED
                            (internal pin)
  Destination:            hdmi_transmitter/inst/encg/dout_reg[7]/CLR
                            (removal check against rising-edge clock clk_out1_clk_wiz_0_1  {rise@0.000ns fall@20.000ns period=40.000ns})
  Path Group:             (none)
  Path Type:              Removal (Min at Fast Process Corner)
  Data Path Delay:        0.925ns  (logic 0.045ns (4.867%)  route 0.880ns (95.133%))
  Logic Levels:           1  (LUT2=1)
  Clock Uncertainty:      0.186ns  ((TSJ^2 + DJ^2)^1/2) / 2 + PE
    Total System Jitter     (TSJ):    0.050ns
    Discrete Jitter          (DJ):    0.168ns
    Phase Error              (PE):    0.099ns

    Location             Delay type                Incr(ns)  Path(ns)    Netlist Resource(s)
  -------------------------------------------------------------------    -------------------
    MMCME2_ADV_X0Y0      MMCME2_ADV                   0.000     0.000 r  clk_gen/inst/mmcm_adv_inst/LOCKED
                         net (fo=6, routed)           0.652     0.652    hdmi_transmitter/inst/encr/pix_clk_locked
    SLICE_X3Y21          LUT2 (Prop_lut2_I1_O)        0.045     0.697 f  hdmi_transmitter/inst/encr/oserdes_m_i_1/O
                         net (fo=50, routed)          0.228     0.925    hdmi_transmitter/inst/encg/AR[0]
    SLICE_X0Y14          FDCE                                         f  hdmi_transmitter/inst/encg/dout_reg[7]/CLR
  -------------------------------------------------------------------    -------------------

                         (clock clk_out1_clk_wiz_0_1 rise edge)
                                                      0.000     0.000 r  
    N15                                               0.000     0.000 r  clk_100mhz (IN)
                         net (fo=0)                   0.000     0.000    clk_gen/inst/clk_in1
    N15                  IBUF (Prop_ibuf_I_O)         0.396     0.396 r  clk_gen/inst/clkin1_ibufg/O
                         net (fo=1, routed)           0.480     0.876    clk_gen/inst/clk_in1_clk_wiz_0
    MMCME2_ADV_X0Y0      MMCME2_ADV (Prop_mmcme2_adv_CLKIN1_CLKOUT0)
                                                     -3.145    -2.269 r  clk_gen/inst/mmcm_adv_inst/CLKOUT0
                         net (fo=1, routed)           0.534    -1.735    clk_gen/inst/clk_out1_clk_wiz_0
    BUFGCTRL_X0Y0        BUFG (Prop_bufg_I_O)         0.029    -1.706 r  clk_gen/inst/clkout1_buf/O
                         net (fo=11230, routed)       0.861    -0.846    hdmi_transmitter/inst/encg/pix_clk
    SLICE_X0Y14          FDCE                                         r  hdmi_transmitter/inst/encg/dout_reg[7]/C





