Copyright 1986-2022 Xilinx, Inc. All Rights Reserved.
--------------------------------------------------------------------------------------------------------------------------------------------------------------------------------------------------
| Tool Version : Vivado v.2022.2 (win64) Build 3671981 Fri Oct 14 05:00:03 MDT 2022
| Date         : Mon Dec  1 21:37:39 2025
| Host         : SirJason running 64-bit major release  (build 9200)
| Command      : report_methodology -file digit_recognizer_top_methodology_drc_routed.rpt -pb digit_recognizer_top_methodology_drc_routed.pb -rpx digit_recognizer_top_methodology_drc_routed.rpx
| Design       : digit_recognizer_top
| Device       : xc7s50csga324-1
| Speed File   : -1
| Design State : Fully Routed
--------------------------------------------------------------------------------------------------------------------------------------------------------------------------------------------------

Report Methodology

Table of Contents
-----------------
1. REPORT SUMMARY
2. REPORT DETAILS

1. REPORT SUMMARY
-----------------
            Netlist: netlist
          Floorplan: design_1
      Design limits: <entire design considered>
             Max violations: <unlimited>
             Violations found: 1262
+----------+----------+-----------------------------------------------------------+------------+
| Rule     | Severity | Description                                               | Violations |
+----------+----------+-----------------------------------------------------------+------------+
| DPIR-1   | Warning  | Asynchronous driver check                                 | 28         |
| LUTAR-1  | Warning  | LUT drives async reset alert                              | 3          |
| SYNTH-5  | Warning  | Mapped onto distributed RAM because of timing constraints | 1224       |
| SYNTH-10 | Warning  | Wide multiplier                                           | 3          |
| ULMTCS-1 | Warning  | Control Sets use limits recommend reduction               | 1          |
| XDCC-4   | Warning  | User Clock constraint overwritten with the same name      | 1          |
| XDCC-7   | Warning  | Scoped Clock constraint overwritten on the same source    | 1          |
| XDCC-8   | Warning  | User Clock constraint overwritten on the same source      | 1          |
+----------+----------+-----------------------------------------------------------+------------+

2. REPORT DETAILS
-----------------
DPIR-1#1 Warning
Asynchronous driver check  
DSP downsampler/output_pixel1 input pin downsampler/output_pixel1/A[0] is connected to registers with an asynchronous reset. This is preventing the possibility of merging these registers in to the DSP Block since the DSP block registers only possess synchronous reset capability.  It is suggested to recode or change these registers to remove the reset or use a synchronous reset to get the best optimization for performance, power and area.
Related violations: <none>

DPIR-1#2 Warning
Asynchronous driver check  
DSP downsampler/output_pixel1 input pin downsampler/output_pixel1/A[10] is connected to registers with an asynchronous reset. This is preventing the possibility of merging these registers in to the DSP Block since the DSP block registers only possess synchronous reset capability.  It is suggested to recode or change these registers to remove the reset or use a synchronous reset to get the best optimization for performance, power and area.
Related violations: <none>

DPIR-1#3 Warning
Asynchronous driver check  
DSP downsampler/output_pixel1 input pin downsampler/output_pixel1/A[1] is connected to registers with an asynchronous reset. This is preventing the possibility of merging these registers in to the DSP Block since the DSP block registers only possess synchronous reset capability.  It is suggested to recode or change these registers to remove the reset or use a synchronous reset to get the best optimization for performance, power and area.
Related violations: <none>

DPIR-1#4 Warning
Asynchronous driver check  
DSP downsampler/output_pixel1 input pin downsampler/output_pixel1/A[2] is connected to registers with an asynchronous reset. This is preventing the possibility of merging these registers in to the DSP Block since the DSP block registers only possess synchronous reset capability.  It is suggested to recode or change these registers to remove the reset or use a synchronous reset to get the best optimization for performance, power and area.
Related violations: <none>

DPIR-1#5 Warning
Asynchronous driver check  
DSP downsampler/output_pixel1 input pin downsampler/output_pixel1/A[3] is connected to registers with an asynchronous reset. This is preventing the possibility of merging these registers in to the DSP Block since the DSP block registers only possess synchronous reset capability.  It is suggested to recode or change these registers to remove the reset or use a synchronous reset to get the best optimization for performance, power and area.
Related violations: <none>

DPIR-1#6 Warning
Asynchronous driver check  
DSP downsampler/output_pixel1 input pin downsampler/output_pixel1/A[4] is connected to registers with an asynchronous reset. This is preventing the possibility of merging these registers in to the DSP Block since the DSP block registers only possess synchronous reset capability.  It is suggested to recode or change these registers to remove the reset or use a synchronous reset to get the best optimization for performance, power and area.
Related violations: <none>

DPIR-1#7 Warning
Asynchronous driver check  
DSP downsampler/output_pixel1 input pin downsampler/output_pixel1/A[5] is connected to registers with an asynchronous reset. This is preventing the possibility of merging these registers in to the DSP Block since the DSP block registers only possess synchronous reset capability.  It is suggested to recode or change these registers to remove the reset or use a synchronous reset to get the best optimization for performance, power and area.
Related violations: <none>

DPIR-1#8 Warning
Asynchronous driver check  
DSP downsampler/output_pixel1 input pin downsampler/output_pixel1/A[6] is connected to registers with an asynchronous reset. This is preventing the possibility of merging these registers in to the DSP Block since the DSP block registers only possess synchronous reset capability.  It is suggested to recode or change these registers to remove the reset or use a synchronous reset to get the best optimization for performance, power and area.
Related violations: <none>

DPIR-1#9 Warning
Asynchronous driver check  
DSP downsampler/output_pixel1 input pin downsampler/output_pixel1/A[7] is connected to registers with an asynchronous reset. This is preventing the possibility of merging these registers in to the DSP Block since the DSP block registers only possess synchronous reset capability.  It is suggested to recode or change these registers to remove the reset or use a synchronous reset to get the best optimization for performance, power and area.
Related violations: <none>

DPIR-1#10 Warning
Asynchronous driver check  
DSP downsampler/output_pixel1 input pin downsampler/output_pixel1/A[8] is connected to registers with an asynchronous reset. This is preventing the possibility of merging these registers in to the DSP Block since the DSP block registers only possess synchronous reset capability.  It is suggested to recode or change these registers to remove the reset or use a synchronous reset to get the best optimization for performance, power and area.
Related violations: <none>

DPIR-1#11 Warning
Asynchronous driver check  
DSP downsampler/output_pixel1 input pin downsampler/output_pixel1/A[9] is connected to registers with an asynchronous reset. This is preventing the possibility of merging these registers in to the DSP Block since the DSP block registers only possess synchronous reset capability.  It is suggested to recode or change these registers to remove the reset or use a synchronous reset to get the best optimization for performance, power and area.
Related violations: <none>

DPIR-1#12 Warning
Asynchronous driver check  
DSP neural_net/accumulator3 input pin neural_net/accumulator3/A[0] is connected to registers with an asynchronous reset. This is preventing the possibility of merging these registers in to the DSP Block since the DSP block registers only possess synchronous reset capability.  It is suggested to recode or change these registers to remove the reset or use a synchronous reset to get the best optimization for performance, power and area.
Related violations: <none>

DPIR-1#13 Warning
Asynchronous driver check  
DSP neural_net/accumulator3 input pin neural_net/accumulator3/A[1] is connected to registers with an asynchronous reset. This is preventing the possibility of merging these registers in to the DSP Block since the DSP block registers only possess synchronous reset capability.  It is suggested to recode or change these registers to remove the reset or use a synchronous reset to get the best optimization for performance, power and area.
Related violations: <none>

DPIR-1#14 Warning
Asynchronous driver check  
DSP neural_net/accumulator3 input pin neural_net/accumulator3/A[2] is connected to registers with an asynchronous reset. This is preventing the possibility of merging these registers in to the DSP Block since the DSP block registers only possess synchronous reset capability.  It is suggested to recode or change these registers to remove the reset or use a synchronous reset to get the best optimization for performance, power and area.
Related violations: <none>

DPIR-1#15 Warning
Asynchronous driver check  
DSP neural_net/accumulator3 input pin neural_net/accumulator3/A[3] is connected to registers with an asynchronous reset. This is preventing the possibility of merging these registers in to the DSP Block since the DSP block registers only possess synchronous reset capability.  It is suggested to recode or change these registers to remove the reset or use a synchronous reset to get the best optimization for performance, power and area.
Related violations: <none>

DPIR-1#16 Warning
Asynchronous driver check  
DSP neural_net/accumulator3 input pin neural_net/accumulator3/A[4] is connected to registers with an asynchronous reset. This is preventing the possibility of merging these registers in to the DSP Block since the DSP block registers only possess synchronous reset capability.  It is suggested to recode or change these registers to remove the reset or use a synchronous reset to get the best optimization for performance, power and area.
Related violations: <none>

DPIR-1#17 Warning
Asynchronous driver check  
DSP neural_net/accumulator3 input pin neural_net/accumulator3/A[5] is connected to registers with an asynchronous reset. This is preventing the possibility of merging these registers in to the DSP Block since the DSP block registers only possess synchronous reset capability.  It is suggested to recode or change these registers to remove the reset or use a synchronous reset to get the best optimization for performance, power and area.
Related violations: <none>

DPIR-1#18 Warning
Asynchronous driver check  
DSP neural_net/accumulator3 input pin neural_net/accumulator3/A[6] is connected to registers with an asynchronous reset. This is preventing the possibility of merging these registers in to the DSP Block since the DSP block registers only possess synchronous reset capability.  It is suggested to recode or change these registers to remove the reset or use a synchronous reset to get the best optimization for performance, power and area.
Related violations: <none>

DPIR-1#19 Warning
Asynchronous driver check  
DSP neural_net/accumulator3 input pin neural_net/accumulator3/C[0] is connected to registers with an asynchronous reset. This is preventing the possibility of merging these registers in to the DSP Block since the DSP block registers only possess synchronous reset capability.  It is suggested to recode or change these registers to remove the reset or use a synchronous reset to get the best optimization for performance, power and area.
Related violations: <none>

DPIR-1#20 Warning
Asynchronous driver check  
DSP neural_net/accumulator3 input pin neural_net/accumulator3/C[1] is connected to registers with an asynchronous reset. This is preventing the possibility of merging these registers in to the DSP Block since the DSP block registers only possess synchronous reset capability.  It is suggested to recode or change these registers to remove the reset or use a synchronous reset to get the best optimization for performance, power and area.
Related violations: <none>

DPIR-1#21 Warning
Asynchronous driver check  
DSP neural_net/accumulator3 input pin neural_net/accumulator3/C[2] is connected to registers with an asynchronous reset. This is preventing the possibility of merging these registers in to the DSP Block since the DSP block registers only possess synchronous reset capability.  It is suggested to recode or change these registers to remove the reset or use a synchronous reset to get the best optimization for performance, power and area.
Related violations: <none>

DPIR-1#22 Warning
Asynchronous driver check  
DSP neural_net/accumulator3 input pin neural_net/accumulator3/C[3] is connected to registers with an asynchronous reset. This is preventing the possibility of merging these registers in to the DSP Block since the DSP block registers only possess synchronous reset capability.  It is suggested to recode or change these registers to remove the reset or use a synchronous reset to get the best optimization for performance, power and area.
Related violations: <none>

DPIR-1#23 Warning
Asynchronous driver check  
DSP neural_net/accumulator3 input pin neural_net/accumulator3/C[4] is connected to registers with an asynchronous reset. This is preventing the possibility of merging these registers in to the DSP Block since the DSP block registers only possess synchronous reset capability.  It is suggested to recode or change these registers to remove the reset or use a synchronous reset to get the best optimization for performance, power and area.
Related violations: <none>

DPIR-1#24 Warning
Asynchronous driver check  
DSP neural_net/accumulator3 input pin neural_net/accumulator3/C[5] is connected to registers with an asynchronous reset. This is preventing the possibility of merging these registers in to the DSP Block since the DSP block registers only possess synchronous reset capability.  It is suggested to recode or change these registers to remove the reset or use a synchronous reset to get the best optimization for performance, power and area.
Related violations: <none>

DPIR-1#25 Warning
Asynchronous driver check  
DSP neural_net/accumulator3 input pin neural_net/accumulator3/C[6] is connected to registers with an asynchronous reset. This is preventing the possibility of merging these registers in to the DSP Block since the DSP block registers only possess synchronous reset capability.  It is suggested to recode or change these registers to remove the reset or use a synchronous reset to get the best optimization for performance, power and area.
Related violations: <none>

DPIR-1#26 Warning
Asynchronous driver check  
DSP neural_net/accumulator3 input pin neural_net/accumulator3/C[7] is connected to registers with an asynchronous reset. This is preventing the possibility of merging these registers in to the DSP Block since the DSP block registers only possess synchronous reset capability.  It is suggested to recode or change these registers to remove the reset or use a synchronous reset to get the best optimization for performance, power and area.
Related violations: <none>

DPIR-1#27 Warning
Asynchronous driver check  
DSP neural_net/accumulator3 input pin neural_net/accumulator3/C[8] is connected to registers with an asynchronous reset. This is preventing the possibility of merging these registers in to the DSP Block since the DSP block registers only possess synchronous reset capability.  It is suggested to recode or change these registers to remove the reset or use a synchronous reset to get the best optimization for performance, power and area.
Related violations: <none>

DPIR-1#28 Warning
Asynchronous driver check  
DSP neural_net/accumulator3 input pin neural_net/accumulator3/C[9] is connected to registers with an asynchronous reset. This is preventing the possibility of merging these registers in to the DSP Block since the DSP block registers only possess synchronous reset capability.  It is suggested to recode or change these registers to remove the reset or use a synchronous reset to get the best optimization for performance, power and area.
Related violations: <none>

LUTAR-1#1 Warning
LUT drives async reset alert  
LUT cell downsampler/hdmi_transmitter_i_1, with 2 or more inputs, drives asynchronous preset/clear pin(s) vga_ctrl/h_count_reg[5]/CLR, vga_ctrl/h_count_reg[6]/CLR,
vga_ctrl/h_count_reg[7]/CLR, vga_ctrl/h_count_reg[8]/CLR,
vga_ctrl/h_count_reg[9]/CLR, vga_ctrl/v_count_reg[0]/CLR,
vga_ctrl/v_count_reg[1]/CLR, vga_ctrl/v_count_reg[2]/CLR,
vga_ctrl/v_count_reg[3]/CLR, vga_ctrl/v_count_reg[4]/CLR,
vga_ctrl/v_count_reg[5]/CLR, vga_ctrl/v_count_reg[6]/CLR,
vga_ctrl/v_count_reg[7]/CLR, vga_ctrl/v_count_reg[8]/CLR,
vga_ctrl/v_count_reg[9]/CLR (the first 15 of 184 listed). The LUT may glitch and trigger an unexpected reset, even if it is a properly timed path.
Related violations: <none>

LUTAR-1#2 Warning
LUT drives async reset alert  
LUT cell hdmi_transmitter/inst/encr/oserdes_m_i_1, with 2 or more inputs, drives asynchronous preset/clear pin(s) hdmi_transmitter/inst/encg/dout_reg[9]/CLR,
hdmi_transmitter/inst/encr/cnt_reg[1]/CLR,
hdmi_transmitter/inst/encr/cnt_reg[2]/CLR,
hdmi_transmitter/inst/encr/cnt_reg[3]/CLR,
hdmi_transmitter/inst/encr/cnt_reg[4]/CLR,
hdmi_transmitter/inst/encr/dout_reg[0]/CLR,
hdmi_transmitter/inst/encr/dout_reg[1]/CLR,
hdmi_transmitter/inst/encr/dout_reg[2]/CLR,
hdmi_transmitter/inst/encr/dout_reg[3]/CLR,
hdmi_transmitter/inst/encr/dout_reg[4]/CLR,
hdmi_transmitter/inst/encr/dout_reg[5]/CLR,
hdmi_transmitter/inst/encr/dout_reg[6]/CLR,
hdmi_transmitter/inst/encr/dout_reg[7]/CLR,
hdmi_transmitter/inst/encr/dout_reg[8]/CLR,
hdmi_transmitter/inst/encr/dout_reg[9]/CLR (the first 15 of 42 listed). The LUT may glitch and trigger an unexpected reset, even if it is a properly timed path.
Related violations: <none>

LUTAR-1#3 Warning
LUT drives async reset alert  
LUT cell neural_net/hidden_idx[5]_i_3, with 2 or more inputs, drives asynchronous preset/clear pin(s) neural_net/output_idx_reg[0]/CLR, neural_net/output_idx_reg[1]/CLR,
neural_net/output_idx_reg[2]/CLR, neural_net/output_idx_reg[3]/CLR,
neural_net/prediction_reg[0]/CLR,
neural_net/prediction_reg[0]_lopt_replica/CLR,
neural_net/prediction_reg[1]/CLR,
neural_net/prediction_reg[1]_lopt_replica/CLR,
neural_net/prediction_reg[2]/CLR,
neural_net/prediction_reg[2]_lopt_replica/CLR,
neural_net/prediction_reg[3]/CLR, neural_net/state_reg[0]/CLR,
neural_net/state_reg[1]/CLR, neural_net/state_reg[2]/CLR,
neural_net/state_reg[3]/CLR (the first 15 of 174 listed). The LUT may glitch and trigger an unexpected reset, even if it is a properly timed path.
Related violations: <none>

SYNTH-5#1 Warning
Mapped onto distributed RAM because of timing constraints  
The instance canvas_fb/memory_reg_r1_0_127_0_0 is implemented as distributed LUT RAM for the following reason: The timing constraints suggest that the chosen mapping will yield a better timing.
Related violations: <none>

SYNTH-5#2 Warning
Mapped onto distributed RAM because of timing constraints  
The instance canvas_fb/memory_reg_r1_10112_10239_0_0 is implemented as distributed LUT RAM for the following reason: The timing constraints suggest that the chosen mapping will yield a better timing.
Related violations: <none>

SYNTH-5#3 Warning
Mapped onto distributed RAM because of timing constraints  
The instance canvas_fb/memory_reg_r1_10240_10367_0_0 is implemented as distributed LUT RAM for the following reason: The timing constraints suggest that the chosen mapping will yield a better timing.
Related violations: <none>

SYNTH-5#4 Warning
Mapped onto distributed RAM because of timing constraints  
The instance canvas_fb/memory_reg_r1_1024_1151_0_0 is implemented as distributed LUT RAM for the following reason: The timing constraints suggest that the chosen mapping will yield a better timing.
Related violations: <none>

SYNTH-5#5 Warning
Mapped onto distributed RAM because of timing constraints  
The instance canvas_fb/memory_reg_r1_10368_10495_0_0 is implemented as distributed LUT RAM for the following reason: The timing constraints suggest that the chosen mapping will yield a better timing.
Related violations: <none>

SYNTH-5#6 Warning
Mapped onto distributed RAM because of timing constraints  
The instance canvas_fb/memory_reg_r1_10496_10623_0_0 is implemented as distributed LUT RAM for the following reason: The timing constraints suggest that the chosen mapping will yield a better timing.
Related violations: <none>

SYNTH-5#7 Warning
Mapped onto distributed RAM because of timing constraints  
The instance canvas_fb/memory_reg_r1_10624_10751_0_0 is implemented as distributed LUT RAM for the following reason: The timing constraints suggest that the chosen mapping will yield a better timing.
Related violations: <none>

SYNTH-5#8 Warning
Mapped onto distributed RAM because of timing constraints  
The instance canvas_fb/memory_reg_r1_10752_10879_0_0 is implemented as distributed LUT RAM for the following reason: The timing constraints suggest that the chosen mapping will yield a better timing.
Related violations: <none>

SYNTH-5#9 Warning
Mapped onto distributed RAM because of timing constraints  
The instance canvas_fb/memory_reg_r1_10880_11007_0_0 is implemented as distributed LUT RAM for the following reason: The timing constraints suggest that the chosen mapping will yield a better timing.
Related violations: <none>

SYNTH-5#10 Warning
Mapped onto distributed RAM because of timing constraints  
The instance canvas_fb/memory_reg_r1_11008_11135_0_0 is implemented as distributed LUT RAM for the following reason: The timing constraints suggest that the chosen mapping will yield a better timing.
Related violations: <none>

SYNTH-5#11 Warning
Mapped onto distributed RAM because of timing constraints  
The instance canvas_fb/memory_reg_r1_11136_11263_0_0 is implemented as distributed LUT RAM for the following reason: The timing constraints suggest that the chosen mapping will yield a better timing.
Related violations: <none>

SYNTH-5#12 Warning
Mapped onto distributed RAM because of timing constraints  
The instance canvas_fb/memory_reg_r1_11264_11391_0_0 is implemented as distributed LUT RAM for the following reason: The timing constraints suggest that the chosen mapping will yield a better timing.
Related violations: <none>

SYNTH-5#13 Warning
Mapped onto distributed RAM because of timing constraints  
The instance canvas_fb/memory_reg_r1_11392_11519_0_0 is implemented as distributed LUT RAM for the following reason: The timing constraints suggest that the chosen mapping will yield a better timing.
Related violations: <none>

SYNTH-5#14 Warning
Mapped onto distributed RAM because of timing constraints  
The instance canvas_fb/memory_reg_r1_11520_11647_0_0 is implemented as distributed LUT RAM for the following reason: The timing constraints suggest that the chosen mapping will yield a better timing.
Related violations: <none>

SYNTH-5#15 Warning
Mapped onto distributed RAM because of timing constraints  
The instance canvas_fb/memory_reg_r1_1152_1279_0_0 is implemented as distributed LUT RAM for the following reason: The timing constraints suggest that the chosen mapping will yield a better timing.
Related violations: <none>

SYNTH-5#16 Warning
Mapped onto distributed RAM because of timing constraints  
The instance canvas_fb/memory_reg_r1_11648_11775_0_0 is implemented as distributed LUT RAM for the following reason: The timing constraints suggest that the chosen mapping will yield a better timing.
Related violations: <none>

SYNTH-5#17 Warning
Mapped onto distributed RAM because of timing constraints  
The instance canvas_fb/memory_reg_r1_11776_11903_0_0 is implemented as distributed LUT RAM for the following reason: The timing constraints suggest that the chosen mapping will yield a better timing.
Related violations: <none>

SYNTH-5#18 Warning
Mapped onto distributed RAM because of timing constraints  
The instance canvas_fb/memory_reg_r1_11904_12031_0_0 is implemented as distributed LUT RAM for the following reason: The timing constraints suggest that the chosen mapping will yield a better timing.
Related violations: <none>

SYNTH-5#19 Warning
Mapped onto distributed RAM because of timing constraints  
The instance canvas_fb/memory_reg_r1_12032_12159_0_0 is implemented as distributed LUT RAM for the following reason: The timing constraints suggest that the chosen mapping will yield a better timing.
Related violations: <none>

SYNTH-5#20 Warning
Mapped onto distributed RAM because of timing constraints  
The instance canvas_fb/memory_reg_r1_12160_12287_0_0 is implemented as distributed LUT RAM for the following reason: The timing constraints suggest that the chosen mapping will yield a better timing.
Related violations: <none>

SYNTH-5#21 Warning
Mapped onto distributed RAM because of timing constraints  
The instance canvas_fb/memory_reg_r1_12288_12415_0_0 is implemented as distributed LUT RAM for the following reason: The timing constraints suggest that the chosen mapping will yield a better timing.
Related violations: <none>

SYNTH-5#22 Warning
Mapped onto distributed RAM because of timing constraints  
The instance canvas_fb/memory_reg_r1_12416_12543_0_0 is implemented as distributed LUT RAM for the following reason: The timing constraints suggest that the chosen mapping will yield a better timing.
Related violations: <none>

SYNTH-5#23 Warning
Mapped onto distributed RAM because of timing constraints  
The instance canvas_fb/memory_reg_r1_12544_12671_0_0 is implemented as distributed LUT RAM for the following reason: The timing constraints suggest that the chosen mapping will yield a better timing.
Related violations: <none>

SYNTH-5#24 Warning
Mapped onto distributed RAM because of timing constraints  
The instance canvas_fb/memory_reg_r1_12672_12799_0_0 is implemented as distributed LUT RAM for the following reason: The timing constraints suggest that the chosen mapping will yield a better timing.
Related violations: <none>

SYNTH-5#25 Warning
Mapped onto distributed RAM because of timing constraints  
The instance canvas_fb/memory_reg_r1_12800_12927_0_0 is implemented as distributed LUT RAM for the following reason: The timing constraints suggest that the chosen mapping will yield a better timing.
Related violations: <none>

SYNTH-5#26 Warning
Mapped onto distributed RAM because of timing constraints  
The instance canvas_fb/memory_reg_r1_1280_1407_0_0 is implemented as distributed LUT RAM for the following reason: The timing constraints suggest that the chosen mapping will yield a better timing.
Related violations: <none>

SYNTH-5#27 Warning
Mapped onto distributed RAM because of timing constraints  
The instance canvas_fb/memory_reg_r1_128_255_0_0 is implemented as distributed LUT RAM for the following reason: The timing constraints suggest that the chosen mapping will yield a better timing.
Related violations: <none>

SYNTH-5#28 Warning
Mapped onto distributed RAM because of timing constraints  
The instance canvas_fb/memory_reg_r1_12928_13055_0_0 is implemented as distributed LUT RAM for the following reason: The timing constraints suggest that the chosen mapping will yield a better timing.
Related violations: <none>

SYNTH-5#29 Warning
Mapped onto distributed RAM because of timing constraints  
The instance canvas_fb/memory_reg_r1_13056_13183_0_0 is implemented as distributed LUT RAM for the following reason: The timing constraints suggest that the chosen mapping will yield a better timing.
Related violations: <none>

SYNTH-5#30 Warning
Mapped onto distributed RAM because of timing constraints  
The instance canvas_fb/memory_reg_r1_13184_13311_0_0 is implemented as distributed LUT RAM for the following reason: The timing constraints suggest that the chosen mapping will yield a better timing.
Related violations: <none>

SYNTH-5#31 Warning
Mapped onto distributed RAM because of timing constraints  
The instance canvas_fb/memory_reg_r1_13312_13439_0_0 is implemented as distributed LUT RAM for the following reason: The timing constraints suggest that the chosen mapping will yield a better timing.
Related violations: <none>

SYNTH-5#32 Warning
Mapped onto distributed RAM because of timing constraints  
The instance canvas_fb/memory_reg_r1_13440_13567_0_0 is implemented as distributed LUT RAM for the following reason: The timing constraints suggest that the chosen mapping will yield a better timing.
Related violations: <none>

SYNTH-5#33 Warning
Mapped onto distributed RAM because of timing constraints  
The instance canvas_fb/memory_reg_r1_13568_13695_0_0 is implemented as distributed LUT RAM for the following reason: The timing constraints suggest that the chosen mapping will yield a better timing.
Related violations: <none>

SYNTH-5#34 Warning
Mapped onto distributed RAM because of timing constraints  
The instance canvas_fb/memory_reg_r1_13696_13823_0_0 is implemented as distributed LUT RAM for the following reason: The timing constraints suggest that the chosen mapping will yield a better timing.
Related violations: <none>

SYNTH-5#35 Warning
Mapped onto distributed RAM because of timing constraints  
The instance canvas_fb/memory_reg_r1_13824_13951_0_0 is implemented as distributed LUT RAM for the following reason: The timing constraints suggest that the chosen mapping will yield a better timing.
Related violations: <none>

SYNTH-5#36 Warning
Mapped onto distributed RAM because of timing constraints  
The instance canvas_fb/memory_reg_r1_13952_14079_0_0 is implemented as distributed LUT RAM for the following reason: The timing constraints suggest that the chosen mapping will yield a better timing.
Related violations: <none>

SYNTH-5#37 Warning
Mapped onto distributed RAM because of timing constraints  
The instance canvas_fb/memory_reg_r1_14080_14207_0_0 is implemented as distributed LUT RAM for the following reason: The timing constraints suggest that the chosen mapping will yield a better timing.
Related violations: <none>

SYNTH-5#38 Warning
Mapped onto distributed RAM because of timing constraints  
The instance canvas_fb/memory_reg_r1_1408_1535_0_0 is implemented as distributed LUT RAM for the following reason: The timing constraints suggest that the chosen mapping will yield a better timing.
Related violations: <none>

SYNTH-5#39 Warning
Mapped onto distributed RAM because of timing constraints  
The instance canvas_fb/memory_reg_r1_14208_14335_0_0 is implemented as distributed LUT RAM for the following reason: The timing constraints suggest that the chosen mapping will yield a better timing.
Related violations: <none>

SYNTH-5#40 Warning
Mapped onto distributed RAM because of timing constraints  
The instance canvas_fb/memory_reg_r1_14336_14463_0_0 is implemented as distributed LUT RAM for the following reason: The timing constraints suggest that the chosen mapping will yield a better timing.
Related violations: <none>

SYNTH-5#41 Warning
Mapped onto distributed RAM because of timing constraints  
The instance canvas_fb/memory_reg_r1_14464_14591_0_0 is implemented as distributed LUT RAM for the following reason: The timing constraints suggest that the chosen mapping will yield a better timing.
Related violations: <none>

SYNTH-5#42 Warning
Mapped onto distributed RAM because of timing constraints  
The instance canvas_fb/memory_reg_r1_14592_14719_0_0 is implemented as distributed LUT RAM for the following reason: The timing constraints suggest that the chosen mapping will yield a better timing.
Related violations: <none>

SYNTH-5#43 Warning
Mapped onto distributed RAM because of timing constraints  
The instance canvas_fb/memory_reg_r1_14720_14847_0_0 is implemented as distributed LUT RAM for the following reason: The timing constraints suggest that the chosen mapping will yield a better timing.
Related violations: <none>

SYNTH-5#44 Warning
Mapped onto distributed RAM because of timing constraints  
The instance canvas_fb/memory_reg_r1_14848_14975_0_0 is implemented as distributed LUT RAM for the following reason: The timing constraints suggest that the chosen mapping will yield a better timing.
Related violations: <none>

SYNTH-5#45 Warning
Mapped onto distributed RAM because of timing constraints  
The instance canvas_fb/memory_reg_r1_14976_15103_0_0 is implemented as distributed LUT RAM for the following reason: The timing constraints suggest that the chosen mapping will yield a better timing.
Related violations: <none>

SYNTH-5#46 Warning
Mapped onto distributed RAM because of timing constraints  
The instance canvas_fb/memory_reg_r1_15104_15231_0_0 is implemented as distributed LUT RAM for the following reason: The timing constraints suggest that the chosen mapping will yield a better timing.
Related violations: <none>

SYNTH-5#47 Warning
Mapped onto distributed RAM because of timing constraints  
The instance canvas_fb/memory_reg_r1_15232_15359_0_0 is implemented as distributed LUT RAM for the following reason: The timing constraints suggest that the chosen mapping will yield a better timing.
Related violations: <none>

SYNTH-5#48 Warning
Mapped onto distributed RAM because of timing constraints  
The instance canvas_fb/memory_reg_r1_15360_15487_0_0 is implemented as distributed LUT RAM for the following reason: The timing constraints suggest that the chosen mapping will yield a better timing.
Related violations: <none>

SYNTH-5#49 Warning
Mapped onto distributed RAM because of timing constraints  
The instance canvas_fb/memory_reg_r1_1536_1663_0_0 is implemented as distributed LUT RAM for the following reason: The timing constraints suggest that the chosen mapping will yield a better timing.
Related violations: <none>

SYNTH-5#50 Warning
Mapped onto distributed RAM because of timing constraints  
The instance canvas_fb/memory_reg_r1_15488_15615_0_0 is implemented as distributed LUT RAM for the following reason: The timing constraints suggest that the chosen mapping will yield a better timing.
Related violations: <none>

SYNTH-5#51 Warning
Mapped onto distributed RAM because of timing constraints  
The instance canvas_fb/memory_reg_r1_15616_15743_0_0 is implemented as distributed LUT RAM for the following reason: The timing constraints suggest that the chosen mapping will yield a better timing.
Related violations: <none>

SYNTH-5#52 Warning
Mapped onto distributed RAM because of timing constraints  
The instance canvas_fb/memory_reg_r1_15744_15871_0_0 is implemented as distributed LUT RAM for the following reason: The timing constraints suggest that the chosen mapping will yield a better timing.
Related violations: <none>

SYNTH-5#53 Warning
Mapped onto distributed RAM because of timing constraints  
The instance canvas_fb/memory_reg_r1_15872_15999_0_0 is implemented as distributed LUT RAM for the following reason: The timing constraints suggest that the chosen mapping will yield a better timing.
Related violations: <none>

SYNTH-5#54 Warning
Mapped onto distributed RAM because of timing constraints  
The instance canvas_fb/memory_reg_r1_16000_16127_0_0 is implemented as distributed LUT RAM for the following reason: The timing constraints suggest that the chosen mapping will yield a better timing.
Related violations: <none>

SYNTH-5#55 Warning
Mapped onto distributed RAM because of timing constraints  
The instance canvas_fb/memory_reg_r1_16128_16255_0_0 is implemented as distributed LUT RAM for the following reason: The timing constraints suggest that the chosen mapping will yield a better timing.
Related violations: <none>

SYNTH-5#56 Warning
Mapped onto distributed RAM because of timing constraints  
The instance canvas_fb/memory_reg_r1_16256_16383_0_0 is implemented as distributed LUT RAM for the following reason: The timing constraints suggest that the chosen mapping will yield a better timing.
Related violations: <none>

SYNTH-5#57 Warning
Mapped onto distributed RAM because of timing constraints  
The instance canvas_fb/memory_reg_r1_16384_16511_0_0 is implemented as distributed LUT RAM for the following reason: The timing constraints suggest that the chosen mapping will yield a better timing.
Related violations: <none>

SYNTH-5#58 Warning
Mapped onto distributed RAM because of timing constraints  
The instance canvas_fb/memory_reg_r1_16512_16639_0_0 is implemented as distributed LUT RAM for the following reason: The timing constraints suggest that the chosen mapping will yield a better timing.
Related violations: <none>

SYNTH-5#59 Warning
Mapped onto distributed RAM because of timing constraints  
The instance canvas_fb/memory_reg_r1_16640_16767_0_0 is implemented as distributed LUT RAM for the following reason: The timing constraints suggest that the chosen mapping will yield a better timing.
Related violations: <none>

SYNTH-5#60 Warning
Mapped onto distributed RAM because of timing constraints  
The instance canvas_fb/memory_reg_r1_1664_1791_0_0 is implemented as distributed LUT RAM for the following reason: The timing constraints suggest that the chosen mapping will yield a better timing.
Related violations: <none>

SYNTH-5#61 Warning
Mapped onto distributed RAM because of timing constraints  
The instance canvas_fb/memory_reg_r1_16768_16895_0_0 is implemented as distributed LUT RAM for the following reason: The timing constraints suggest that the chosen mapping will yield a better timing.
Related violations: <none>

SYNTH-5#62 Warning
Mapped onto distributed RAM because of timing constraints  
The instance canvas_fb/memory_reg_r1_16896_17023_0_0 is implemented as distributed LUT RAM for the following reason: The timing constraints suggest that the chosen mapping will yield a better timing.
Related violations: <none>

SYNTH-5#63 Warning
Mapped onto distributed RAM because of timing constraints  
The instance canvas_fb/memory_reg_r1_17024_17151_0_0 is implemented as distributed LUT RAM for the following reason: The timing constraints suggest that the chosen mapping will yield a better timing.
Related violations: <none>

SYNTH-5#64 Warning
Mapped onto distributed RAM because of timing constraints  
The instance canvas_fb/memory_reg_r1_17152_17279_0_0 is implemented as distributed LUT RAM for the following reason: The timing constraints suggest that the chosen mapping will yield a better timing.
Related violations: <none>

SYNTH-5#65 Warning
Mapped onto distributed RAM because of timing constraints  
The instance canvas_fb/memory_reg_r1_17280_17407_0_0 is implemented as distributed LUT RAM for the following reason: The timing constraints suggest that the chosen mapping will yield a better timing.
Related violations: <none>

SYNTH-5#66 Warning
Mapped onto distributed RAM because of timing constraints  
The instance canvas_fb/memory_reg_r1_17408_17535_0_0 is implemented as distributed LUT RAM for the following reason: The timing constraints suggest that the chosen mapping will yield a better timing.
Related violations: <none>

SYNTH-5#67 Warning
Mapped onto distributed RAM because of timing constraints  
The instance canvas_fb/memory_reg_r1_17536_17663_0_0 is implemented as distributed LUT RAM for the following reason: The timing constraints suggest that the chosen mapping will yield a better timing.
Related violations: <none>

SYNTH-5#68 Warning
Mapped onto distributed RAM because of timing constraints  
The instance canvas_fb/memory_reg_r1_17664_17791_0_0 is implemented as distributed LUT RAM for the following reason: The timing constraints suggest that the chosen mapping will yield a better timing.
Related violations: <none>

SYNTH-5#69 Warning
Mapped onto distributed RAM because of timing constraints  
The instance canvas_fb/memory_reg_r1_17792_17919_0_0 is implemented as distributed LUT RAM for the following reason: The timing constraints suggest that the chosen mapping will yield a better timing.
Related violations: <none>

SYNTH-5#70 Warning
Mapped onto distributed RAM because of timing constraints  
The instance canvas_fb/memory_reg_r1_17920_18047_0_0 is implemented as distributed LUT RAM for the following reason: The timing constraints suggest that the chosen mapping will yield a better timing.
Related violations: <none>

SYNTH-5#71 Warning
Mapped onto distributed RAM because of timing constraints  
The instance canvas_fb/memory_reg_r1_1792_1919_0_0 is implemented as distributed LUT RAM for the following reason: The timing constraints suggest that the chosen mapping will yield a better timing.
Related violations: <none>

SYNTH-5#72 Warning
Mapped onto distributed RAM because of timing constraints  
The instance canvas_fb/memory_reg_r1_18048_18175_0_0 is implemented as distributed LUT RAM for the following reason: The timing constraints suggest that the chosen mapping will yield a better timing.
Related violations: <none>

SYNTH-5#73 Warning
Mapped onto distributed RAM because of timing constraints  
The instance canvas_fb/memory_reg_r1_18176_18303_0_0 is implemented as distributed LUT RAM for the following reason: The timing constraints suggest that the chosen mapping will yield a better timing.
Related violations: <none>

SYNTH-5#74 Warning
Mapped onto distributed RAM because of timing constraints  
The instance canvas_fb/memory_reg_r1_18304_18431_0_0 is implemented as distributed LUT RAM for the following reason: The timing constraints suggest that the chosen mapping will yield a better timing.
Related violations: <none>

SYNTH-5#75 Warning
Mapped onto distributed RAM because of timing constraints  
The instance canvas_fb/memory_reg_r1_18432_18559_0_0 is implemented as distributed LUT RAM for the following reason: The timing constraints suggest that the chosen mapping will yield a better timing.
Related violations: <none>

SYNTH-5#76 Warning
Mapped onto distributed RAM because of timing constraints  
The instance canvas_fb/memory_reg_r1_18560_18687_0_0 is implemented as distributed LUT RAM for the following reason: The timing constraints suggest that the chosen mapping will yield a better timing.
Related violations: <none>

SYNTH-5#77 Warning
Mapped onto distributed RAM because of timing constraints  
The instance canvas_fb/memory_reg_r1_18688_18815_0_0 is implemented as distributed LUT RAM for the following reason: The timing constraints suggest that the chosen mapping will yield a better timing.
Related violations: <none>

SYNTH-5#78 Warning
Mapped onto distributed RAM because of timing constraints  
The instance canvas_fb/memory_reg_r1_18816_18943_0_0 is implemented as distributed LUT RAM for the following reason: The timing constraints suggest that the chosen mapping will yield a better timing.
Related violations: <none>

SYNTH-5#79 Warning
Mapped onto distributed RAM because of timing constraints  
The instance canvas_fb/memory_reg_r1_18944_19071_0_0 is implemented as distributed LUT RAM for the following reason: The timing constraints suggest that the chosen mapping will yield a better timing.
Related violations: <none>

SYNTH-5#80 Warning
Mapped onto distributed RAM because of timing constraints  
The instance canvas_fb/memory_reg_r1_19072_19199_0_0 is implemented as distributed LUT RAM for the following reason: The timing constraints suggest that the chosen mapping will yield a better timing.
Related violations: <none>

SYNTH-5#81 Warning
Mapped onto distributed RAM because of timing constraints  
The instance canvas_fb/memory_reg_r1_19200_19327_0_0 is implemented as distributed LUT RAM for the following reason: The timing constraints suggest that the chosen mapping will yield a better timing.
Related violations: <none>

SYNTH-5#82 Warning
Mapped onto distributed RAM because of timing constraints  
The instance canvas_fb/memory_reg_r1_1920_2047_0_0 is implemented as distributed LUT RAM for the following reason: The timing constraints suggest that the chosen mapping will yield a better timing.
Related violations: <none>

SYNTH-5#83 Warning
Mapped onto distributed RAM because of timing constraints  
The instance canvas_fb/memory_reg_r1_19328_19455_0_0 is implemented as distributed LUT RAM for the following reason: The timing constraints suggest that the chosen mapping will yield a better timing.
Related violations: <none>

SYNTH-5#84 Warning
Mapped onto distributed RAM because of timing constraints  
The instance canvas_fb/memory_reg_r1_19456_19583_0_0 is implemented as distributed LUT RAM for the following reason: The timing constraints suggest that the chosen mapping will yield a better timing.
Related violations: <none>

SYNTH-5#85 Warning
Mapped onto distributed RAM because of timing constraints  
The instance canvas_fb/memory_reg_r1_19584_19711_0_0 is implemented as distributed LUT RAM for the following reason: The timing constraints suggest that the chosen mapping will yield a better timing.
Related violations: <none>

SYNTH-5#86 Warning
Mapped onto distributed RAM because of timing constraints  
The instance canvas_fb/memory_reg_r1_19712_19839_0_0 is implemented as distributed LUT RAM for the following reason: The timing constraints suggest that the chosen mapping will yield a better timing.
Related violations: <none>

SYNTH-5#87 Warning
Mapped onto distributed RAM because of timing constraints  
The instance canvas_fb/memory_reg_r1_19840_19967_0_0 is implemented as distributed LUT RAM for the following reason: The timing constraints suggest that the chosen mapping will yield a better timing.
Related violations: <none>

SYNTH-5#88 Warning
Mapped onto distributed RAM because of timing constraints  
The instance canvas_fb/memory_reg_r1_19968_20095_0_0 is implemented as distributed LUT RAM for the following reason: The timing constraints suggest that the chosen mapping will yield a better timing.
Related violations: <none>

SYNTH-5#89 Warning
Mapped onto distributed RAM because of timing constraints  
The instance canvas_fb/memory_reg_r1_20096_20223_0_0 is implemented as distributed LUT RAM for the following reason: The timing constraints suggest that the chosen mapping will yield a better timing.
Related violations: <none>

SYNTH-5#90 Warning
Mapped onto distributed RAM because of timing constraints  
The instance canvas_fb/memory_reg_r1_20224_20351_0_0 is implemented as distributed LUT RAM for the following reason: The timing constraints suggest that the chosen mapping will yield a better timing.
Related violations: <none>

SYNTH-5#91 Warning
Mapped onto distributed RAM because of timing constraints  
The instance canvas_fb/memory_reg_r1_20352_20479_0_0 is implemented as distributed LUT RAM for the following reason: The timing constraints suggest that the chosen mapping will yield a better timing.
Related violations: <none>

SYNTH-5#92 Warning
Mapped onto distributed RAM because of timing constraints  
The instance canvas_fb/memory_reg_r1_20480_20607_0_0 is implemented as distributed LUT RAM for the following reason: The timing constraints suggest that the chosen mapping will yield a better timing.
Related violations: <none>

SYNTH-5#93 Warning
Mapped onto distributed RAM because of timing constraints  
The instance canvas_fb/memory_reg_r1_2048_2175_0_0 is implemented as distributed LUT RAM for the following reason: The timing constraints suggest that the chosen mapping will yield a better timing.
Related violations: <none>

SYNTH-5#94 Warning
Mapped onto distributed RAM because of timing constraints  
The instance canvas_fb/memory_reg_r1_20608_20735_0_0 is implemented as distributed LUT RAM for the following reason: The timing constraints suggest that the chosen mapping will yield a better timing.
Related violations: <none>

SYNTH-5#95 Warning
Mapped onto distributed RAM because of timing constraints  
The instance canvas_fb/memory_reg_r1_20736_20863_0_0 is implemented as distributed LUT RAM for the following reason: The timing constraints suggest that the chosen mapping will yield a better timing.
Related violations: <none>

SYNTH-5#96 Warning
Mapped onto distributed RAM because of timing constraints  
The instance canvas_fb/memory_reg_r1_20864_20991_0_0 is implemented as distributed LUT RAM for the following reason: The timing constraints suggest that the chosen mapping will yield a better timing.
Related violations: <none>

SYNTH-5#97 Warning
Mapped onto distributed RAM because of timing constraints  
The instance canvas_fb/memory_reg_r1_20992_21119_0_0 is implemented as distributed LUT RAM for the following reason: The timing constraints suggest that the chosen mapping will yield a better timing.
Related violations: <none>

SYNTH-5#98 Warning
Mapped onto distributed RAM because of timing constraints  
The instance canvas_fb/memory_reg_r1_21120_21247_0_0 is implemented as distributed LUT RAM for the following reason: The timing constraints suggest that the chosen mapping will yield a better timing.
Related violations: <none>

SYNTH-5#99 Warning
Mapped onto distributed RAM because of timing constraints  
The instance canvas_fb/memory_reg_r1_21248_21375_0_0 is implemented as distributed LUT RAM for the following reason: The timing constraints suggest that the chosen mapping will yield a better timing.
Related violations: <none>

SYNTH-5#100 Warning
Mapped onto distributed RAM because of timing constraints  
The instance canvas_fb/memory_reg_r1_21376_21503_0_0 is implemented as distributed LUT RAM for the following reason: The timing constraints suggest that the chosen mapping will yield a better timing.
Related violations: <none>

SYNTH-5#101 Warning
Mapped onto distributed RAM because of timing constraints  
The instance canvas_fb/memory_reg_r1_21504_21631_0_0 is implemented as distributed LUT RAM for the following reason: The timing constraints suggest that the chosen mapping will yield a better timing.
Related violations: <none>

SYNTH-5#102 Warning
Mapped onto distributed RAM because of timing constraints  
The instance canvas_fb/memory_reg_r1_21632_21759_0_0 is implemented as distributed LUT RAM for the following reason: The timing constraints suggest that the chosen mapping will yield a better timing.
Related violations: <none>

SYNTH-5#103 Warning
Mapped onto distributed RAM because of timing constraints  
The instance canvas_fb/memory_reg_r1_21760_21887_0_0 is implemented as distributed LUT RAM for the following reason: The timing constraints suggest that the chosen mapping will yield a better timing.
Related violations: <none>

SYNTH-5#104 Warning
Mapped onto distributed RAM because of timing constraints  
The instance canvas_fb/memory_reg_r1_2176_2303_0_0 is implemented as distributed LUT RAM for the following reason: The timing constraints suggest that the chosen mapping will yield a better timing.
Related violations: <none>

SYNTH-5#105 Warning
Mapped onto distributed RAM because of timing constraints  
The instance canvas_fb/memory_reg_r1_21888_22015_0_0 is implemented as distributed LUT RAM for the following reason: The timing constraints suggest that the chosen mapping will yield a better timing.
Related violations: <none>

SYNTH-5#106 Warning
Mapped onto distributed RAM because of timing constraints  
The instance canvas_fb/memory_reg_r1_22016_22143_0_0 is implemented as distributed LUT RAM for the following reason: The timing constraints suggest that the chosen mapping will yield a better timing.
Related violations: <none>

SYNTH-5#107 Warning
Mapped onto distributed RAM because of timing constraints  
The instance canvas_fb/memory_reg_r1_22144_22271_0_0 is implemented as distributed LUT RAM for the following reason: The timing constraints suggest that the chosen mapping will yield a better timing.
Related violations: <none>

SYNTH-5#108 Warning
Mapped onto distributed RAM because of timing constraints  
The instance canvas_fb/memory_reg_r1_22272_22399_0_0 is implemented as distributed LUT RAM for the following reason: The timing constraints suggest that the chosen mapping will yield a better timing.
Related violations: <none>

SYNTH-5#109 Warning
Mapped onto distributed RAM because of timing constraints  
The instance canvas_fb/memory_reg_r1_22400_22527_0_0 is implemented as distributed LUT RAM for the following reason: The timing constraints suggest that the chosen mapping will yield a better timing.
Related violations: <none>

SYNTH-5#110 Warning
Mapped onto distributed RAM because of timing constraints  
The instance canvas_fb/memory_reg_r1_22528_22655_0_0 is implemented as distributed LUT RAM for the following reason: The timing constraints suggest that the chosen mapping will yield a better timing.
Related violations: <none>

SYNTH-5#111 Warning
Mapped onto distributed RAM because of timing constraints  
The instance canvas_fb/memory_reg_r1_22656_22783_0_0 is implemented as distributed LUT RAM for the following reason: The timing constraints suggest that the chosen mapping will yield a better timing.
Related violations: <none>

SYNTH-5#112 Warning
Mapped onto distributed RAM because of timing constraints  
The instance canvas_fb/memory_reg_r1_22784_22911_0_0 is implemented as distributed LUT RAM for the following reason: The timing constraints suggest that the chosen mapping will yield a better timing.
Related violations: <none>

SYNTH-5#113 Warning
Mapped onto distributed RAM because of timing constraints  
The instance canvas_fb/memory_reg_r1_22912_23039_0_0 is implemented as distributed LUT RAM for the following reason: The timing constraints suggest that the chosen mapping will yield a better timing.
Related violations: <none>

SYNTH-5#114 Warning
Mapped onto distributed RAM because of timing constraints  
The instance canvas_fb/memory_reg_r1_23040_23167_0_0 is implemented as distributed LUT RAM for the following reason: The timing constraints suggest that the chosen mapping will yield a better timing.
Related violations: <none>

SYNTH-5#115 Warning
Mapped onto distributed RAM because of timing constraints  
The instance canvas_fb/memory_reg_r1_2304_2431_0_0 is implemented as distributed LUT RAM for the following reason: The timing constraints suggest that the chosen mapping will yield a better timing.
Related violations: <none>

SYNTH-5#116 Warning
Mapped onto distributed RAM because of timing constraints  
The instance canvas_fb/memory_reg_r1_23168_23295_0_0 is implemented as distributed LUT RAM for the following reason: The timing constraints suggest that the chosen mapping will yield a better timing.
Related violations: <none>

SYNTH-5#117 Warning
Mapped onto distributed RAM because of timing constraints  
The instance canvas_fb/memory_reg_r1_23296_23423_0_0 is implemented as distributed LUT RAM for the following reason: The timing constraints suggest that the chosen mapping will yield a better timing.
Related violations: <none>

SYNTH-5#118 Warning
Mapped onto distributed RAM because of timing constraints  
The instance canvas_fb/memory_reg_r1_23424_23551_0_0 is implemented as distributed LUT RAM for the following reason: The timing constraints suggest that the chosen mapping will yield a better timing.
Related violations: <none>

SYNTH-5#119 Warning
Mapped onto distributed RAM because of timing constraints  
The instance canvas_fb/memory_reg_r1_23552_23679_0_0 is implemented as distributed LUT RAM for the following reason: The timing constraints suggest that the chosen mapping will yield a better timing.
Related violations: <none>

SYNTH-5#120 Warning
Mapped onto distributed RAM because of timing constraints  
The instance canvas_fb/memory_reg_r1_23680_23807_0_0 is implemented as distributed LUT RAM for the following reason: The timing constraints suggest that the chosen mapping will yield a better timing.
Related violations: <none>

SYNTH-5#121 Warning
Mapped onto distributed RAM because of timing constraints  
The instance canvas_fb/memory_reg_r1_23808_23935_0_0 is implemented as distributed LUT RAM for the following reason: The timing constraints suggest that the chosen mapping will yield a better timing.
Related violations: <none>

SYNTH-5#122 Warning
Mapped onto distributed RAM because of timing constraints  
The instance canvas_fb/memory_reg_r1_23936_24063_0_0 is implemented as distributed LUT RAM for the following reason: The timing constraints suggest that the chosen mapping will yield a better timing.
Related violations: <none>

SYNTH-5#123 Warning
Mapped onto distributed RAM because of timing constraints  
The instance canvas_fb/memory_reg_r1_24064_24191_0_0 is implemented as distributed LUT RAM for the following reason: The timing constraints suggest that the chosen mapping will yield a better timing.
Related violations: <none>

SYNTH-5#124 Warning
Mapped onto distributed RAM because of timing constraints  
The instance canvas_fb/memory_reg_r1_24192_24319_0_0 is implemented as distributed LUT RAM for the following reason: The timing constraints suggest that the chosen mapping will yield a better timing.
Related violations: <none>

SYNTH-5#125 Warning
Mapped onto distributed RAM because of timing constraints  
The instance canvas_fb/memory_reg_r1_24320_24447_0_0 is implemented as distributed LUT RAM for the following reason: The timing constraints suggest that the chosen mapping will yield a better timing.
Related violations: <none>

SYNTH-5#126 Warning
Mapped onto distributed RAM because of timing constraints  
The instance canvas_fb/memory_reg_r1_2432_2559_0_0 is implemented as distributed LUT RAM for the following reason: The timing constraints suggest that the chosen mapping will yield a better timing.
Related violations: <none>

SYNTH-5#127 Warning
Mapped onto distributed RAM because of timing constraints  
The instance canvas_fb/memory_reg_r1_24448_24575_0_0 is implemented as distributed LUT RAM for the following reason: The timing constraints suggest that the chosen mapping will yield a better timing.
Related violations: <none>

SYNTH-5#128 Warning
Mapped onto distributed RAM because of timing constraints  
The instance canvas_fb/memory_reg_r1_24576_24703_0_0 is implemented as distributed LUT RAM for the following reason: The timing constraints suggest that the chosen mapping will yield a better timing.
Related violations: <none>

SYNTH-5#129 Warning
Mapped onto distributed RAM because of timing constraints  
The instance canvas_fb/memory_reg_r1_24704_24831_0_0 is implemented as distributed LUT RAM for the following reason: The timing constraints suggest that the chosen mapping will yield a better timing.
Related violations: <none>

SYNTH-5#130 Warning
Mapped onto distributed RAM because of timing constraints  
The instance canvas_fb/memory_reg_r1_24832_24959_0_0 is implemented as distributed LUT RAM for the following reason: The timing constraints suggest that the chosen mapping will yield a better timing.
Related violations: <none>

SYNTH-5#131 Warning
Mapped onto distributed RAM because of timing constraints  
The instance canvas_fb/memory_reg_r1_24960_25087_0_0 is implemented as distributed LUT RAM for the following reason: The timing constraints suggest that the chosen mapping will yield a better timing.
Related violations: <none>

SYNTH-5#132 Warning
Mapped onto distributed RAM because of timing constraints  
The instance canvas_fb/memory_reg_r1_25088_25215_0_0 is implemented as distributed LUT RAM for the following reason: The timing constraints suggest that the chosen mapping will yield a better timing.
Related violations: <none>

SYNTH-5#133 Warning
Mapped onto distributed RAM because of timing constraints  
The instance canvas_fb/memory_reg_r1_25216_25343_0_0 is implemented as distributed LUT RAM for the following reason: The timing constraints suggest that the chosen mapping will yield a better timing.
Related violations: <none>

SYNTH-5#134 Warning
Mapped onto distributed RAM because of timing constraints  
The instance canvas_fb/memory_reg_r1_25344_25471_0_0 is implemented as distributed LUT RAM for the following reason: The timing constraints suggest that the chosen mapping will yield a better timing.
Related violations: <none>

SYNTH-5#135 Warning
Mapped onto distributed RAM because of timing constraints  
The instance canvas_fb/memory_reg_r1_25472_25599_0_0 is implemented as distributed LUT RAM for the following reason: The timing constraints suggest that the chosen mapping will yield a better timing.
Related violations: <none>

SYNTH-5#136 Warning
Mapped onto distributed RAM because of timing constraints  
The instance canvas_fb/memory_reg_r1_25600_25727_0_0 is implemented as distributed LUT RAM for the following reason: The timing constraints suggest that the chosen mapping will yield a better timing.
Related violations: <none>

SYNTH-5#137 Warning
Mapped onto distributed RAM because of timing constraints  
The instance canvas_fb/memory_reg_r1_2560_2687_0_0 is implemented as distributed LUT RAM for the following reason: The timing constraints suggest that the chosen mapping will yield a better timing.
Related violations: <none>

SYNTH-5#138 Warning
Mapped onto distributed RAM because of timing constraints  
The instance canvas_fb/memory_reg_r1_256_383_0_0 is implemented as distributed LUT RAM for the following reason: The timing constraints suggest that the chosen mapping will yield a better timing.
Related violations: <none>

SYNTH-5#139 Warning
Mapped onto distributed RAM because of timing constraints  
The instance canvas_fb/memory_reg_r1_25728_25855_0_0 is implemented as distributed LUT RAM for the following reason: The timing constraints suggest that the chosen mapping will yield a better timing.
Related violations: <none>

SYNTH-5#140 Warning
Mapped onto distributed RAM because of timing constraints  
The instance canvas_fb/memory_reg_r1_25856_25983_0_0 is implemented as distributed LUT RAM for the following reason: The timing constraints suggest that the chosen mapping will yield a better timing.
Related violations: <none>

SYNTH-5#141 Warning
Mapped onto distributed RAM because of timing constraints  
The instance canvas_fb/memory_reg_r1_25984_26111_0_0 is implemented as distributed LUT RAM for the following reason: The timing constraints suggest that the chosen mapping will yield a better timing.
Related violations: <none>

SYNTH-5#142 Warning
Mapped onto distributed RAM because of timing constraints  
The instance canvas_fb/memory_reg_r1_26112_26239_0_0 is implemented as distributed LUT RAM for the following reason: The timing constraints suggest that the chosen mapping will yield a better timing.
Related violations: <none>

SYNTH-5#143 Warning
Mapped onto distributed RAM because of timing constraints  
The instance canvas_fb/memory_reg_r1_26240_26367_0_0 is implemented as distributed LUT RAM for the following reason: The timing constraints suggest that the chosen mapping will yield a better timing.
Related violations: <none>

SYNTH-5#144 Warning
Mapped onto distributed RAM because of timing constraints  
The instance canvas_fb/memory_reg_r1_26368_26495_0_0 is implemented as distributed LUT RAM for the following reason: The timing constraints suggest that the chosen mapping will yield a better timing.
Related violations: <none>

SYNTH-5#145 Warning
Mapped onto distributed RAM because of timing constraints  
The instance canvas_fb/memory_reg_r1_26496_26623_0_0 is implemented as distributed LUT RAM for the following reason: The timing constraints suggest that the chosen mapping will yield a better timing.
Related violations: <none>

SYNTH-5#146 Warning
Mapped onto distributed RAM because of timing constraints  
The instance canvas_fb/memory_reg_r1_26624_26751_0_0 is implemented as distributed LUT RAM for the following reason: The timing constraints suggest that the chosen mapping will yield a better timing.
Related violations: <none>

SYNTH-5#147 Warning
Mapped onto distributed RAM because of timing constraints  
The instance canvas_fb/memory_reg_r1_26752_26879_0_0 is implemented as distributed LUT RAM for the following reason: The timing constraints suggest that the chosen mapping will yield a better timing.
Related violations: <none>

SYNTH-5#148 Warning
Mapped onto distributed RAM because of timing constraints  
The instance canvas_fb/memory_reg_r1_26880_27007_0_0 is implemented as distributed LUT RAM for the following reason: The timing constraints suggest that the chosen mapping will yield a better timing.
Related violations: <none>

SYNTH-5#149 Warning
Mapped onto distributed RAM because of timing constraints  
The instance canvas_fb/memory_reg_r1_2688_2815_0_0 is implemented as distributed LUT RAM for the following reason: The timing constraints suggest that the chosen mapping will yield a better timing.
Related violations: <none>

SYNTH-5#150 Warning
Mapped onto distributed RAM because of timing constraints  
The instance canvas_fb/memory_reg_r1_27008_27135_0_0 is implemented as distributed LUT RAM for the following reason: The timing constraints suggest that the chosen mapping will yield a better timing.
Related violations: <none>

SYNTH-5#151 Warning
Mapped onto distributed RAM because of timing constraints  
The instance canvas_fb/memory_reg_r1_27136_27263_0_0 is implemented as distributed LUT RAM for the following reason: The timing constraints suggest that the chosen mapping will yield a better timing.
Related violations: <none>

SYNTH-5#152 Warning
Mapped onto distributed RAM because of timing constraints  
The instance canvas_fb/memory_reg_r1_27264_27391_0_0 is implemented as distributed LUT RAM for the following reason: The timing constraints suggest that the chosen mapping will yield a better timing.
Related violations: <none>

SYNTH-5#153 Warning
Mapped onto distributed RAM because of timing constraints  
The instance canvas_fb/memory_reg_r1_27392_27519_0_0 is implemented as distributed LUT RAM for the following reason: The timing constraints suggest that the chosen mapping will yield a better timing.
Related violations: <none>

SYNTH-5#154 Warning
Mapped onto distributed RAM because of timing constraints  
The instance canvas_fb/memory_reg_r1_27520_27647_0_0 is implemented as distributed LUT RAM for the following reason: The timing constraints suggest that the chosen mapping will yield a better timing.
Related violations: <none>

SYNTH-5#155 Warning
Mapped onto distributed RAM because of timing constraints  
The instance canvas_fb/memory_reg_r1_27648_27775_0_0 is implemented as distributed LUT RAM for the following reason: The timing constraints suggest that the chosen mapping will yield a better timing.
Related violations: <none>

SYNTH-5#156 Warning
Mapped onto distributed RAM because of timing constraints  
The instance canvas_fb/memory_reg_r1_27776_27903_0_0 is implemented as distributed LUT RAM for the following reason: The timing constraints suggest that the chosen mapping will yield a better timing.
Related violations: <none>

SYNTH-5#157 Warning
Mapped onto distributed RAM because of timing constraints  
The instance canvas_fb/memory_reg_r1_27904_28031_0_0 is implemented as distributed LUT RAM for the following reason: The timing constraints suggest that the chosen mapping will yield a better timing.
Related violations: <none>

SYNTH-5#158 Warning
Mapped onto distributed RAM because of timing constraints  
The instance canvas_fb/memory_reg_r1_28032_28159_0_0 is implemented as distributed LUT RAM for the following reason: The timing constraints suggest that the chosen mapping will yield a better timing.
Related violations: <none>

SYNTH-5#159 Warning
Mapped onto distributed RAM because of timing constraints  
The instance canvas_fb/memory_reg_r1_28160_28287_0_0 is implemented as distributed LUT RAM for the following reason: The timing constraints suggest that the chosen mapping will yield a better timing.
Related violations: <none>

SYNTH-5#160 Warning
Mapped onto distributed RAM because of timing constraints  
The instance canvas_fb/memory_reg_r1_2816_2943_0_0 is implemented as distributed LUT RAM for the following reason: The timing constraints suggest that the chosen mapping will yield a better timing.
Related violations: <none>

SYNTH-5#161 Warning
Mapped onto distributed RAM because of timing constraints  
The instance canvas_fb/memory_reg_r1_28288_28415_0_0 is implemented as distributed LUT RAM for the following reason: The timing constraints suggest that the chosen mapping will yield a better timing.
Related violations: <none>

SYNTH-5#162 Warning
Mapped onto distributed RAM because of timing constraints  
The instance canvas_fb/memory_reg_r1_28416_28543_0_0 is implemented as distributed LUT RAM for the following reason: The timing constraints suggest that the chosen mapping will yield a better timing.
Related violations: <none>

SYNTH-5#163 Warning
Mapped onto distributed RAM because of timing constraints  
The instance canvas_fb/memory_reg_r1_28544_28671_0_0 is implemented as distributed LUT RAM for the following reason: The timing constraints suggest that the chosen mapping will yield a better timing.
Related violations: <none>

SYNTH-5#164 Warning
Mapped onto distributed RAM because of timing constraints  
The instance canvas_fb/memory_reg_r1_28672_28799_0_0 is implemented as distributed LUT RAM for the following reason: The timing constraints suggest that the chosen mapping will yield a better timing.
Related violations: <none>

SYNTH-5#165 Warning
Mapped onto distributed RAM because of timing constraints  
The instance canvas_fb/memory_reg_r1_28800_28927_0_0 is implemented as distributed LUT RAM for the following reason: The timing constraints suggest that the chosen mapping will yield a better timing.
Related violations: <none>

SYNTH-5#166 Warning
Mapped onto distributed RAM because of timing constraints  
The instance canvas_fb/memory_reg_r1_28928_29055_0_0 is implemented as distributed LUT RAM for the following reason: The timing constraints suggest that the chosen mapping will yield a better timing.
Related violations: <none>

SYNTH-5#167 Warning
Mapped onto distributed RAM because of timing constraints  
The instance canvas_fb/memory_reg_r1_29056_29183_0_0 is implemented as distributed LUT RAM for the following reason: The timing constraints suggest that the chosen mapping will yield a better timing.
Related violations: <none>

SYNTH-5#168 Warning
Mapped onto distributed RAM because of timing constraints  
The instance canvas_fb/memory_reg_r1_29184_29311_0_0 is implemented as distributed LUT RAM for the following reason: The timing constraints suggest that the chosen mapping will yield a better timing.
Related violations: <none>

SYNTH-5#169 Warning
Mapped onto distributed RAM because of timing constraints  
The instance canvas_fb/memory_reg_r1_29312_29439_0_0 is implemented as distributed LUT RAM for the following reason: The timing constraints suggest that the chosen mapping will yield a better timing.
Related violations: <none>

SYNTH-5#170 Warning
Mapped onto distributed RAM because of timing constraints  
The instance canvas_fb/memory_reg_r1_29440_29567_0_0 is implemented as distributed LUT RAM for the following reason: The timing constraints suggest that the chosen mapping will yield a better timing.
Related violations: <none>

SYNTH-5#171 Warning
Mapped onto distributed RAM because of timing constraints  
The instance canvas_fb/memory_reg_r1_2944_3071_0_0 is implemented as distributed LUT RAM for the following reason: The timing constraints suggest that the chosen mapping will yield a better timing.
Related violations: <none>

SYNTH-5#172 Warning
Mapped onto distributed RAM because of timing constraints  
The instance canvas_fb/memory_reg_r1_29568_29695_0_0 is implemented as distributed LUT RAM for the following reason: The timing constraints suggest that the chosen mapping will yield a better timing.
Related violations: <none>

SYNTH-5#173 Warning
Mapped onto distributed RAM because of timing constraints  
The instance canvas_fb/memory_reg_r1_29696_29823_0_0 is implemented as distributed LUT RAM for the following reason: The timing constraints suggest that the chosen mapping will yield a better timing.
Related violations: <none>

SYNTH-5#174 Warning
Mapped onto distributed RAM because of timing constraints  
The instance canvas_fb/memory_reg_r1_29824_29951_0_0 is implemented as distributed LUT RAM for the following reason: The timing constraints suggest that the chosen mapping will yield a better timing.
Related violations: <none>

SYNTH-5#175 Warning
Mapped onto distributed RAM because of timing constraints  
The instance canvas_fb/memory_reg_r1_29952_30079_0_0 is implemented as distributed LUT RAM for the following reason: The timing constraints suggest that the chosen mapping will yield a better timing.
Related violations: <none>

SYNTH-5#176 Warning
Mapped onto distributed RAM because of timing constraints  
The instance canvas_fb/memory_reg_r1_30080_30207_0_0 is implemented as distributed LUT RAM for the following reason: The timing constraints suggest that the chosen mapping will yield a better timing.
Related violations: <none>

SYNTH-5#177 Warning
Mapped onto distributed RAM because of timing constraints  
The instance canvas_fb/memory_reg_r1_30208_30335_0_0 is implemented as distributed LUT RAM for the following reason: The timing constraints suggest that the chosen mapping will yield a better timing.
Related violations: <none>

SYNTH-5#178 Warning
Mapped onto distributed RAM because of timing constraints  
The instance canvas_fb/memory_reg_r1_30336_30463_0_0 is implemented as distributed LUT RAM for the following reason: The timing constraints suggest that the chosen mapping will yield a better timing.
Related violations: <none>

SYNTH-5#179 Warning
Mapped onto distributed RAM because of timing constraints  
The instance canvas_fb/memory_reg_r1_30464_30591_0_0 is implemented as distributed LUT RAM for the following reason: The timing constraints suggest that the chosen mapping will yield a better timing.
Related violations: <none>

SYNTH-5#180 Warning
Mapped onto distributed RAM because of timing constraints  
The instance canvas_fb/memory_reg_r1_30592_30719_0_0 is implemented as distributed LUT RAM for the following reason: The timing constraints suggest that the chosen mapping will yield a better timing.
Related violations: <none>

SYNTH-5#181 Warning
Mapped onto distributed RAM because of timing constraints  
The instance canvas_fb/memory_reg_r1_30720_30847_0_0 is implemented as distributed LUT RAM for the following reason: The timing constraints suggest that the chosen mapping will yield a better timing.
Related violations: <none>

SYNTH-5#182 Warning
Mapped onto distributed RAM because of timing constraints  
The instance canvas_fb/memory_reg_r1_3072_3199_0_0 is implemented as distributed LUT RAM for the following reason: The timing constraints suggest that the chosen mapping will yield a better timing.
Related violations: <none>

SYNTH-5#183 Warning
Mapped onto distributed RAM because of timing constraints  
The instance canvas_fb/memory_reg_r1_30848_30975_0_0 is implemented as distributed LUT RAM for the following reason: The timing constraints suggest that the chosen mapping will yield a better timing.
Related violations: <none>

SYNTH-5#184 Warning
Mapped onto distributed RAM because of timing constraints  
The instance canvas_fb/memory_reg_r1_30976_31103_0_0 is implemented as distributed LUT RAM for the following reason: The timing constraints suggest that the chosen mapping will yield a better timing.
Related violations: <none>

SYNTH-5#185 Warning
Mapped onto distributed RAM because of timing constraints  
The instance canvas_fb/memory_reg_r1_31104_31231_0_0 is implemented as distributed LUT RAM for the following reason: The timing constraints suggest that the chosen mapping will yield a better timing.
Related violations: <none>

SYNTH-5#186 Warning
Mapped onto distributed RAM because of timing constraints  
The instance canvas_fb/memory_reg_r1_31232_31359_0_0 is implemented as distributed LUT RAM for the following reason: The timing constraints suggest that the chosen mapping will yield a better timing.
Related violations: <none>

SYNTH-5#187 Warning
Mapped onto distributed RAM because of timing constraints  
The instance canvas_fb/memory_reg_r1_31360_31487_0_0 is implemented as distributed LUT RAM for the following reason: The timing constraints suggest that the chosen mapping will yield a better timing.
Related violations: <none>

SYNTH-5#188 Warning
Mapped onto distributed RAM because of timing constraints  
The instance canvas_fb/memory_reg_r1_31488_31615_0_0 is implemented as distributed LUT RAM for the following reason: The timing constraints suggest that the chosen mapping will yield a better timing.
Related violations: <none>

SYNTH-5#189 Warning
Mapped onto distributed RAM because of timing constraints  
The instance canvas_fb/memory_reg_r1_31616_31743_0_0 is implemented as distributed LUT RAM for the following reason: The timing constraints suggest that the chosen mapping will yield a better timing.
Related violations: <none>

SYNTH-5#190 Warning
Mapped onto distributed RAM because of timing constraints  
The instance canvas_fb/memory_reg_r1_31744_31871_0_0 is implemented as distributed LUT RAM for the following reason: The timing constraints suggest that the chosen mapping will yield a better timing.
Related violations: <none>

SYNTH-5#191 Warning
Mapped onto distributed RAM because of timing constraints  
The instance canvas_fb/memory_reg_r1_31872_31999_0_0 is implemented as distributed LUT RAM for the following reason: The timing constraints suggest that the chosen mapping will yield a better timing.
Related violations: <none>

SYNTH-5#192 Warning
Mapped onto distributed RAM because of timing constraints  
The instance canvas_fb/memory_reg_r1_32000_32127_0_0 is implemented as distributed LUT RAM for the following reason: The timing constraints suggest that the chosen mapping will yield a better timing.
Related violations: <none>

SYNTH-5#193 Warning
Mapped onto distributed RAM because of timing constraints  
The instance canvas_fb/memory_reg_r1_3200_3327_0_0 is implemented as distributed LUT RAM for the following reason: The timing constraints suggest that the chosen mapping will yield a better timing.
Related violations: <none>

SYNTH-5#194 Warning
Mapped onto distributed RAM because of timing constraints  
The instance canvas_fb/memory_reg_r1_32128_32255_0_0 is implemented as distributed LUT RAM for the following reason: The timing constraints suggest that the chosen mapping will yield a better timing.
Related violations: <none>

SYNTH-5#195 Warning
Mapped onto distributed RAM because of timing constraints  
The instance canvas_fb/memory_reg_r1_32256_32383_0_0 is implemented as distributed LUT RAM for the following reason: The timing constraints suggest that the chosen mapping will yield a better timing.
Related violations: <none>

SYNTH-5#196 Warning
Mapped onto distributed RAM because of timing constraints  
The instance canvas_fb/memory_reg_r1_32384_32511_0_0 is implemented as distributed LUT RAM for the following reason: The timing constraints suggest that the chosen mapping will yield a better timing.
Related violations: <none>

SYNTH-5#197 Warning
Mapped onto distributed RAM because of timing constraints  
The instance canvas_fb/memory_reg_r1_32512_32639_0_0 is implemented as distributed LUT RAM for the following reason: The timing constraints suggest that the chosen mapping will yield a better timing.
Related violations: <none>

SYNTH-5#198 Warning
Mapped onto distributed RAM because of timing constraints  
The instance canvas_fb/memory_reg_r1_32640_32767_0_0 is implemented as distributed LUT RAM for the following reason: The timing constraints suggest that the chosen mapping will yield a better timing.
Related violations: <none>

SYNTH-5#199 Warning
Mapped onto distributed RAM because of timing constraints  
The instance canvas_fb/memory_reg_r1_32768_32895_0_0 is implemented as distributed LUT RAM for the following reason: The timing constraints suggest that the chosen mapping will yield a better timing.
Related violations: <none>

SYNTH-5#200 Warning
Mapped onto distributed RAM because of timing constraints  
The instance canvas_fb/memory_reg_r1_32896_33023_0_0 is implemented as distributed LUT RAM for the following reason: The timing constraints suggest that the chosen mapping will yield a better timing.
Related violations: <none>

SYNTH-5#201 Warning
Mapped onto distributed RAM because of timing constraints  
The instance canvas_fb/memory_reg_r1_33024_33151_0_0 is implemented as distributed LUT RAM for the following reason: The timing constraints suggest that the chosen mapping will yield a better timing.
Related violations: <none>

SYNTH-5#202 Warning
Mapped onto distributed RAM because of timing constraints  
The instance canvas_fb/memory_reg_r1_33152_33279_0_0 is implemented as distributed LUT RAM for the following reason: The timing constraints suggest that the chosen mapping will yield a better timing.
Related violations: <none>

SYNTH-5#203 Warning
Mapped onto distributed RAM because of timing constraints  
The instance canvas_fb/memory_reg_r1_33280_33407_0_0 is implemented as distributed LUT RAM for the following reason: The timing constraints suggest that the chosen mapping will yield a better timing.
Related violations: <none>

SYNTH-5#204 Warning
Mapped onto distributed RAM because of timing constraints  
The instance canvas_fb/memory_reg_r1_3328_3455_0_0 is implemented as distributed LUT RAM for the following reason: The timing constraints suggest that the chosen mapping will yield a better timing.
Related violations: <none>

SYNTH-5#205 Warning
Mapped onto distributed RAM because of timing constraints  
The instance canvas_fb/memory_reg_r1_33408_33535_0_0 is implemented as distributed LUT RAM for the following reason: The timing constraints suggest that the chosen mapping will yield a better timing.
Related violations: <none>

SYNTH-5#206 Warning
Mapped onto distributed RAM because of timing constraints  
The instance canvas_fb/memory_reg_r1_33536_33663_0_0 is implemented as distributed LUT RAM for the following reason: The timing constraints suggest that the chosen mapping will yield a better timing.
Related violations: <none>

SYNTH-5#207 Warning
Mapped onto distributed RAM because of timing constraints  
The instance canvas_fb/memory_reg_r1_33664_33791_0_0 is implemented as distributed LUT RAM for the following reason: The timing constraints suggest that the chosen mapping will yield a better timing.
Related violations: <none>

SYNTH-5#208 Warning
Mapped onto distributed RAM because of timing constraints  
The instance canvas_fb/memory_reg_r1_33792_33919_0_0 is implemented as distributed LUT RAM for the following reason: The timing constraints suggest that the chosen mapping will yield a better timing.
Related violations: <none>

SYNTH-5#209 Warning
Mapped onto distributed RAM because of timing constraints  
The instance canvas_fb/memory_reg_r1_33920_34047_0_0 is implemented as distributed LUT RAM for the following reason: The timing constraints suggest that the chosen mapping will yield a better timing.
Related violations: <none>

SYNTH-5#210 Warning
Mapped onto distributed RAM because of timing constraints  
The instance canvas_fb/memory_reg_r1_34048_34175_0_0 is implemented as distributed LUT RAM for the following reason: The timing constraints suggest that the chosen mapping will yield a better timing.
Related violations: <none>

SYNTH-5#211 Warning
Mapped onto distributed RAM because of timing constraints  
The instance canvas_fb/memory_reg_r1_34176_34303_0_0 is implemented as distributed LUT RAM for the following reason: The timing constraints suggest that the chosen mapping will yield a better timing.
Related violations: <none>

SYNTH-5#212 Warning
Mapped onto distributed RAM because of timing constraints  
The instance canvas_fb/memory_reg_r1_34304_34431_0_0 is implemented as distributed LUT RAM for the following reason: The timing constraints suggest that the chosen mapping will yield a better timing.
Related violations: <none>

SYNTH-5#213 Warning
Mapped onto distributed RAM because of timing constraints  
The instance canvas_fb/memory_reg_r1_34432_34559_0_0 is implemented as distributed LUT RAM for the following reason: The timing constraints suggest that the chosen mapping will yield a better timing.
Related violations: <none>

SYNTH-5#214 Warning
Mapped onto distributed RAM because of timing constraints  
The instance canvas_fb/memory_reg_r1_34560_34687_0_0 is implemented as distributed LUT RAM for the following reason: The timing constraints suggest that the chosen mapping will yield a better timing.
Related violations: <none>

SYNTH-5#215 Warning
Mapped onto distributed RAM because of timing constraints  
The instance canvas_fb/memory_reg_r1_3456_3583_0_0 is implemented as distributed LUT RAM for the following reason: The timing constraints suggest that the chosen mapping will yield a better timing.
Related violations: <none>

SYNTH-5#216 Warning
Mapped onto distributed RAM because of timing constraints  
The instance canvas_fb/memory_reg_r1_34688_34815_0_0 is implemented as distributed LUT RAM for the following reason: The timing constraints suggest that the chosen mapping will yield a better timing.
Related violations: <none>

SYNTH-5#217 Warning
Mapped onto distributed RAM because of timing constraints  
The instance canvas_fb/memory_reg_r1_34816_34943_0_0 is implemented as distributed LUT RAM for the following reason: The timing constraints suggest that the chosen mapping will yield a better timing.
Related violations: <none>

SYNTH-5#218 Warning
Mapped onto distributed RAM because of timing constraints  
The instance canvas_fb/memory_reg_r1_34944_35071_0_0 is implemented as distributed LUT RAM for the following reason: The timing constraints suggest that the chosen mapping will yield a better timing.
Related violations: <none>

SYNTH-5#219 Warning
Mapped onto distributed RAM because of timing constraints  
The instance canvas_fb/memory_reg_r1_35072_35199_0_0 is implemented as distributed LUT RAM for the following reason: The timing constraints suggest that the chosen mapping will yield a better timing.
Related violations: <none>

SYNTH-5#220 Warning
Mapped onto distributed RAM because of timing constraints  
The instance canvas_fb/memory_reg_r1_35200_35327_0_0 is implemented as distributed LUT RAM for the following reason: The timing constraints suggest that the chosen mapping will yield a better timing.
Related violations: <none>

SYNTH-5#221 Warning
Mapped onto distributed RAM because of timing constraints  
The instance canvas_fb/memory_reg_r1_35328_35455_0_0 is implemented as distributed LUT RAM for the following reason: The timing constraints suggest that the chosen mapping will yield a better timing.
Related violations: <none>

SYNTH-5#222 Warning
Mapped onto distributed RAM because of timing constraints  
The instance canvas_fb/memory_reg_r1_35456_35583_0_0 is implemented as distributed LUT RAM for the following reason: The timing constraints suggest that the chosen mapping will yield a better timing.
Related violations: <none>

SYNTH-5#223 Warning
Mapped onto distributed RAM because of timing constraints  
The instance canvas_fb/memory_reg_r1_35584_35711_0_0 is implemented as distributed LUT RAM for the following reason: The timing constraints suggest that the chosen mapping will yield a better timing.
Related violations: <none>

SYNTH-5#224 Warning
Mapped onto distributed RAM because of timing constraints  
The instance canvas_fb/memory_reg_r1_35712_35839_0_0 is implemented as distributed LUT RAM for the following reason: The timing constraints suggest that the chosen mapping will yield a better timing.
Related violations: <none>

SYNTH-5#225 Warning
Mapped onto distributed RAM because of timing constraints  
The instance canvas_fb/memory_reg_r1_35840_35967_0_0 is implemented as distributed LUT RAM for the following reason: The timing constraints suggest that the chosen mapping will yield a better timing.
Related violations: <none>

SYNTH-5#226 Warning
Mapped onto distributed RAM because of timing constraints  
The instance canvas_fb/memory_reg_r1_3584_3711_0_0 is implemented as distributed LUT RAM for the following reason: The timing constraints suggest that the chosen mapping will yield a better timing.
Related violations: <none>

SYNTH-5#227 Warning
Mapped onto distributed RAM because of timing constraints  
The instance canvas_fb/memory_reg_r1_35968_36095_0_0 is implemented as distributed LUT RAM for the following reason: The timing constraints suggest that the chosen mapping will yield a better timing.
Related violations: <none>

SYNTH-5#228 Warning
Mapped onto distributed RAM because of timing constraints  
The instance canvas_fb/memory_reg_r1_36096_36223_0_0 is implemented as distributed LUT RAM for the following reason: The timing constraints suggest that the chosen mapping will yield a better timing.
Related violations: <none>

SYNTH-5#229 Warning
Mapped onto distributed RAM because of timing constraints  
The instance canvas_fb/memory_reg_r1_36224_36351_0_0 is implemented as distributed LUT RAM for the following reason: The timing constraints suggest that the chosen mapping will yield a better timing.
Related violations: <none>

SYNTH-5#230 Warning
Mapped onto distributed RAM because of timing constraints  
The instance canvas_fb/memory_reg_r1_36352_36479_0_0 is implemented as distributed LUT RAM for the following reason: The timing constraints suggest that the chosen mapping will yield a better timing.
Related violations: <none>

SYNTH-5#231 Warning
Mapped onto distributed RAM because of timing constraints  
The instance canvas_fb/memory_reg_r1_36480_36607_0_0 is implemented as distributed LUT RAM for the following reason: The timing constraints suggest that the chosen mapping will yield a better timing.
Related violations: <none>

SYNTH-5#232 Warning
Mapped onto distributed RAM because of timing constraints  
The instance canvas_fb/memory_reg_r1_36608_36735_0_0 is implemented as distributed LUT RAM for the following reason: The timing constraints suggest that the chosen mapping will yield a better timing.
Related violations: <none>

SYNTH-5#233 Warning
Mapped onto distributed RAM because of timing constraints  
The instance canvas_fb/memory_reg_r1_36736_36863_0_0 is implemented as distributed LUT RAM for the following reason: The timing constraints suggest that the chosen mapping will yield a better timing.
Related violations: <none>

SYNTH-5#234 Warning
Mapped onto distributed RAM because of timing constraints  
The instance canvas_fb/memory_reg_r1_36864_36991_0_0 is implemented as distributed LUT RAM for the following reason: The timing constraints suggest that the chosen mapping will yield a better timing.
Related violations: <none>

SYNTH-5#235 Warning
Mapped onto distributed RAM because of timing constraints  
The instance canvas_fb/memory_reg_r1_36992_37119_0_0 is implemented as distributed LUT RAM for the following reason: The timing constraints suggest that the chosen mapping will yield a better timing.
Related violations: <none>

SYNTH-5#236 Warning
Mapped onto distributed RAM because of timing constraints  
The instance canvas_fb/memory_reg_r1_37120_37247_0_0 is implemented as distributed LUT RAM for the following reason: The timing constraints suggest that the chosen mapping will yield a better timing.
Related violations: <none>

SYNTH-5#237 Warning
Mapped onto distributed RAM because of timing constraints  
The instance canvas_fb/memory_reg_r1_3712_3839_0_0 is implemented as distributed LUT RAM for the following reason: The timing constraints suggest that the chosen mapping will yield a better timing.
Related violations: <none>

SYNTH-5#238 Warning
Mapped onto distributed RAM because of timing constraints  
The instance canvas_fb/memory_reg_r1_37248_37375_0_0 is implemented as distributed LUT RAM for the following reason: The timing constraints suggest that the chosen mapping will yield a better timing.
Related violations: <none>

SYNTH-5#239 Warning
Mapped onto distributed RAM because of timing constraints  
The instance canvas_fb/memory_reg_r1_37376_37503_0_0 is implemented as distributed LUT RAM for the following reason: The timing constraints suggest that the chosen mapping will yield a better timing.
Related violations: <none>

SYNTH-5#240 Warning
Mapped onto distributed RAM because of timing constraints  
The instance canvas_fb/memory_reg_r1_37504_37631_0_0 is implemented as distributed LUT RAM for the following reason: The timing constraints suggest that the chosen mapping will yield a better timing.
Related violations: <none>

SYNTH-5#241 Warning
Mapped onto distributed RAM because of timing constraints  
The instance canvas_fb/memory_reg_r1_37632_37759_0_0 is implemented as distributed LUT RAM for the following reason: The timing constraints suggest that the chosen mapping will yield a better timing.
Related violations: <none>

SYNTH-5#242 Warning
Mapped onto distributed RAM because of timing constraints  
The instance canvas_fb/memory_reg_r1_37760_37887_0_0 is implemented as distributed LUT RAM for the following reason: The timing constraints suggest that the chosen mapping will yield a better timing.
Related violations: <none>

SYNTH-5#243 Warning
Mapped onto distributed RAM because of timing constraints  
The instance canvas_fb/memory_reg_r1_37888_38015_0_0 is implemented as distributed LUT RAM for the following reason: The timing constraints suggest that the chosen mapping will yield a better timing.
Related violations: <none>

SYNTH-5#244 Warning
Mapped onto distributed RAM because of timing constraints  
The instance canvas_fb/memory_reg_r1_38016_38143_0_0 is implemented as distributed LUT RAM for the following reason: The timing constraints suggest that the chosen mapping will yield a better timing.
Related violations: <none>

SYNTH-5#245 Warning
Mapped onto distributed RAM because of timing constraints  
The instance canvas_fb/memory_reg_r1_38144_38271_0_0 is implemented as distributed LUT RAM for the following reason: The timing constraints suggest that the chosen mapping will yield a better timing.
Related violations: <none>

SYNTH-5#246 Warning
Mapped onto distributed RAM because of timing constraints  
The instance canvas_fb/memory_reg_r1_38272_38399_0_0 is implemented as distributed LUT RAM for the following reason: The timing constraints suggest that the chosen mapping will yield a better timing.
Related violations: <none>

SYNTH-5#247 Warning
Mapped onto distributed RAM because of timing constraints  
The instance canvas_fb/memory_reg_r1_38400_38527_0_0 is implemented as distributed LUT RAM for the following reason: The timing constraints suggest that the chosen mapping will yield a better timing.
Related violations: <none>

SYNTH-5#248 Warning
Mapped onto distributed RAM because of timing constraints  
The instance canvas_fb/memory_reg_r1_3840_3967_0_0 is implemented as distributed LUT RAM for the following reason: The timing constraints suggest that the chosen mapping will yield a better timing.
Related violations: <none>

SYNTH-5#249 Warning
Mapped onto distributed RAM because of timing constraints  
The instance canvas_fb/memory_reg_r1_384_511_0_0 is implemented as distributed LUT RAM for the following reason: The timing constraints suggest that the chosen mapping will yield a better timing.
Related violations: <none>

SYNTH-5#250 Warning
Mapped onto distributed RAM because of timing constraints  
The instance canvas_fb/memory_reg_r1_38528_38655_0_0 is implemented as distributed LUT RAM for the following reason: The timing constraints suggest that the chosen mapping will yield a better timing.
Related violations: <none>

SYNTH-5#251 Warning
Mapped onto distributed RAM because of timing constraints  
The instance canvas_fb/memory_reg_r1_38656_38783_0_0 is implemented as distributed LUT RAM for the following reason: The timing constraints suggest that the chosen mapping will yield a better timing.
Related violations: <none>

SYNTH-5#252 Warning
Mapped onto distributed RAM because of timing constraints  
The instance canvas_fb/memory_reg_r1_38784_38911_0_0 is implemented as distributed LUT RAM for the following reason: The timing constraints suggest that the chosen mapping will yield a better timing.
Related violations: <none>

SYNTH-5#253 Warning
Mapped onto distributed RAM because of timing constraints  
The instance canvas_fb/memory_reg_r1_38912_39039_0_0 is implemented as distributed LUT RAM for the following reason: The timing constraints suggest that the chosen mapping will yield a better timing.
Related violations: <none>

SYNTH-5#254 Warning
Mapped onto distributed RAM because of timing constraints  
The instance canvas_fb/memory_reg_r1_39040_39167_0_0 is implemented as distributed LUT RAM for the following reason: The timing constraints suggest that the chosen mapping will yield a better timing.
Related violations: <none>

SYNTH-5#255 Warning
Mapped onto distributed RAM because of timing constraints  
The instance canvas_fb/memory_reg_r1_39168_39295_0_0 is implemented as distributed LUT RAM for the following reason: The timing constraints suggest that the chosen mapping will yield a better timing.
Related violations: <none>

SYNTH-5#256 Warning
Mapped onto distributed RAM because of timing constraints  
The instance canvas_fb/memory_reg_r1_39296_39423_0_0 is implemented as distributed LUT RAM for the following reason: The timing constraints suggest that the chosen mapping will yield a better timing.
Related violations: <none>

SYNTH-5#257 Warning
Mapped onto distributed RAM because of timing constraints  
The instance canvas_fb/memory_reg_r1_39424_39551_0_0 is implemented as distributed LUT RAM for the following reason: The timing constraints suggest that the chosen mapping will yield a better timing.
Related violations: <none>

SYNTH-5#258 Warning
Mapped onto distributed RAM because of timing constraints  
The instance canvas_fb/memory_reg_r1_39552_39679_0_0 is implemented as distributed LUT RAM for the following reason: The timing constraints suggest that the chosen mapping will yield a better timing.
Related violations: <none>

SYNTH-5#259 Warning
Mapped onto distributed RAM because of timing constraints  
The instance canvas_fb/memory_reg_r1_39680_39807_0_0 is implemented as distributed LUT RAM for the following reason: The timing constraints suggest that the chosen mapping will yield a better timing.
Related violations: <none>

SYNTH-5#260 Warning
Mapped onto distributed RAM because of timing constraints  
The instance canvas_fb/memory_reg_r1_3968_4095_0_0 is implemented as distributed LUT RAM for the following reason: The timing constraints suggest that the chosen mapping will yield a better timing.
Related violations: <none>

SYNTH-5#261 Warning
Mapped onto distributed RAM because of timing constraints  
The instance canvas_fb/memory_reg_r1_39808_39935_0_0 is implemented as distributed LUT RAM for the following reason: The timing constraints suggest that the chosen mapping will yield a better timing.
Related violations: <none>

SYNTH-5#262 Warning
Mapped onto distributed RAM because of timing constraints  
The instance canvas_fb/memory_reg_r1_39936_40063_0_0 is implemented as distributed LUT RAM for the following reason: The timing constraints suggest that the chosen mapping will yield a better timing.
Related violations: <none>

SYNTH-5#263 Warning
Mapped onto distributed RAM because of timing constraints  
The instance canvas_fb/memory_reg_r1_40064_40191_0_0 is implemented as distributed LUT RAM for the following reason: The timing constraints suggest that the chosen mapping will yield a better timing.
Related violations: <none>

SYNTH-5#264 Warning
Mapped onto distributed RAM because of timing constraints  
The instance canvas_fb/memory_reg_r1_40192_40319_0_0 is implemented as distributed LUT RAM for the following reason: The timing constraints suggest that the chosen mapping will yield a better timing.
Related violations: <none>

SYNTH-5#265 Warning
Mapped onto distributed RAM because of timing constraints  
The instance canvas_fb/memory_reg_r1_40320_40447_0_0 is implemented as distributed LUT RAM for the following reason: The timing constraints suggest that the chosen mapping will yield a better timing.
Related violations: <none>

SYNTH-5#266 Warning
Mapped onto distributed RAM because of timing constraints  
The instance canvas_fb/memory_reg_r1_40448_40575_0_0 is implemented as distributed LUT RAM for the following reason: The timing constraints suggest that the chosen mapping will yield a better timing.
Related violations: <none>

SYNTH-5#267 Warning
Mapped onto distributed RAM because of timing constraints  
The instance canvas_fb/memory_reg_r1_40576_40703_0_0 is implemented as distributed LUT RAM for the following reason: The timing constraints suggest that the chosen mapping will yield a better timing.
Related violations: <none>

SYNTH-5#268 Warning
Mapped onto distributed RAM because of timing constraints  
The instance canvas_fb/memory_reg_r1_40704_40831_0_0 is implemented as distributed LUT RAM for the following reason: The timing constraints suggest that the chosen mapping will yield a better timing.
Related violations: <none>

SYNTH-5#269 Warning
Mapped onto distributed RAM because of timing constraints  
The instance canvas_fb/memory_reg_r1_40832_40959_0_0 is implemented as distributed LUT RAM for the following reason: The timing constraints suggest that the chosen mapping will yield a better timing.
Related violations: <none>

SYNTH-5#270 Warning
Mapped onto distributed RAM because of timing constraints  
The instance canvas_fb/memory_reg_r1_40960_41087_0_0 is implemented as distributed LUT RAM for the following reason: The timing constraints suggest that the chosen mapping will yield a better timing.
Related violations: <none>

SYNTH-5#271 Warning
Mapped onto distributed RAM because of timing constraints  
The instance canvas_fb/memory_reg_r1_4096_4223_0_0 is implemented as distributed LUT RAM for the following reason: The timing constraints suggest that the chosen mapping will yield a better timing.
Related violations: <none>

SYNTH-5#272 Warning
Mapped onto distributed RAM because of timing constraints  
The instance canvas_fb/memory_reg_r1_41088_41215_0_0 is implemented as distributed LUT RAM for the following reason: The timing constraints suggest that the chosen mapping will yield a better timing.
Related violations: <none>

SYNTH-5#273 Warning
Mapped onto distributed RAM because of timing constraints  
The instance canvas_fb/memory_reg_r1_41216_41343_0_0 is implemented as distributed LUT RAM for the following reason: The timing constraints suggest that the chosen mapping will yield a better timing.
Related violations: <none>

SYNTH-5#274 Warning
Mapped onto distributed RAM because of timing constraints  
The instance canvas_fb/memory_reg_r1_41344_41471_0_0 is implemented as distributed LUT RAM for the following reason: The timing constraints suggest that the chosen mapping will yield a better timing.
Related violations: <none>

SYNTH-5#275 Warning
Mapped onto distributed RAM because of timing constraints  
The instance canvas_fb/memory_reg_r1_41472_41599_0_0 is implemented as distributed LUT RAM for the following reason: The timing constraints suggest that the chosen mapping will yield a better timing.
Related violations: <none>

SYNTH-5#276 Warning
Mapped onto distributed RAM because of timing constraints  
The instance canvas_fb/memory_reg_r1_41600_41727_0_0 is implemented as distributed LUT RAM for the following reason: The timing constraints suggest that the chosen mapping will yield a better timing.
Related violations: <none>

SYNTH-5#277 Warning
Mapped onto distributed RAM because of timing constraints  
The instance canvas_fb/memory_reg_r1_41728_41855_0_0 is implemented as distributed LUT RAM for the following reason: The timing constraints suggest that the chosen mapping will yield a better timing.
Related violations: <none>

SYNTH-5#278 Warning
Mapped onto distributed RAM because of timing constraints  
The instance canvas_fb/memory_reg_r1_41856_41983_0_0 is implemented as distributed LUT RAM for the following reason: The timing constraints suggest that the chosen mapping will yield a better timing.
Related violations: <none>

SYNTH-5#279 Warning
Mapped onto distributed RAM because of timing constraints  
The instance canvas_fb/memory_reg_r1_41984_42111_0_0 is implemented as distributed LUT RAM for the following reason: The timing constraints suggest that the chosen mapping will yield a better timing.
Related violations: <none>

SYNTH-5#280 Warning
Mapped onto distributed RAM because of timing constraints  
The instance canvas_fb/memory_reg_r1_42112_42239_0_0 is implemented as distributed LUT RAM for the following reason: The timing constraints suggest that the chosen mapping will yield a better timing.
Related violations: <none>

SYNTH-5#281 Warning
Mapped onto distributed RAM because of timing constraints  
The instance canvas_fb/memory_reg_r1_42240_42367_0_0 is implemented as distributed LUT RAM for the following reason: The timing constraints suggest that the chosen mapping will yield a better timing.
Related violations: <none>

SYNTH-5#282 Warning
Mapped onto distributed RAM because of timing constraints  
The instance canvas_fb/memory_reg_r1_4224_4351_0_0 is implemented as distributed LUT RAM for the following reason: The timing constraints suggest that the chosen mapping will yield a better timing.
Related violations: <none>

SYNTH-5#283 Warning
Mapped onto distributed RAM because of timing constraints  
The instance canvas_fb/memory_reg_r1_42368_42495_0_0 is implemented as distributed LUT RAM for the following reason: The timing constraints suggest that the chosen mapping will yield a better timing.
Related violations: <none>

SYNTH-5#284 Warning
Mapped onto distributed RAM because of timing constraints  
The instance canvas_fb/memory_reg_r1_42496_42623_0_0 is implemented as distributed LUT RAM for the following reason: The timing constraints suggest that the chosen mapping will yield a better timing.
Related violations: <none>

SYNTH-5#285 Warning
Mapped onto distributed RAM because of timing constraints  
The instance canvas_fb/memory_reg_r1_42624_42751_0_0 is implemented as distributed LUT RAM for the following reason: The timing constraints suggest that the chosen mapping will yield a better timing.
Related violations: <none>

SYNTH-5#286 Warning
Mapped onto distributed RAM because of timing constraints  
The instance canvas_fb/memory_reg_r1_42752_42879_0_0 is implemented as distributed LUT RAM for the following reason: The timing constraints suggest that the chosen mapping will yield a better timing.
Related violations: <none>

SYNTH-5#287 Warning
Mapped onto distributed RAM because of timing constraints  
The instance canvas_fb/memory_reg_r1_42880_43007_0_0 is implemented as distributed LUT RAM for the following reason: The timing constraints suggest that the chosen mapping will yield a better timing.
Related violations: <none>

SYNTH-5#288 Warning
Mapped onto distributed RAM because of timing constraints  
The instance canvas_fb/memory_reg_r1_43008_43135_0_0 is implemented as distributed LUT RAM for the following reason: The timing constraints suggest that the chosen mapping will yield a better timing.
Related violations: <none>

SYNTH-5#289 Warning
Mapped onto distributed RAM because of timing constraints  
The instance canvas_fb/memory_reg_r1_43136_43263_0_0 is implemented as distributed LUT RAM for the following reason: The timing constraints suggest that the chosen mapping will yield a better timing.
Related violations: <none>

SYNTH-5#290 Warning
Mapped onto distributed RAM because of timing constraints  
The instance canvas_fb/memory_reg_r1_43264_43391_0_0 is implemented as distributed LUT RAM for the following reason: The timing constraints suggest that the chosen mapping will yield a better timing.
Related violations: <none>

SYNTH-5#291 Warning
Mapped onto distributed RAM because of timing constraints  
The instance canvas_fb/memory_reg_r1_43392_43519_0_0 is implemented as distributed LUT RAM for the following reason: The timing constraints suggest that the chosen mapping will yield a better timing.
Related violations: <none>

SYNTH-5#292 Warning
Mapped onto distributed RAM because of timing constraints  
The instance canvas_fb/memory_reg_r1_43520_43647_0_0 is implemented as distributed LUT RAM for the following reason: The timing constraints suggest that the chosen mapping will yield a better timing.
Related violations: <none>

SYNTH-5#293 Warning
Mapped onto distributed RAM because of timing constraints  
The instance canvas_fb/memory_reg_r1_4352_4479_0_0 is implemented as distributed LUT RAM for the following reason: The timing constraints suggest that the chosen mapping will yield a better timing.
Related violations: <none>

SYNTH-5#294 Warning
Mapped onto distributed RAM because of timing constraints  
The instance canvas_fb/memory_reg_r1_43648_43775_0_0 is implemented as distributed LUT RAM for the following reason: The timing constraints suggest that the chosen mapping will yield a better timing.
Related violations: <none>

SYNTH-5#295 Warning
Mapped onto distributed RAM because of timing constraints  
The instance canvas_fb/memory_reg_r1_43776_43903_0_0 is implemented as distributed LUT RAM for the following reason: The timing constraints suggest that the chosen mapping will yield a better timing.
Related violations: <none>

SYNTH-5#296 Warning
Mapped onto distributed RAM because of timing constraints  
The instance canvas_fb/memory_reg_r1_43904_44031_0_0 is implemented as distributed LUT RAM for the following reason: The timing constraints suggest that the chosen mapping will yield a better timing.
Related violations: <none>

SYNTH-5#297 Warning
Mapped onto distributed RAM because of timing constraints  
The instance canvas_fb/memory_reg_r1_44032_44159_0_0 is implemented as distributed LUT RAM for the following reason: The timing constraints suggest that the chosen mapping will yield a better timing.
Related violations: <none>

SYNTH-5#298 Warning
Mapped onto distributed RAM because of timing constraints  
The instance canvas_fb/memory_reg_r1_44160_44287_0_0 is implemented as distributed LUT RAM for the following reason: The timing constraints suggest that the chosen mapping will yield a better timing.
Related violations: <none>

SYNTH-5#299 Warning
Mapped onto distributed RAM because of timing constraints  
The instance canvas_fb/memory_reg_r1_44288_44415_0_0 is implemented as distributed LUT RAM for the following reason: The timing constraints suggest that the chosen mapping will yield a better timing.
Related violations: <none>

SYNTH-5#300 Warning
Mapped onto distributed RAM because of timing constraints  
The instance canvas_fb/memory_reg_r1_44416_44543_0_0 is implemented as distributed LUT RAM for the following reason: The timing constraints suggest that the chosen mapping will yield a better timing.
Related violations: <none>

SYNTH-5#301 Warning
Mapped onto distributed RAM because of timing constraints  
The instance canvas_fb/memory_reg_r1_44544_44671_0_0 is implemented as distributed LUT RAM for the following reason: The timing constraints suggest that the chosen mapping will yield a better timing.
Related violations: <none>

SYNTH-5#302 Warning
Mapped onto distributed RAM because of timing constraints  
The instance canvas_fb/memory_reg_r1_44672_44799_0_0 is implemented as distributed LUT RAM for the following reason: The timing constraints suggest that the chosen mapping will yield a better timing.
Related violations: <none>

SYNTH-5#303 Warning
Mapped onto distributed RAM because of timing constraints  
The instance canvas_fb/memory_reg_r1_44800_44927_0_0 is implemented as distributed LUT RAM for the following reason: The timing constraints suggest that the chosen mapping will yield a better timing.
Related violations: <none>

SYNTH-5#304 Warning
Mapped onto distributed RAM because of timing constraints  
The instance canvas_fb/memory_reg_r1_4480_4607_0_0 is implemented as distributed LUT RAM for the following reason: The timing constraints suggest that the chosen mapping will yield a better timing.
Related violations: <none>

SYNTH-5#305 Warning
Mapped onto distributed RAM because of timing constraints  
The instance canvas_fb/memory_reg_r1_44928_45055_0_0 is implemented as distributed LUT RAM for the following reason: The timing constraints suggest that the chosen mapping will yield a better timing.
Related violations: <none>

SYNTH-5#306 Warning
Mapped onto distributed RAM because of timing constraints  
The instance canvas_fb/memory_reg_r1_45056_45183_0_0 is implemented as distributed LUT RAM for the following reason: The timing constraints suggest that the chosen mapping will yield a better timing.
Related violations: <none>

SYNTH-5#307 Warning
Mapped onto distributed RAM because of timing constraints  
The instance canvas_fb/memory_reg_r1_45184_45311_0_0 is implemented as distributed LUT RAM for the following reason: The timing constraints suggest that the chosen mapping will yield a better timing.
Related violations: <none>

SYNTH-5#308 Warning
Mapped onto distributed RAM because of timing constraints  
The instance canvas_fb/memory_reg_r1_45312_45439_0_0 is implemented as distributed LUT RAM for the following reason: The timing constraints suggest that the chosen mapping will yield a better timing.
Related violations: <none>

SYNTH-5#309 Warning
Mapped onto distributed RAM because of timing constraints  
The instance canvas_fb/memory_reg_r1_45440_45567_0_0 is implemented as distributed LUT RAM for the following reason: The timing constraints suggest that the chosen mapping will yield a better timing.
Related violations: <none>

SYNTH-5#310 Warning
Mapped onto distributed RAM because of timing constraints  
The instance canvas_fb/memory_reg_r1_45568_45695_0_0 is implemented as distributed LUT RAM for the following reason: The timing constraints suggest that the chosen mapping will yield a better timing.
Related violations: <none>

SYNTH-5#311 Warning
Mapped onto distributed RAM because of timing constraints  
The instance canvas_fb/memory_reg_r1_45696_45823_0_0 is implemented as distributed LUT RAM for the following reason: The timing constraints suggest that the chosen mapping will yield a better timing.
Related violations: <none>

SYNTH-5#312 Warning
Mapped onto distributed RAM because of timing constraints  
The instance canvas_fb/memory_reg_r1_45824_45951_0_0 is implemented as distributed LUT RAM for the following reason: The timing constraints suggest that the chosen mapping will yield a better timing.
Related violations: <none>

SYNTH-5#313 Warning
Mapped onto distributed RAM because of timing constraints  
The instance canvas_fb/memory_reg_r1_45952_46079_0_0 is implemented as distributed LUT RAM for the following reason: The timing constraints suggest that the chosen mapping will yield a better timing.
Related violations: <none>

SYNTH-5#314 Warning
Mapped onto distributed RAM because of timing constraints  
The instance canvas_fb/memory_reg_r1_46080_46207_0_0 is implemented as distributed LUT RAM for the following reason: The timing constraints suggest that the chosen mapping will yield a better timing.
Related violations: <none>

SYNTH-5#315 Warning
Mapped onto distributed RAM because of timing constraints  
The instance canvas_fb/memory_reg_r1_4608_4735_0_0 is implemented as distributed LUT RAM for the following reason: The timing constraints suggest that the chosen mapping will yield a better timing.
Related violations: <none>

SYNTH-5#316 Warning
Mapped onto distributed RAM because of timing constraints  
The instance canvas_fb/memory_reg_r1_46208_46335_0_0 is implemented as distributed LUT RAM for the following reason: The timing constraints suggest that the chosen mapping will yield a better timing.
Related violations: <none>

SYNTH-5#317 Warning
Mapped onto distributed RAM because of timing constraints  
The instance canvas_fb/memory_reg_r1_46336_46463_0_0 is implemented as distributed LUT RAM for the following reason: The timing constraints suggest that the chosen mapping will yield a better timing.
Related violations: <none>

SYNTH-5#318 Warning
Mapped onto distributed RAM because of timing constraints  
The instance canvas_fb/memory_reg_r1_46464_46591_0_0 is implemented as distributed LUT RAM for the following reason: The timing constraints suggest that the chosen mapping will yield a better timing.
Related violations: <none>

SYNTH-5#319 Warning
Mapped onto distributed RAM because of timing constraints  
The instance canvas_fb/memory_reg_r1_46592_46719_0_0 is implemented as distributed LUT RAM for the following reason: The timing constraints suggest that the chosen mapping will yield a better timing.
Related violations: <none>

SYNTH-5#320 Warning
Mapped onto distributed RAM because of timing constraints  
The instance canvas_fb/memory_reg_r1_46720_46847_0_0 is implemented as distributed LUT RAM for the following reason: The timing constraints suggest that the chosen mapping will yield a better timing.
Related violations: <none>

SYNTH-5#321 Warning
Mapped onto distributed RAM because of timing constraints  
The instance canvas_fb/memory_reg_r1_46848_46975_0_0 is implemented as distributed LUT RAM for the following reason: The timing constraints suggest that the chosen mapping will yield a better timing.
Related violations: <none>

SYNTH-5#322 Warning
Mapped onto distributed RAM because of timing constraints  
The instance canvas_fb/memory_reg_r1_46976_47103_0_0 is implemented as distributed LUT RAM for the following reason: The timing constraints suggest that the chosen mapping will yield a better timing.
Related violations: <none>

SYNTH-5#323 Warning
Mapped onto distributed RAM because of timing constraints  
The instance canvas_fb/memory_reg_r1_47104_47231_0_0 is implemented as distributed LUT RAM for the following reason: The timing constraints suggest that the chosen mapping will yield a better timing.
Related violations: <none>

SYNTH-5#324 Warning
Mapped onto distributed RAM because of timing constraints  
The instance canvas_fb/memory_reg_r1_47232_47359_0_0 is implemented as distributed LUT RAM for the following reason: The timing constraints suggest that the chosen mapping will yield a better timing.
Related violations: <none>

SYNTH-5#325 Warning
Mapped onto distributed RAM because of timing constraints  
The instance canvas_fb/memory_reg_r1_47360_47487_0_0 is implemented as distributed LUT RAM for the following reason: The timing constraints suggest that the chosen mapping will yield a better timing.
Related violations: <none>

SYNTH-5#326 Warning
Mapped onto distributed RAM because of timing constraints  
The instance canvas_fb/memory_reg_r1_4736_4863_0_0 is implemented as distributed LUT RAM for the following reason: The timing constraints suggest that the chosen mapping will yield a better timing.
Related violations: <none>

SYNTH-5#327 Warning
Mapped onto distributed RAM because of timing constraints  
The instance canvas_fb/memory_reg_r1_47488_47615_0_0 is implemented as distributed LUT RAM for the following reason: The timing constraints suggest that the chosen mapping will yield a better timing.
Related violations: <none>

SYNTH-5#328 Warning
Mapped onto distributed RAM because of timing constraints  
The instance canvas_fb/memory_reg_r1_47616_47743_0_0 is implemented as distributed LUT RAM for the following reason: The timing constraints suggest that the chosen mapping will yield a better timing.
Related violations: <none>

SYNTH-5#329 Warning
Mapped onto distributed RAM because of timing constraints  
The instance canvas_fb/memory_reg_r1_47744_47871_0_0 is implemented as distributed LUT RAM for the following reason: The timing constraints suggest that the chosen mapping will yield a better timing.
Related violations: <none>

SYNTH-5#330 Warning
Mapped onto distributed RAM because of timing constraints  
The instance canvas_fb/memory_reg_r1_47872_47999_0_0 is implemented as distributed LUT RAM for the following reason: The timing constraints suggest that the chosen mapping will yield a better timing.
Related violations: <none>

SYNTH-5#331 Warning
Mapped onto distributed RAM because of timing constraints  
The instance canvas_fb/memory_reg_r1_48000_48127_0_0 is implemented as distributed LUT RAM for the following reason: The timing constraints suggest that the chosen mapping will yield a better timing.
Related violations: <none>

SYNTH-5#332 Warning
Mapped onto distributed RAM because of timing constraints  
The instance canvas_fb/memory_reg_r1_48128_48255_0_0 is implemented as distributed LUT RAM for the following reason: The timing constraints suggest that the chosen mapping will yield a better timing.
Related violations: <none>

SYNTH-5#333 Warning
Mapped onto distributed RAM because of timing constraints  
The instance canvas_fb/memory_reg_r1_48256_48383_0_0 is implemented as distributed LUT RAM for the following reason: The timing constraints suggest that the chosen mapping will yield a better timing.
Related violations: <none>

SYNTH-5#334 Warning
Mapped onto distributed RAM because of timing constraints  
The instance canvas_fb/memory_reg_r1_48384_48511_0_0 is implemented as distributed LUT RAM for the following reason: The timing constraints suggest that the chosen mapping will yield a better timing.
Related violations: <none>

SYNTH-5#335 Warning
Mapped onto distributed RAM because of timing constraints  
The instance canvas_fb/memory_reg_r1_48512_48639_0_0 is implemented as distributed LUT RAM for the following reason: The timing constraints suggest that the chosen mapping will yield a better timing.
Related violations: <none>

SYNTH-5#336 Warning
Mapped onto distributed RAM because of timing constraints  
The instance canvas_fb/memory_reg_r1_48640_48767_0_0 is implemented as distributed LUT RAM for the following reason: The timing constraints suggest that the chosen mapping will yield a better timing.
Related violations: <none>

SYNTH-5#337 Warning
Mapped onto distributed RAM because of timing constraints  
The instance canvas_fb/memory_reg_r1_4864_4991_0_0 is implemented as distributed LUT RAM for the following reason: The timing constraints suggest that the chosen mapping will yield a better timing.
Related violations: <none>

SYNTH-5#338 Warning
Mapped onto distributed RAM because of timing constraints  
The instance canvas_fb/memory_reg_r1_48768_48895_0_0 is implemented as distributed LUT RAM for the following reason: The timing constraints suggest that the chosen mapping will yield a better timing.
Related violations: <none>

SYNTH-5#339 Warning
Mapped onto distributed RAM because of timing constraints  
The instance canvas_fb/memory_reg_r1_48896_49023_0_0 is implemented as distributed LUT RAM for the following reason: The timing constraints suggest that the chosen mapping will yield a better timing.
Related violations: <none>

SYNTH-5#340 Warning
Mapped onto distributed RAM because of timing constraints  
The instance canvas_fb/memory_reg_r1_49024_49151_0_0 is implemented as distributed LUT RAM for the following reason: The timing constraints suggest that the chosen mapping will yield a better timing.
Related violations: <none>

SYNTH-5#341 Warning
Mapped onto distributed RAM because of timing constraints  
The instance canvas_fb/memory_reg_r1_49152_49279_0_0 is implemented as distributed LUT RAM for the following reason: The timing constraints suggest that the chosen mapping will yield a better timing.
Related violations: <none>

SYNTH-5#342 Warning
Mapped onto distributed RAM because of timing constraints  
The instance canvas_fb/memory_reg_r1_49280_49407_0_0 is implemented as distributed LUT RAM for the following reason: The timing constraints suggest that the chosen mapping will yield a better timing.
Related violations: <none>

SYNTH-5#343 Warning
Mapped onto distributed RAM because of timing constraints  
The instance canvas_fb/memory_reg_r1_49408_49535_0_0 is implemented as distributed LUT RAM for the following reason: The timing constraints suggest that the chosen mapping will yield a better timing.
Related violations: <none>

SYNTH-5#344 Warning
Mapped onto distributed RAM because of timing constraints  
The instance canvas_fb/memory_reg_r1_49536_49663_0_0 is implemented as distributed LUT RAM for the following reason: The timing constraints suggest that the chosen mapping will yield a better timing.
Related violations: <none>

SYNTH-5#345 Warning
Mapped onto distributed RAM because of timing constraints  
The instance canvas_fb/memory_reg_r1_49664_49791_0_0 is implemented as distributed LUT RAM for the following reason: The timing constraints suggest that the chosen mapping will yield a better timing.
Related violations: <none>

SYNTH-5#346 Warning
Mapped onto distributed RAM because of timing constraints  
The instance canvas_fb/memory_reg_r1_49792_49919_0_0 is implemented as distributed LUT RAM for the following reason: The timing constraints suggest that the chosen mapping will yield a better timing.
Related violations: <none>

SYNTH-5#347 Warning
Mapped onto distributed RAM because of timing constraints  
The instance canvas_fb/memory_reg_r1_49920_50047_0_0 is implemented as distributed LUT RAM for the following reason: The timing constraints suggest that the chosen mapping will yield a better timing.
Related violations: <none>

SYNTH-5#348 Warning
Mapped onto distributed RAM because of timing constraints  
The instance canvas_fb/memory_reg_r1_4992_5119_0_0 is implemented as distributed LUT RAM for the following reason: The timing constraints suggest that the chosen mapping will yield a better timing.
Related violations: <none>

SYNTH-5#349 Warning
Mapped onto distributed RAM because of timing constraints  
The instance canvas_fb/memory_reg_r1_50048_50175_0_0 is implemented as distributed LUT RAM for the following reason: The timing constraints suggest that the chosen mapping will yield a better timing.
Related violations: <none>

SYNTH-5#350 Warning
Mapped onto distributed RAM because of timing constraints  
The instance canvas_fb/memory_reg_r1_50176_50303_0_0 is implemented as distributed LUT RAM for the following reason: The timing constraints suggest that the chosen mapping will yield a better timing.
Related violations: <none>

SYNTH-5#351 Warning
Mapped onto distributed RAM because of timing constraints  
The instance canvas_fb/memory_reg_r1_50304_50431_0_0 is implemented as distributed LUT RAM for the following reason: The timing constraints suggest that the chosen mapping will yield a better timing.
Related violations: <none>

SYNTH-5#352 Warning
Mapped onto distributed RAM because of timing constraints  
The instance canvas_fb/memory_reg_r1_50432_50559_0_0 is implemented as distributed LUT RAM for the following reason: The timing constraints suggest that the chosen mapping will yield a better timing.
Related violations: <none>

SYNTH-5#353 Warning
Mapped onto distributed RAM because of timing constraints  
The instance canvas_fb/memory_reg_r1_50560_50687_0_0 is implemented as distributed LUT RAM for the following reason: The timing constraints suggest that the chosen mapping will yield a better timing.
Related violations: <none>

SYNTH-5#354 Warning
Mapped onto distributed RAM because of timing constraints  
The instance canvas_fb/memory_reg_r1_50688_50815_0_0 is implemented as distributed LUT RAM for the following reason: The timing constraints suggest that the chosen mapping will yield a better timing.
Related violations: <none>

SYNTH-5#355 Warning
Mapped onto distributed RAM because of timing constraints  
The instance canvas_fb/memory_reg_r1_50816_50943_0_0 is implemented as distributed LUT RAM for the following reason: The timing constraints suggest that the chosen mapping will yield a better timing.
Related violations: <none>

SYNTH-5#356 Warning
Mapped onto distributed RAM because of timing constraints  
The instance canvas_fb/memory_reg_r1_50944_51071_0_0 is implemented as distributed LUT RAM for the following reason: The timing constraints suggest that the chosen mapping will yield a better timing.
Related violations: <none>

SYNTH-5#357 Warning
Mapped onto distributed RAM because of timing constraints  
The instance canvas_fb/memory_reg_r1_51072_51199_0_0 is implemented as distributed LUT RAM for the following reason: The timing constraints suggest that the chosen mapping will yield a better timing.
Related violations: <none>

SYNTH-5#358 Warning
Mapped onto distributed RAM because of timing constraints  
The instance canvas_fb/memory_reg_r1_51200_51327_0_0 is implemented as distributed LUT RAM for the following reason: The timing constraints suggest that the chosen mapping will yield a better timing.
Related violations: <none>

SYNTH-5#359 Warning
Mapped onto distributed RAM because of timing constraints  
The instance canvas_fb/memory_reg_r1_5120_5247_0_0 is implemented as distributed LUT RAM for the following reason: The timing constraints suggest that the chosen mapping will yield a better timing.
Related violations: <none>

SYNTH-5#360 Warning
Mapped onto distributed RAM because of timing constraints  
The instance canvas_fb/memory_reg_r1_512_639_0_0 is implemented as distributed LUT RAM for the following reason: The timing constraints suggest that the chosen mapping will yield a better timing.
Related violations: <none>

SYNTH-5#361 Warning
Mapped onto distributed RAM because of timing constraints  
The instance canvas_fb/memory_reg_r1_51328_51455_0_0 is implemented as distributed LUT RAM for the following reason: The timing constraints suggest that the chosen mapping will yield a better timing.
Related violations: <none>

SYNTH-5#362 Warning
Mapped onto distributed RAM because of timing constraints  
The instance canvas_fb/memory_reg_r1_51456_51583_0_0 is implemented as distributed LUT RAM for the following reason: The timing constraints suggest that the chosen mapping will yield a better timing.
Related violations: <none>

SYNTH-5#363 Warning
Mapped onto distributed RAM because of timing constraints  
The instance canvas_fb/memory_reg_r1_51584_51711_0_0 is implemented as distributed LUT RAM for the following reason: The timing constraints suggest that the chosen mapping will yield a better timing.
Related violations: <none>

SYNTH-5#364 Warning
Mapped onto distributed RAM because of timing constraints  
The instance canvas_fb/memory_reg_r1_51712_51839_0_0 is implemented as distributed LUT RAM for the following reason: The timing constraints suggest that the chosen mapping will yield a better timing.
Related violations: <none>

SYNTH-5#365 Warning
Mapped onto distributed RAM because of timing constraints  
The instance canvas_fb/memory_reg_r1_51840_51967_0_0 is implemented as distributed LUT RAM for the following reason: The timing constraints suggest that the chosen mapping will yield a better timing.
Related violations: <none>

SYNTH-5#366 Warning
Mapped onto distributed RAM because of timing constraints  
The instance canvas_fb/memory_reg_r1_51968_52095_0_0 is implemented as distributed LUT RAM for the following reason: The timing constraints suggest that the chosen mapping will yield a better timing.
Related violations: <none>

SYNTH-5#367 Warning
Mapped onto distributed RAM because of timing constraints  
The instance canvas_fb/memory_reg_r1_52096_52223_0_0 is implemented as distributed LUT RAM for the following reason: The timing constraints suggest that the chosen mapping will yield a better timing.
Related violations: <none>

SYNTH-5#368 Warning
Mapped onto distributed RAM because of timing constraints  
The instance canvas_fb/memory_reg_r1_52224_52351_0_0 is implemented as distributed LUT RAM for the following reason: The timing constraints suggest that the chosen mapping will yield a better timing.
Related violations: <none>

SYNTH-5#369 Warning
Mapped onto distributed RAM because of timing constraints  
The instance canvas_fb/memory_reg_r1_52352_52479_0_0 is implemented as distributed LUT RAM for the following reason: The timing constraints suggest that the chosen mapping will yield a better timing.
Related violations: <none>

SYNTH-5#370 Warning
Mapped onto distributed RAM because of timing constraints  
The instance canvas_fb/memory_reg_r1_52480_52607_0_0 is implemented as distributed LUT RAM for the following reason: The timing constraints suggest that the chosen mapping will yield a better timing.
Related violations: <none>

SYNTH-5#371 Warning
Mapped onto distributed RAM because of timing constraints  
The instance canvas_fb/memory_reg_r1_5248_5375_0_0 is implemented as distributed LUT RAM for the following reason: The timing constraints suggest that the chosen mapping will yield a better timing.
Related violations: <none>

SYNTH-5#372 Warning
Mapped onto distributed RAM because of timing constraints  
The instance canvas_fb/memory_reg_r1_52608_52735_0_0 is implemented as distributed LUT RAM for the following reason: The timing constraints suggest that the chosen mapping will yield a better timing.
Related violations: <none>

SYNTH-5#373 Warning
Mapped onto distributed RAM because of timing constraints  
The instance canvas_fb/memory_reg_r1_52736_52863_0_0 is implemented as distributed LUT RAM for the following reason: The timing constraints suggest that the chosen mapping will yield a better timing.
Related violations: <none>

SYNTH-5#374 Warning
Mapped onto distributed RAM because of timing constraints  
The instance canvas_fb/memory_reg_r1_52864_52991_0_0 is implemented as distributed LUT RAM for the following reason: The timing constraints suggest that the chosen mapping will yield a better timing.
Related violations: <none>

SYNTH-5#375 Warning
Mapped onto distributed RAM because of timing constraints  
The instance canvas_fb/memory_reg_r1_52992_53119_0_0 is implemented as distributed LUT RAM for the following reason: The timing constraints suggest that the chosen mapping will yield a better timing.
Related violations: <none>

SYNTH-5#376 Warning
Mapped onto distributed RAM because of timing constraints  
The instance canvas_fb/memory_reg_r1_53120_53247_0_0 is implemented as distributed LUT RAM for the following reason: The timing constraints suggest that the chosen mapping will yield a better timing.
Related violations: <none>

SYNTH-5#377 Warning
Mapped onto distributed RAM because of timing constraints  
The instance canvas_fb/memory_reg_r1_53248_53375_0_0 is implemented as distributed LUT RAM for the following reason: The timing constraints suggest that the chosen mapping will yield a better timing.
Related violations: <none>

SYNTH-5#378 Warning
Mapped onto distributed RAM because of timing constraints  
The instance canvas_fb/memory_reg_r1_53376_53503_0_0 is implemented as distributed LUT RAM for the following reason: The timing constraints suggest that the chosen mapping will yield a better timing.
Related violations: <none>

SYNTH-5#379 Warning
Mapped onto distributed RAM because of timing constraints  
The instance canvas_fb/memory_reg_r1_53504_53631_0_0 is implemented as distributed LUT RAM for the following reason: The timing constraints suggest that the chosen mapping will yield a better timing.
Related violations: <none>

SYNTH-5#380 Warning
Mapped onto distributed RAM because of timing constraints  
The instance canvas_fb/memory_reg_r1_53632_53759_0_0 is implemented as distributed LUT RAM for the following reason: The timing constraints suggest that the chosen mapping will yield a better timing.
Related violations: <none>

SYNTH-5#381 Warning
Mapped onto distributed RAM because of timing constraints  
The instance canvas_fb/memory_reg_r1_53760_53887_0_0 is implemented as distributed LUT RAM for the following reason: The timing constraints suggest that the chosen mapping will yield a better timing.
Related violations: <none>

SYNTH-5#382 Warning
Mapped onto distributed RAM because of timing constraints  
The instance canvas_fb/memory_reg_r1_5376_5503_0_0 is implemented as distributed LUT RAM for the following reason: The timing constraints suggest that the chosen mapping will yield a better timing.
Related violations: <none>

SYNTH-5#383 Warning
Mapped onto distributed RAM because of timing constraints  
The instance canvas_fb/memory_reg_r1_53888_54015_0_0 is implemented as distributed LUT RAM for the following reason: The timing constraints suggest that the chosen mapping will yield a better timing.
Related violations: <none>

SYNTH-5#384 Warning
Mapped onto distributed RAM because of timing constraints  
The instance canvas_fb/memory_reg_r1_54016_54143_0_0 is implemented as distributed LUT RAM for the following reason: The timing constraints suggest that the chosen mapping will yield a better timing.
Related violations: <none>

SYNTH-5#385 Warning
Mapped onto distributed RAM because of timing constraints  
The instance canvas_fb/memory_reg_r1_54144_54271_0_0 is implemented as distributed LUT RAM for the following reason: The timing constraints suggest that the chosen mapping will yield a better timing.
Related violations: <none>

SYNTH-5#386 Warning
Mapped onto distributed RAM because of timing constraints  
The instance canvas_fb/memory_reg_r1_54272_54399_0_0 is implemented as distributed LUT RAM for the following reason: The timing constraints suggest that the chosen mapping will yield a better timing.
Related violations: <none>

SYNTH-5#387 Warning
Mapped onto distributed RAM because of timing constraints  
The instance canvas_fb/memory_reg_r1_54400_54527_0_0 is implemented as distributed LUT RAM for the following reason: The timing constraints suggest that the chosen mapping will yield a better timing.
Related violations: <none>

SYNTH-5#388 Warning
Mapped onto distributed RAM because of timing constraints  
The instance canvas_fb/memory_reg_r1_54528_54655_0_0 is implemented as distributed LUT RAM for the following reason: The timing constraints suggest that the chosen mapping will yield a better timing.
Related violations: <none>

SYNTH-5#389 Warning
Mapped onto distributed RAM because of timing constraints  
The instance canvas_fb/memory_reg_r1_54656_54783_0_0 is implemented as distributed LUT RAM for the following reason: The timing constraints suggest that the chosen mapping will yield a better timing.
Related violations: <none>

SYNTH-5#390 Warning
Mapped onto distributed RAM because of timing constraints  
The instance canvas_fb/memory_reg_r1_54784_54911_0_0 is implemented as distributed LUT RAM for the following reason: The timing constraints suggest that the chosen mapping will yield a better timing.
Related violations: <none>

SYNTH-5#391 Warning
Mapped onto distributed RAM because of timing constraints  
The instance canvas_fb/memory_reg_r1_54912_55039_0_0 is implemented as distributed LUT RAM for the following reason: The timing constraints suggest that the chosen mapping will yield a better timing.
Related violations: <none>

SYNTH-5#392 Warning
Mapped onto distributed RAM because of timing constraints  
The instance canvas_fb/memory_reg_r1_55040_55167_0_0 is implemented as distributed LUT RAM for the following reason: The timing constraints suggest that the chosen mapping will yield a better timing.
Related violations: <none>

SYNTH-5#393 Warning
Mapped onto distributed RAM because of timing constraints  
The instance canvas_fb/memory_reg_r1_5504_5631_0_0 is implemented as distributed LUT RAM for the following reason: The timing constraints suggest that the chosen mapping will yield a better timing.
Related violations: <none>

SYNTH-5#394 Warning
Mapped onto distributed RAM because of timing constraints  
The instance canvas_fb/memory_reg_r1_55168_55295_0_0 is implemented as distributed LUT RAM for the following reason: The timing constraints suggest that the chosen mapping will yield a better timing.
Related violations: <none>

SYNTH-5#395 Warning
Mapped onto distributed RAM because of timing constraints  
The instance canvas_fb/memory_reg_r1_55296_55423_0_0 is implemented as distributed LUT RAM for the following reason: The timing constraints suggest that the chosen mapping will yield a better timing.
Related violations: <none>

SYNTH-5#396 Warning
Mapped onto distributed RAM because of timing constraints  
The instance canvas_fb/memory_reg_r1_55424_55551_0_0 is implemented as distributed LUT RAM for the following reason: The timing constraints suggest that the chosen mapping will yield a better timing.
Related violations: <none>

SYNTH-5#397 Warning
Mapped onto distributed RAM because of timing constraints  
The instance canvas_fb/memory_reg_r1_55552_55679_0_0 is implemented as distributed LUT RAM for the following reason: The timing constraints suggest that the chosen mapping will yield a better timing.
Related violations: <none>

SYNTH-5#398 Warning
Mapped onto distributed RAM because of timing constraints  
The instance canvas_fb/memory_reg_r1_55680_55807_0_0 is implemented as distributed LUT RAM for the following reason: The timing constraints suggest that the chosen mapping will yield a better timing.
Related violations: <none>

SYNTH-5#399 Warning
Mapped onto distributed RAM because of timing constraints  
The instance canvas_fb/memory_reg_r1_55808_55935_0_0 is implemented as distributed LUT RAM for the following reason: The timing constraints suggest that the chosen mapping will yield a better timing.
Related violations: <none>

SYNTH-5#400 Warning
Mapped onto distributed RAM because of timing constraints  
The instance canvas_fb/memory_reg_r1_55936_56063_0_0 is implemented as distributed LUT RAM for the following reason: The timing constraints suggest that the chosen mapping will yield a better timing.
Related violations: <none>

SYNTH-5#401 Warning
Mapped onto distributed RAM because of timing constraints  
The instance canvas_fb/memory_reg_r1_56064_56191_0_0 is implemented as distributed LUT RAM for the following reason: The timing constraints suggest that the chosen mapping will yield a better timing.
Related violations: <none>

SYNTH-5#402 Warning
Mapped onto distributed RAM because of timing constraints  
The instance canvas_fb/memory_reg_r1_56192_56319_0_0 is implemented as distributed LUT RAM for the following reason: The timing constraints suggest that the chosen mapping will yield a better timing.
Related violations: <none>

SYNTH-5#403 Warning
Mapped onto distributed RAM because of timing constraints  
The instance canvas_fb/memory_reg_r1_56320_56447_0_0 is implemented as distributed LUT RAM for the following reason: The timing constraints suggest that the chosen mapping will yield a better timing.
Related violations: <none>

SYNTH-5#404 Warning
Mapped onto distributed RAM because of timing constraints  
The instance canvas_fb/memory_reg_r1_5632_5759_0_0 is implemented as distributed LUT RAM for the following reason: The timing constraints suggest that the chosen mapping will yield a better timing.
Related violations: <none>

SYNTH-5#405 Warning
Mapped onto distributed RAM because of timing constraints  
The instance canvas_fb/memory_reg_r1_56448_56575_0_0 is implemented as distributed LUT RAM for the following reason: The timing constraints suggest that the chosen mapping will yield a better timing.
Related violations: <none>

SYNTH-5#406 Warning
Mapped onto distributed RAM because of timing constraints  
The instance canvas_fb/memory_reg_r1_56576_56703_0_0 is implemented as distributed LUT RAM for the following reason: The timing constraints suggest that the chosen mapping will yield a better timing.
Related violations: <none>

SYNTH-5#407 Warning
Mapped onto distributed RAM because of timing constraints  
The instance canvas_fb/memory_reg_r1_56704_56831_0_0 is implemented as distributed LUT RAM for the following reason: The timing constraints suggest that the chosen mapping will yield a better timing.
Related violations: <none>

SYNTH-5#408 Warning
Mapped onto distributed RAM because of timing constraints  
The instance canvas_fb/memory_reg_r1_56832_56959_0_0 is implemented as distributed LUT RAM for the following reason: The timing constraints suggest that the chosen mapping will yield a better timing.
Related violations: <none>

SYNTH-5#409 Warning
Mapped onto distributed RAM because of timing constraints  
The instance canvas_fb/memory_reg_r1_56960_57087_0_0 is implemented as distributed LUT RAM for the following reason: The timing constraints suggest that the chosen mapping will yield a better timing.
Related violations: <none>

SYNTH-5#410 Warning
Mapped onto distributed RAM because of timing constraints  
The instance canvas_fb/memory_reg_r1_57088_57215_0_0 is implemented as distributed LUT RAM for the following reason: The timing constraints suggest that the chosen mapping will yield a better timing.
Related violations: <none>

SYNTH-5#411 Warning
Mapped onto distributed RAM because of timing constraints  
The instance canvas_fb/memory_reg_r1_57216_57343_0_0 is implemented as distributed LUT RAM for the following reason: The timing constraints suggest that the chosen mapping will yield a better timing.
Related violations: <none>

SYNTH-5#412 Warning
Mapped onto distributed RAM because of timing constraints  
The instance canvas_fb/memory_reg_r1_57344_57471_0_0 is implemented as distributed LUT RAM for the following reason: The timing constraints suggest that the chosen mapping will yield a better timing.
Related violations: <none>

SYNTH-5#413 Warning
Mapped onto distributed RAM because of timing constraints  
The instance canvas_fb/memory_reg_r1_57472_57599_0_0 is implemented as distributed LUT RAM for the following reason: The timing constraints suggest that the chosen mapping will yield a better timing.
Related violations: <none>

SYNTH-5#414 Warning
Mapped onto distributed RAM because of timing constraints  
The instance canvas_fb/memory_reg_r1_57600_57727_0_0 is implemented as distributed LUT RAM for the following reason: The timing constraints suggest that the chosen mapping will yield a better timing.
Related violations: <none>

SYNTH-5#415 Warning
Mapped onto distributed RAM because of timing constraints  
The instance canvas_fb/memory_reg_r1_5760_5887_0_0 is implemented as distributed LUT RAM for the following reason: The timing constraints suggest that the chosen mapping will yield a better timing.
Related violations: <none>

SYNTH-5#416 Warning
Mapped onto distributed RAM because of timing constraints  
The instance canvas_fb/memory_reg_r1_57728_57855_0_0 is implemented as distributed LUT RAM for the following reason: The timing constraints suggest that the chosen mapping will yield a better timing.
Related violations: <none>

SYNTH-5#417 Warning
Mapped onto distributed RAM because of timing constraints  
The instance canvas_fb/memory_reg_r1_57856_57983_0_0 is implemented as distributed LUT RAM for the following reason: The timing constraints suggest that the chosen mapping will yield a better timing.
Related violations: <none>

SYNTH-5#418 Warning
Mapped onto distributed RAM because of timing constraints  
The instance canvas_fb/memory_reg_r1_57984_58111_0_0 is implemented as distributed LUT RAM for the following reason: The timing constraints suggest that the chosen mapping will yield a better timing.
Related violations: <none>

SYNTH-5#419 Warning
Mapped onto distributed RAM because of timing constraints  
The instance canvas_fb/memory_reg_r1_58112_58239_0_0 is implemented as distributed LUT RAM for the following reason: The timing constraints suggest that the chosen mapping will yield a better timing.
Related violations: <none>

SYNTH-5#420 Warning
Mapped onto distributed RAM because of timing constraints  
The instance canvas_fb/memory_reg_r1_58240_58367_0_0 is implemented as distributed LUT RAM for the following reason: The timing constraints suggest that the chosen mapping will yield a better timing.
Related violations: <none>

SYNTH-5#421 Warning
Mapped onto distributed RAM because of timing constraints  
The instance canvas_fb/memory_reg_r1_58368_58495_0_0 is implemented as distributed LUT RAM for the following reason: The timing constraints suggest that the chosen mapping will yield a better timing.
Related violations: <none>

SYNTH-5#422 Warning
Mapped onto distributed RAM because of timing constraints  
The instance canvas_fb/memory_reg_r1_58496_58623_0_0 is implemented as distributed LUT RAM for the following reason: The timing constraints suggest that the chosen mapping will yield a better timing.
Related violations: <none>

SYNTH-5#423 Warning
Mapped onto distributed RAM because of timing constraints  
The instance canvas_fb/memory_reg_r1_58624_58751_0_0 is implemented as distributed LUT RAM for the following reason: The timing constraints suggest that the chosen mapping will yield a better timing.
Related violations: <none>

SYNTH-5#424 Warning
Mapped onto distributed RAM because of timing constraints  
The instance canvas_fb/memory_reg_r1_58752_58879_0_0 is implemented as distributed LUT RAM for the following reason: The timing constraints suggest that the chosen mapping will yield a better timing.
Related violations: <none>

SYNTH-5#425 Warning
Mapped onto distributed RAM because of timing constraints  
The instance canvas_fb/memory_reg_r1_58880_59007_0_0 is implemented as distributed LUT RAM for the following reason: The timing constraints suggest that the chosen mapping will yield a better timing.
Related violations: <none>

SYNTH-5#426 Warning
Mapped onto distributed RAM because of timing constraints  
The instance canvas_fb/memory_reg_r1_5888_6015_0_0 is implemented as distributed LUT RAM for the following reason: The timing constraints suggest that the chosen mapping will yield a better timing.
Related violations: <none>

SYNTH-5#427 Warning
Mapped onto distributed RAM because of timing constraints  
The instance canvas_fb/memory_reg_r1_59008_59135_0_0 is implemented as distributed LUT RAM for the following reason: The timing constraints suggest that the chosen mapping will yield a better timing.
Related violations: <none>

SYNTH-5#428 Warning
Mapped onto distributed RAM because of timing constraints  
The instance canvas_fb/memory_reg_r1_59136_59263_0_0 is implemented as distributed LUT RAM for the following reason: The timing constraints suggest that the chosen mapping will yield a better timing.
Related violations: <none>

SYNTH-5#429 Warning
Mapped onto distributed RAM because of timing constraints  
The instance canvas_fb/memory_reg_r1_59264_59391_0_0 is implemented as distributed LUT RAM for the following reason: The timing constraints suggest that the chosen mapping will yield a better timing.
Related violations: <none>

SYNTH-5#430 Warning
Mapped onto distributed RAM because of timing constraints  
The instance canvas_fb/memory_reg_r1_59392_59519_0_0 is implemented as distributed LUT RAM for the following reason: The timing constraints suggest that the chosen mapping will yield a better timing.
Related violations: <none>

SYNTH-5#431 Warning
Mapped onto distributed RAM because of timing constraints  
The instance canvas_fb/memory_reg_r1_59520_59647_0_0 is implemented as distributed LUT RAM for the following reason: The timing constraints suggest that the chosen mapping will yield a better timing.
Related violations: <none>

SYNTH-5#432 Warning
Mapped onto distributed RAM because of timing constraints  
The instance canvas_fb/memory_reg_r1_59648_59775_0_0 is implemented as distributed LUT RAM for the following reason: The timing constraints suggest that the chosen mapping will yield a better timing.
Related violations: <none>

SYNTH-5#433 Warning
Mapped onto distributed RAM because of timing constraints  
The instance canvas_fb/memory_reg_r1_59776_59903_0_0 is implemented as distributed LUT RAM for the following reason: The timing constraints suggest that the chosen mapping will yield a better timing.
Related violations: <none>

SYNTH-5#434 Warning
Mapped onto distributed RAM because of timing constraints  
The instance canvas_fb/memory_reg_r1_59904_60031_0_0 is implemented as distributed LUT RAM for the following reason: The timing constraints suggest that the chosen mapping will yield a better timing.
Related violations: <none>

SYNTH-5#435 Warning
Mapped onto distributed RAM because of timing constraints  
The instance canvas_fb/memory_reg_r1_60032_60159_0_0 is implemented as distributed LUT RAM for the following reason: The timing constraints suggest that the chosen mapping will yield a better timing.
Related violations: <none>

SYNTH-5#436 Warning
Mapped onto distributed RAM because of timing constraints  
The instance canvas_fb/memory_reg_r1_60160_60287_0_0 is implemented as distributed LUT RAM for the following reason: The timing constraints suggest that the chosen mapping will yield a better timing.
Related violations: <none>

SYNTH-5#437 Warning
Mapped onto distributed RAM because of timing constraints  
The instance canvas_fb/memory_reg_r1_6016_6143_0_0 is implemented as distributed LUT RAM for the following reason: The timing constraints suggest that the chosen mapping will yield a better timing.
Related violations: <none>

SYNTH-5#438 Warning
Mapped onto distributed RAM because of timing constraints  
The instance canvas_fb/memory_reg_r1_60288_60415_0_0 is implemented as distributed LUT RAM for the following reason: The timing constraints suggest that the chosen mapping will yield a better timing.
Related violations: <none>

SYNTH-5#439 Warning
Mapped onto distributed RAM because of timing constraints  
The instance canvas_fb/memory_reg_r1_60416_60543_0_0 is implemented as distributed LUT RAM for the following reason: The timing constraints suggest that the chosen mapping will yield a better timing.
Related violations: <none>

SYNTH-5#440 Warning
Mapped onto distributed RAM because of timing constraints  
The instance canvas_fb/memory_reg_r1_60544_60671_0_0 is implemented as distributed LUT RAM for the following reason: The timing constraints suggest that the chosen mapping will yield a better timing.
Related violations: <none>

SYNTH-5#441 Warning
Mapped onto distributed RAM because of timing constraints  
The instance canvas_fb/memory_reg_r1_60672_60799_0_0 is implemented as distributed LUT RAM for the following reason: The timing constraints suggest that the chosen mapping will yield a better timing.
Related violations: <none>

SYNTH-5#442 Warning
Mapped onto distributed RAM because of timing constraints  
The instance canvas_fb/memory_reg_r1_60800_60927_0_0 is implemented as distributed LUT RAM for the following reason: The timing constraints suggest that the chosen mapping will yield a better timing.
Related violations: <none>

SYNTH-5#443 Warning
Mapped onto distributed RAM because of timing constraints  
The instance canvas_fb/memory_reg_r1_60928_61055_0_0 is implemented as distributed LUT RAM for the following reason: The timing constraints suggest that the chosen mapping will yield a better timing.
Related violations: <none>

SYNTH-5#444 Warning
Mapped onto distributed RAM because of timing constraints  
The instance canvas_fb/memory_reg_r1_61056_61183_0_0 is implemented as distributed LUT RAM for the following reason: The timing constraints suggest that the chosen mapping will yield a better timing.
Related violations: <none>

SYNTH-5#445 Warning
Mapped onto distributed RAM because of timing constraints  
The instance canvas_fb/memory_reg_r1_61184_61311_0_0 is implemented as distributed LUT RAM for the following reason: The timing constraints suggest that the chosen mapping will yield a better timing.
Related violations: <none>

SYNTH-5#446 Warning
Mapped onto distributed RAM because of timing constraints  
The instance canvas_fb/memory_reg_r1_61312_61439_0_0 is implemented as distributed LUT RAM for the following reason: The timing constraints suggest that the chosen mapping will yield a better timing.
Related violations: <none>

SYNTH-5#447 Warning
Mapped onto distributed RAM because of timing constraints  
The instance canvas_fb/memory_reg_r1_61440_61567_0_0 is implemented as distributed LUT RAM for the following reason: The timing constraints suggest that the chosen mapping will yield a better timing.
Related violations: <none>

SYNTH-5#448 Warning
Mapped onto distributed RAM because of timing constraints  
The instance canvas_fb/memory_reg_r1_6144_6271_0_0 is implemented as distributed LUT RAM for the following reason: The timing constraints suggest that the chosen mapping will yield a better timing.
Related violations: <none>

SYNTH-5#449 Warning
Mapped onto distributed RAM because of timing constraints  
The instance canvas_fb/memory_reg_r1_61568_61695_0_0 is implemented as distributed LUT RAM for the following reason: The timing constraints suggest that the chosen mapping will yield a better timing.
Related violations: <none>

SYNTH-5#450 Warning
Mapped onto distributed RAM because of timing constraints  
The instance canvas_fb/memory_reg_r1_61696_61823_0_0 is implemented as distributed LUT RAM for the following reason: The timing constraints suggest that the chosen mapping will yield a better timing.
Related violations: <none>

SYNTH-5#451 Warning
Mapped onto distributed RAM because of timing constraints  
The instance canvas_fb/memory_reg_r1_61824_61951_0_0 is implemented as distributed LUT RAM for the following reason: The timing constraints suggest that the chosen mapping will yield a better timing.
Related violations: <none>

SYNTH-5#452 Warning
Mapped onto distributed RAM because of timing constraints  
The instance canvas_fb/memory_reg_r1_61952_62079_0_0 is implemented as distributed LUT RAM for the following reason: The timing constraints suggest that the chosen mapping will yield a better timing.
Related violations: <none>

SYNTH-5#453 Warning
Mapped onto distributed RAM because of timing constraints  
The instance canvas_fb/memory_reg_r1_62080_62207_0_0 is implemented as distributed LUT RAM for the following reason: The timing constraints suggest that the chosen mapping will yield a better timing.
Related violations: <none>

SYNTH-5#454 Warning
Mapped onto distributed RAM because of timing constraints  
The instance canvas_fb/memory_reg_r1_62208_62335_0_0 is implemented as distributed LUT RAM for the following reason: The timing constraints suggest that the chosen mapping will yield a better timing.
Related violations: <none>

SYNTH-5#455 Warning
Mapped onto distributed RAM because of timing constraints  
The instance canvas_fb/memory_reg_r1_62336_62463_0_0 is implemented as distributed LUT RAM for the following reason: The timing constraints suggest that the chosen mapping will yield a better timing.
Related violations: <none>

SYNTH-5#456 Warning
Mapped onto distributed RAM because of timing constraints  
The instance canvas_fb/memory_reg_r1_62464_62591_0_0 is implemented as distributed LUT RAM for the following reason: The timing constraints suggest that the chosen mapping will yield a better timing.
Related violations: <none>

SYNTH-5#457 Warning
Mapped onto distributed RAM because of timing constraints  
The instance canvas_fb/memory_reg_r1_62592_62719_0_0 is implemented as distributed LUT RAM for the following reason: The timing constraints suggest that the chosen mapping will yield a better timing.
Related violations: <none>

SYNTH-5#458 Warning
Mapped onto distributed RAM because of timing constraints  
The instance canvas_fb/memory_reg_r1_62720_62847_0_0 is implemented as distributed LUT RAM for the following reason: The timing constraints suggest that the chosen mapping will yield a better timing.
Related violations: <none>

SYNTH-5#459 Warning
Mapped onto distributed RAM because of timing constraints  
The instance canvas_fb/memory_reg_r1_6272_6399_0_0 is implemented as distributed LUT RAM for the following reason: The timing constraints suggest that the chosen mapping will yield a better timing.
Related violations: <none>

SYNTH-5#460 Warning
Mapped onto distributed RAM because of timing constraints  
The instance canvas_fb/memory_reg_r1_62848_62975_0_0 is implemented as distributed LUT RAM for the following reason: The timing constraints suggest that the chosen mapping will yield a better timing.
Related violations: <none>

SYNTH-5#461 Warning
Mapped onto distributed RAM because of timing constraints  
The instance canvas_fb/memory_reg_r1_62976_63103_0_0 is implemented as distributed LUT RAM for the following reason: The timing constraints suggest that the chosen mapping will yield a better timing.
Related violations: <none>

SYNTH-5#462 Warning
Mapped onto distributed RAM because of timing constraints  
The instance canvas_fb/memory_reg_r1_63104_63231_0_0 is implemented as distributed LUT RAM for the following reason: The timing constraints suggest that the chosen mapping will yield a better timing.
Related violations: <none>

SYNTH-5#463 Warning
Mapped onto distributed RAM because of timing constraints  
The instance canvas_fb/memory_reg_r1_63232_63359_0_0 is implemented as distributed LUT RAM for the following reason: The timing constraints suggest that the chosen mapping will yield a better timing.
Related violations: <none>

SYNTH-5#464 Warning
Mapped onto distributed RAM because of timing constraints  
The instance canvas_fb/memory_reg_r1_63360_63487_0_0 is implemented as distributed LUT RAM for the following reason: The timing constraints suggest that the chosen mapping will yield a better timing.
Related violations: <none>

SYNTH-5#465 Warning
Mapped onto distributed RAM because of timing constraints  
The instance canvas_fb/memory_reg_r1_63488_63615_0_0 is implemented as distributed LUT RAM for the following reason: The timing constraints suggest that the chosen mapping will yield a better timing.
Related violations: <none>

SYNTH-5#466 Warning
Mapped onto distributed RAM because of timing constraints  
The instance canvas_fb/memory_reg_r1_63616_63743_0_0 is implemented as distributed LUT RAM for the following reason: The timing constraints suggest that the chosen mapping will yield a better timing.
Related violations: <none>

SYNTH-5#467 Warning
Mapped onto distributed RAM because of timing constraints  
The instance canvas_fb/memory_reg_r1_63744_63871_0_0 is implemented as distributed LUT RAM for the following reason: The timing constraints suggest that the chosen mapping will yield a better timing.
Related violations: <none>

SYNTH-5#468 Warning
Mapped onto distributed RAM because of timing constraints  
The instance canvas_fb/memory_reg_r1_63872_63999_0_0 is implemented as distributed LUT RAM for the following reason: The timing constraints suggest that the chosen mapping will yield a better timing.
Related violations: <none>

SYNTH-5#469 Warning
Mapped onto distributed RAM because of timing constraints  
The instance canvas_fb/memory_reg_r1_64000_64127_0_0 is implemented as distributed LUT RAM for the following reason: The timing constraints suggest that the chosen mapping will yield a better timing.
Related violations: <none>

SYNTH-5#470 Warning
Mapped onto distributed RAM because of timing constraints  
The instance canvas_fb/memory_reg_r1_6400_6527_0_0 is implemented as distributed LUT RAM for the following reason: The timing constraints suggest that the chosen mapping will yield a better timing.
Related violations: <none>

SYNTH-5#471 Warning
Mapped onto distributed RAM because of timing constraints  
The instance canvas_fb/memory_reg_r1_640_767_0_0 is implemented as distributed LUT RAM for the following reason: The timing constraints suggest that the chosen mapping will yield a better timing.
Related violations: <none>

SYNTH-5#472 Warning
Mapped onto distributed RAM because of timing constraints  
The instance canvas_fb/memory_reg_r1_64128_64255_0_0 is implemented as distributed LUT RAM for the following reason: The timing constraints suggest that the chosen mapping will yield a better timing.
Related violations: <none>

SYNTH-5#473 Warning
Mapped onto distributed RAM because of timing constraints  
The instance canvas_fb/memory_reg_r1_64256_64383_0_0 is implemented as distributed LUT RAM for the following reason: The timing constraints suggest that the chosen mapping will yield a better timing.
Related violations: <none>

SYNTH-5#474 Warning
Mapped onto distributed RAM because of timing constraints  
The instance canvas_fb/memory_reg_r1_64384_64511_0_0 is implemented as distributed LUT RAM for the following reason: The timing constraints suggest that the chosen mapping will yield a better timing.
Related violations: <none>

SYNTH-5#475 Warning
Mapped onto distributed RAM because of timing constraints  
The instance canvas_fb/memory_reg_r1_64512_64639_0_0 is implemented as distributed LUT RAM for the following reason: The timing constraints suggest that the chosen mapping will yield a better timing.
Related violations: <none>

SYNTH-5#476 Warning
Mapped onto distributed RAM because of timing constraints  
The instance canvas_fb/memory_reg_r1_64640_64767_0_0 is implemented as distributed LUT RAM for the following reason: The timing constraints suggest that the chosen mapping will yield a better timing.
Related violations: <none>

SYNTH-5#477 Warning
Mapped onto distributed RAM because of timing constraints  
The instance canvas_fb/memory_reg_r1_64768_64895_0_0 is implemented as distributed LUT RAM for the following reason: The timing constraints suggest that the chosen mapping will yield a better timing.
Related violations: <none>

SYNTH-5#478 Warning
Mapped onto distributed RAM because of timing constraints  
The instance canvas_fb/memory_reg_r1_64896_65023_0_0 is implemented as distributed LUT RAM for the following reason: The timing constraints suggest that the chosen mapping will yield a better timing.
Related violations: <none>

SYNTH-5#479 Warning
Mapped onto distributed RAM because of timing constraints  
The instance canvas_fb/memory_reg_r1_65024_65151_0_0 is implemented as distributed LUT RAM for the following reason: The timing constraints suggest that the chosen mapping will yield a better timing.
Related violations: <none>

SYNTH-5#480 Warning
Mapped onto distributed RAM because of timing constraints  
The instance canvas_fb/memory_reg_r1_65152_65279_0_0 is implemented as distributed LUT RAM for the following reason: The timing constraints suggest that the chosen mapping will yield a better timing.
Related violations: <none>

SYNTH-5#481 Warning
Mapped onto distributed RAM because of timing constraints  
The instance canvas_fb/memory_reg_r1_65280_65407_0_0 is implemented as distributed LUT RAM for the following reason: The timing constraints suggest that the chosen mapping will yield a better timing.
Related violations: <none>

SYNTH-5#482 Warning
Mapped onto distributed RAM because of timing constraints  
The instance canvas_fb/memory_reg_r1_6528_6655_0_0 is implemented as distributed LUT RAM for the following reason: The timing constraints suggest that the chosen mapping will yield a better timing.
Related violations: <none>

SYNTH-5#483 Warning
Mapped onto distributed RAM because of timing constraints  
The instance canvas_fb/memory_reg_r1_65408_65535_0_0 is implemented as distributed LUT RAM for the following reason: The timing constraints suggest that the chosen mapping will yield a better timing.
Related violations: <none>

SYNTH-5#484 Warning
Mapped onto distributed RAM because of timing constraints  
The instance canvas_fb/memory_reg_r1_65536_65663_0_0 is implemented as distributed LUT RAM for the following reason: The timing constraints suggest that the chosen mapping will yield a better timing.
Related violations: <none>

SYNTH-5#485 Warning
Mapped onto distributed RAM because of timing constraints  
The instance canvas_fb/memory_reg_r1_65664_65791_0_0 is implemented as distributed LUT RAM for the following reason: The timing constraints suggest that the chosen mapping will yield a better timing.
Related violations: <none>

SYNTH-5#486 Warning
Mapped onto distributed RAM because of timing constraints  
The instance canvas_fb/memory_reg_r1_65792_65919_0_0 is implemented as distributed LUT RAM for the following reason: The timing constraints suggest that the chosen mapping will yield a better timing.
Related violations: <none>

SYNTH-5#487 Warning
Mapped onto distributed RAM because of timing constraints  
The instance canvas_fb/memory_reg_r1_65920_66047_0_0 is implemented as distributed LUT RAM for the following reason: The timing constraints suggest that the chosen mapping will yield a better timing.
Related violations: <none>

SYNTH-5#488 Warning
Mapped onto distributed RAM because of timing constraints  
The instance canvas_fb/memory_reg_r1_66048_66175_0_0 is implemented as distributed LUT RAM for the following reason: The timing constraints suggest that the chosen mapping will yield a better timing.
Related violations: <none>

SYNTH-5#489 Warning
Mapped onto distributed RAM because of timing constraints  
The instance canvas_fb/memory_reg_r1_66176_66303_0_0 is implemented as distributed LUT RAM for the following reason: The timing constraints suggest that the chosen mapping will yield a better timing.
Related violations: <none>

SYNTH-5#490 Warning
Mapped onto distributed RAM because of timing constraints  
The instance canvas_fb/memory_reg_r1_66304_66431_0_0 is implemented as distributed LUT RAM for the following reason: The timing constraints suggest that the chosen mapping will yield a better timing.
Related violations: <none>

SYNTH-5#491 Warning
Mapped onto distributed RAM because of timing constraints  
The instance canvas_fb/memory_reg_r1_66432_66559_0_0 is implemented as distributed LUT RAM for the following reason: The timing constraints suggest that the chosen mapping will yield a better timing.
Related violations: <none>

SYNTH-5#492 Warning
Mapped onto distributed RAM because of timing constraints  
The instance canvas_fb/memory_reg_r1_66560_66687_0_0 is implemented as distributed LUT RAM for the following reason: The timing constraints suggest that the chosen mapping will yield a better timing.
Related violations: <none>

SYNTH-5#493 Warning
Mapped onto distributed RAM because of timing constraints  
The instance canvas_fb/memory_reg_r1_6656_6783_0_0 is implemented as distributed LUT RAM for the following reason: The timing constraints suggest that the chosen mapping will yield a better timing.
Related violations: <none>

SYNTH-5#494 Warning
Mapped onto distributed RAM because of timing constraints  
The instance canvas_fb/memory_reg_r1_66688_66815_0_0 is implemented as distributed LUT RAM for the following reason: The timing constraints suggest that the chosen mapping will yield a better timing.
Related violations: <none>

SYNTH-5#495 Warning
Mapped onto distributed RAM because of timing constraints  
The instance canvas_fb/memory_reg_r1_66816_66943_0_0 is implemented as distributed LUT RAM for the following reason: The timing constraints suggest that the chosen mapping will yield a better timing.
Related violations: <none>

SYNTH-5#496 Warning
Mapped onto distributed RAM because of timing constraints  
The instance canvas_fb/memory_reg_r1_66944_67071_0_0 is implemented as distributed LUT RAM for the following reason: The timing constraints suggest that the chosen mapping will yield a better timing.
Related violations: <none>

SYNTH-5#497 Warning
Mapped onto distributed RAM because of timing constraints  
The instance canvas_fb/memory_reg_r1_67072_67199_0_0 is implemented as distributed LUT RAM for the following reason: The timing constraints suggest that the chosen mapping will yield a better timing.
Related violations: <none>

SYNTH-5#498 Warning
Mapped onto distributed RAM because of timing constraints  
The instance canvas_fb/memory_reg_r1_67200_67327_0_0 is implemented as distributed LUT RAM for the following reason: The timing constraints suggest that the chosen mapping will yield a better timing.
Related violations: <none>

SYNTH-5#499 Warning
Mapped onto distributed RAM because of timing constraints  
The instance canvas_fb/memory_reg_r1_67328_67455_0_0 is implemented as distributed LUT RAM for the following reason: The timing constraints suggest that the chosen mapping will yield a better timing.
Related violations: <none>

SYNTH-5#500 Warning
Mapped onto distributed RAM because of timing constraints  
The instance canvas_fb/memory_reg_r1_67456_67583_0_0 is implemented as distributed LUT RAM for the following reason: The timing constraints suggest that the chosen mapping will yield a better timing.
Related violations: <none>

SYNTH-5#501 Warning
Mapped onto distributed RAM because of timing constraints  
The instance canvas_fb/memory_reg_r1_67584_67711_0_0 is implemented as distributed LUT RAM for the following reason: The timing constraints suggest that the chosen mapping will yield a better timing.
Related violations: <none>

SYNTH-5#502 Warning
Mapped onto distributed RAM because of timing constraints  
The instance canvas_fb/memory_reg_r1_67712_67839_0_0 is implemented as distributed LUT RAM for the following reason: The timing constraints suggest that the chosen mapping will yield a better timing.
Related violations: <none>

SYNTH-5#503 Warning
Mapped onto distributed RAM because of timing constraints  
The instance canvas_fb/memory_reg_r1_67840_67967_0_0 is implemented as distributed LUT RAM for the following reason: The timing constraints suggest that the chosen mapping will yield a better timing.
Related violations: <none>

SYNTH-5#504 Warning
Mapped onto distributed RAM because of timing constraints  
The instance canvas_fb/memory_reg_r1_6784_6911_0_0 is implemented as distributed LUT RAM for the following reason: The timing constraints suggest that the chosen mapping will yield a better timing.
Related violations: <none>

SYNTH-5#505 Warning
Mapped onto distributed RAM because of timing constraints  
The instance canvas_fb/memory_reg_r1_67968_68095_0_0 is implemented as distributed LUT RAM for the following reason: The timing constraints suggest that the chosen mapping will yield a better timing.
Related violations: <none>

SYNTH-5#506 Warning
Mapped onto distributed RAM because of timing constraints  
The instance canvas_fb/memory_reg_r1_68096_68223_0_0 is implemented as distributed LUT RAM for the following reason: The timing constraints suggest that the chosen mapping will yield a better timing.
Related violations: <none>

SYNTH-5#507 Warning
Mapped onto distributed RAM because of timing constraints  
The instance canvas_fb/memory_reg_r1_68224_68351_0_0 is implemented as distributed LUT RAM for the following reason: The timing constraints suggest that the chosen mapping will yield a better timing.
Related violations: <none>

SYNTH-5#508 Warning
Mapped onto distributed RAM because of timing constraints  
The instance canvas_fb/memory_reg_r1_68352_68479_0_0 is implemented as distributed LUT RAM for the following reason: The timing constraints suggest that the chosen mapping will yield a better timing.
Related violations: <none>

SYNTH-5#509 Warning
Mapped onto distributed RAM because of timing constraints  
The instance canvas_fb/memory_reg_r1_68480_68607_0_0 is implemented as distributed LUT RAM for the following reason: The timing constraints suggest that the chosen mapping will yield a better timing.
Related violations: <none>

SYNTH-5#510 Warning
Mapped onto distributed RAM because of timing constraints  
The instance canvas_fb/memory_reg_r1_68608_68735_0_0 is implemented as distributed LUT RAM for the following reason: The timing constraints suggest that the chosen mapping will yield a better timing.
Related violations: <none>

SYNTH-5#511 Warning
Mapped onto distributed RAM because of timing constraints  
The instance canvas_fb/memory_reg_r1_68736_68863_0_0 is implemented as distributed LUT RAM for the following reason: The timing constraints suggest that the chosen mapping will yield a better timing.
Related violations: <none>

SYNTH-5#512 Warning
Mapped onto distributed RAM because of timing constraints  
The instance canvas_fb/memory_reg_r1_68864_68991_0_0 is implemented as distributed LUT RAM for the following reason: The timing constraints suggest that the chosen mapping will yield a better timing.
Related violations: <none>

SYNTH-5#513 Warning
Mapped onto distributed RAM because of timing constraints  
The instance canvas_fb/memory_reg_r1_68992_69119_0_0 is implemented as distributed LUT RAM for the following reason: The timing constraints suggest that the chosen mapping will yield a better timing.
Related violations: <none>

SYNTH-5#514 Warning
Mapped onto distributed RAM because of timing constraints  
The instance canvas_fb/memory_reg_r1_69120_69247_0_0 is implemented as distributed LUT RAM for the following reason: The timing constraints suggest that the chosen mapping will yield a better timing.
Related violations: <none>

SYNTH-5#515 Warning
Mapped onto distributed RAM because of timing constraints  
The instance canvas_fb/memory_reg_r1_6912_7039_0_0 is implemented as distributed LUT RAM for the following reason: The timing constraints suggest that the chosen mapping will yield a better timing.
Related violations: <none>

SYNTH-5#516 Warning
Mapped onto distributed RAM because of timing constraints  
The instance canvas_fb/memory_reg_r1_69248_69375_0_0 is implemented as distributed LUT RAM for the following reason: The timing constraints suggest that the chosen mapping will yield a better timing.
Related violations: <none>

SYNTH-5#517 Warning
Mapped onto distributed RAM because of timing constraints  
The instance canvas_fb/memory_reg_r1_69376_69503_0_0 is implemented as distributed LUT RAM for the following reason: The timing constraints suggest that the chosen mapping will yield a better timing.
Related violations: <none>

SYNTH-5#518 Warning
Mapped onto distributed RAM because of timing constraints  
The instance canvas_fb/memory_reg_r1_69504_69631_0_0 is implemented as distributed LUT RAM for the following reason: The timing constraints suggest that the chosen mapping will yield a better timing.
Related violations: <none>

SYNTH-5#519 Warning
Mapped onto distributed RAM because of timing constraints  
The instance canvas_fb/memory_reg_r1_69632_69759_0_0 is implemented as distributed LUT RAM for the following reason: The timing constraints suggest that the chosen mapping will yield a better timing.
Related violations: <none>

SYNTH-5#520 Warning
Mapped onto distributed RAM because of timing constraints  
The instance canvas_fb/memory_reg_r1_69760_69887_0_0 is implemented as distributed LUT RAM for the following reason: The timing constraints suggest that the chosen mapping will yield a better timing.
Related violations: <none>

SYNTH-5#521 Warning
Mapped onto distributed RAM because of timing constraints  
The instance canvas_fb/memory_reg_r1_69888_70015_0_0 is implemented as distributed LUT RAM for the following reason: The timing constraints suggest that the chosen mapping will yield a better timing.
Related violations: <none>

SYNTH-5#522 Warning
Mapped onto distributed RAM because of timing constraints  
The instance canvas_fb/memory_reg_r1_70016_70143_0_0 is implemented as distributed LUT RAM for the following reason: The timing constraints suggest that the chosen mapping will yield a better timing.
Related violations: <none>

SYNTH-5#523 Warning
Mapped onto distributed RAM because of timing constraints  
The instance canvas_fb/memory_reg_r1_70144_70271_0_0 is implemented as distributed LUT RAM for the following reason: The timing constraints suggest that the chosen mapping will yield a better timing.
Related violations: <none>

SYNTH-5#524 Warning
Mapped onto distributed RAM because of timing constraints  
The instance canvas_fb/memory_reg_r1_70272_70399_0_0 is implemented as distributed LUT RAM for the following reason: The timing constraints suggest that the chosen mapping will yield a better timing.
Related violations: <none>

SYNTH-5#525 Warning
Mapped onto distributed RAM because of timing constraints  
The instance canvas_fb/memory_reg_r1_70400_70527_0_0 is implemented as distributed LUT RAM for the following reason: The timing constraints suggest that the chosen mapping will yield a better timing.
Related violations: <none>

SYNTH-5#526 Warning
Mapped onto distributed RAM because of timing constraints  
The instance canvas_fb/memory_reg_r1_7040_7167_0_0 is implemented as distributed LUT RAM for the following reason: The timing constraints suggest that the chosen mapping will yield a better timing.
Related violations: <none>

SYNTH-5#527 Warning
Mapped onto distributed RAM because of timing constraints  
The instance canvas_fb/memory_reg_r1_70528_70655_0_0 is implemented as distributed LUT RAM for the following reason: The timing constraints suggest that the chosen mapping will yield a better timing.
Related violations: <none>

SYNTH-5#528 Warning
Mapped onto distributed RAM because of timing constraints  
The instance canvas_fb/memory_reg_r1_70656_70783_0_0 is implemented as distributed LUT RAM for the following reason: The timing constraints suggest that the chosen mapping will yield a better timing.
Related violations: <none>

SYNTH-5#529 Warning
Mapped onto distributed RAM because of timing constraints  
The instance canvas_fb/memory_reg_r1_70784_70911_0_0 is implemented as distributed LUT RAM for the following reason: The timing constraints suggest that the chosen mapping will yield a better timing.
Related violations: <none>

SYNTH-5#530 Warning
Mapped onto distributed RAM because of timing constraints  
The instance canvas_fb/memory_reg_r1_70912_71039_0_0 is implemented as distributed LUT RAM for the following reason: The timing constraints suggest that the chosen mapping will yield a better timing.
Related violations: <none>

SYNTH-5#531 Warning
Mapped onto distributed RAM because of timing constraints  
The instance canvas_fb/memory_reg_r1_71040_71167_0_0 is implemented as distributed LUT RAM for the following reason: The timing constraints suggest that the chosen mapping will yield a better timing.
Related violations: <none>

SYNTH-5#532 Warning
Mapped onto distributed RAM because of timing constraints  
The instance canvas_fb/memory_reg_r1_71168_71295_0_0 is implemented as distributed LUT RAM for the following reason: The timing constraints suggest that the chosen mapping will yield a better timing.
Related violations: <none>

SYNTH-5#533 Warning
Mapped onto distributed RAM because of timing constraints  
The instance canvas_fb/memory_reg_r1_71296_71423_0_0 is implemented as distributed LUT RAM for the following reason: The timing constraints suggest that the chosen mapping will yield a better timing.
Related violations: <none>

SYNTH-5#534 Warning
Mapped onto distributed RAM because of timing constraints  
The instance canvas_fb/memory_reg_r1_71424_71551_0_0 is implemented as distributed LUT RAM for the following reason: The timing constraints suggest that the chosen mapping will yield a better timing.
Related violations: <none>

SYNTH-5#535 Warning
Mapped onto distributed RAM because of timing constraints  
The instance canvas_fb/memory_reg_r1_71552_71679_0_0 is implemented as distributed LUT RAM for the following reason: The timing constraints suggest that the chosen mapping will yield a better timing.
Related violations: <none>

SYNTH-5#536 Warning
Mapped onto distributed RAM because of timing constraints  
The instance canvas_fb/memory_reg_r1_71680_71807_0_0 is implemented as distributed LUT RAM for the following reason: The timing constraints suggest that the chosen mapping will yield a better timing.
Related violations: <none>

SYNTH-5#537 Warning
Mapped onto distributed RAM because of timing constraints  
The instance canvas_fb/memory_reg_r1_7168_7295_0_0 is implemented as distributed LUT RAM for the following reason: The timing constraints suggest that the chosen mapping will yield a better timing.
Related violations: <none>

SYNTH-5#538 Warning
Mapped onto distributed RAM because of timing constraints  
The instance canvas_fb/memory_reg_r1_71808_71935_0_0 is implemented as distributed LUT RAM for the following reason: The timing constraints suggest that the chosen mapping will yield a better timing.
Related violations: <none>

SYNTH-5#539 Warning
Mapped onto distributed RAM because of timing constraints  
The instance canvas_fb/memory_reg_r1_71936_72063_0_0 is implemented as distributed LUT RAM for the following reason: The timing constraints suggest that the chosen mapping will yield a better timing.
Related violations: <none>

SYNTH-5#540 Warning
Mapped onto distributed RAM because of timing constraints  
The instance canvas_fb/memory_reg_r1_72064_72191_0_0 is implemented as distributed LUT RAM for the following reason: The timing constraints suggest that the chosen mapping will yield a better timing.
Related violations: <none>

SYNTH-5#541 Warning
Mapped onto distributed RAM because of timing constraints  
The instance canvas_fb/memory_reg_r1_72192_72319_0_0 is implemented as distributed LUT RAM for the following reason: The timing constraints suggest that the chosen mapping will yield a better timing.
Related violations: <none>

SYNTH-5#542 Warning
Mapped onto distributed RAM because of timing constraints  
The instance canvas_fb/memory_reg_r1_72320_72447_0_0 is implemented as distributed LUT RAM for the following reason: The timing constraints suggest that the chosen mapping will yield a better timing.
Related violations: <none>

SYNTH-5#543 Warning
Mapped onto distributed RAM because of timing constraints  
The instance canvas_fb/memory_reg_r1_72448_72575_0_0 is implemented as distributed LUT RAM for the following reason: The timing constraints suggest that the chosen mapping will yield a better timing.
Related violations: <none>

SYNTH-5#544 Warning
Mapped onto distributed RAM because of timing constraints  
The instance canvas_fb/memory_reg_r1_72576_72703_0_0 is implemented as distributed LUT RAM for the following reason: The timing constraints suggest that the chosen mapping will yield a better timing.
Related violations: <none>

SYNTH-5#545 Warning
Mapped onto distributed RAM because of timing constraints  
The instance canvas_fb/memory_reg_r1_72704_72831_0_0 is implemented as distributed LUT RAM for the following reason: The timing constraints suggest that the chosen mapping will yield a better timing.
Related violations: <none>

SYNTH-5#546 Warning
Mapped onto distributed RAM because of timing constraints  
The instance canvas_fb/memory_reg_r1_72832_72959_0_0 is implemented as distributed LUT RAM for the following reason: The timing constraints suggest that the chosen mapping will yield a better timing.
Related violations: <none>

SYNTH-5#547 Warning
Mapped onto distributed RAM because of timing constraints  
The instance canvas_fb/memory_reg_r1_72960_73087_0_0 is implemented as distributed LUT RAM for the following reason: The timing constraints suggest that the chosen mapping will yield a better timing.
Related violations: <none>

SYNTH-5#548 Warning
Mapped onto distributed RAM because of timing constraints  
The instance canvas_fb/memory_reg_r1_7296_7423_0_0 is implemented as distributed LUT RAM for the following reason: The timing constraints suggest that the chosen mapping will yield a better timing.
Related violations: <none>

SYNTH-5#549 Warning
Mapped onto distributed RAM because of timing constraints  
The instance canvas_fb/memory_reg_r1_73088_73215_0_0 is implemented as distributed LUT RAM for the following reason: The timing constraints suggest that the chosen mapping will yield a better timing.
Related violations: <none>

SYNTH-5#550 Warning
Mapped onto distributed RAM because of timing constraints  
The instance canvas_fb/memory_reg_r1_73216_73343_0_0 is implemented as distributed LUT RAM for the following reason: The timing constraints suggest that the chosen mapping will yield a better timing.
Related violations: <none>

SYNTH-5#551 Warning
Mapped onto distributed RAM because of timing constraints  
The instance canvas_fb/memory_reg_r1_73344_73471_0_0 is implemented as distributed LUT RAM for the following reason: The timing constraints suggest that the chosen mapping will yield a better timing.
Related violations: <none>

SYNTH-5#552 Warning
Mapped onto distributed RAM because of timing constraints  
The instance canvas_fb/memory_reg_r1_73472_73599_0_0 is implemented as distributed LUT RAM for the following reason: The timing constraints suggest that the chosen mapping will yield a better timing.
Related violations: <none>

SYNTH-5#553 Warning
Mapped onto distributed RAM because of timing constraints  
The instance canvas_fb/memory_reg_r1_73600_73727_0_0 is implemented as distributed LUT RAM for the following reason: The timing constraints suggest that the chosen mapping will yield a better timing.
Related violations: <none>

SYNTH-5#554 Warning
Mapped onto distributed RAM because of timing constraints  
The instance canvas_fb/memory_reg_r1_73728_73855_0_0 is implemented as distributed LUT RAM for the following reason: The timing constraints suggest that the chosen mapping will yield a better timing.
Related violations: <none>

SYNTH-5#555 Warning
Mapped onto distributed RAM because of timing constraints  
The instance canvas_fb/memory_reg_r1_73856_73983_0_0 is implemented as distributed LUT RAM for the following reason: The timing constraints suggest that the chosen mapping will yield a better timing.
Related violations: <none>

SYNTH-5#556 Warning
Mapped onto distributed RAM because of timing constraints  
The instance canvas_fb/memory_reg_r1_73984_74111_0_0 is implemented as distributed LUT RAM for the following reason: The timing constraints suggest that the chosen mapping will yield a better timing.
Related violations: <none>

SYNTH-5#557 Warning
Mapped onto distributed RAM because of timing constraints  
The instance canvas_fb/memory_reg_r1_74112_74239_0_0 is implemented as distributed LUT RAM for the following reason: The timing constraints suggest that the chosen mapping will yield a better timing.
Related violations: <none>

SYNTH-5#558 Warning
Mapped onto distributed RAM because of timing constraints  
The instance canvas_fb/memory_reg_r1_74240_74367_0_0 is implemented as distributed LUT RAM for the following reason: The timing constraints suggest that the chosen mapping will yield a better timing.
Related violations: <none>

SYNTH-5#559 Warning
Mapped onto distributed RAM because of timing constraints  
The instance canvas_fb/memory_reg_r1_7424_7551_0_0 is implemented as distributed LUT RAM for the following reason: The timing constraints suggest that the chosen mapping will yield a better timing.
Related violations: <none>

SYNTH-5#560 Warning
Mapped onto distributed RAM because of timing constraints  
The instance canvas_fb/memory_reg_r1_74368_74495_0_0 is implemented as distributed LUT RAM for the following reason: The timing constraints suggest that the chosen mapping will yield a better timing.
Related violations: <none>

SYNTH-5#561 Warning
Mapped onto distributed RAM because of timing constraints  
The instance canvas_fb/memory_reg_r1_74496_74623_0_0 is implemented as distributed LUT RAM for the following reason: The timing constraints suggest that the chosen mapping will yield a better timing.
Related violations: <none>

SYNTH-5#562 Warning
Mapped onto distributed RAM because of timing constraints  
The instance canvas_fb/memory_reg_r1_74624_74751_0_0 is implemented as distributed LUT RAM for the following reason: The timing constraints suggest that the chosen mapping will yield a better timing.
Related violations: <none>

SYNTH-5#563 Warning
Mapped onto distributed RAM because of timing constraints  
The instance canvas_fb/memory_reg_r1_74752_74879_0_0 is implemented as distributed LUT RAM for the following reason: The timing constraints suggest that the chosen mapping will yield a better timing.
Related violations: <none>

SYNTH-5#564 Warning
Mapped onto distributed RAM because of timing constraints  
The instance canvas_fb/memory_reg_r1_74880_75007_0_0 is implemented as distributed LUT RAM for the following reason: The timing constraints suggest that the chosen mapping will yield a better timing.
Related violations: <none>

SYNTH-5#565 Warning
Mapped onto distributed RAM because of timing constraints  
The instance canvas_fb/memory_reg_r1_75008_75135_0_0 is implemented as distributed LUT RAM for the following reason: The timing constraints suggest that the chosen mapping will yield a better timing.
Related violations: <none>

SYNTH-5#566 Warning
Mapped onto distributed RAM because of timing constraints  
The instance canvas_fb/memory_reg_r1_75136_75263_0_0 is implemented as distributed LUT RAM for the following reason: The timing constraints suggest that the chosen mapping will yield a better timing.
Related violations: <none>

SYNTH-5#567 Warning
Mapped onto distributed RAM because of timing constraints  
The instance canvas_fb/memory_reg_r1_75264_75391_0_0 is implemented as distributed LUT RAM for the following reason: The timing constraints suggest that the chosen mapping will yield a better timing.
Related violations: <none>

SYNTH-5#568 Warning
Mapped onto distributed RAM because of timing constraints  
The instance canvas_fb/memory_reg_r1_75392_75519_0_0 is implemented as distributed LUT RAM for the following reason: The timing constraints suggest that the chosen mapping will yield a better timing.
Related violations: <none>

SYNTH-5#569 Warning
Mapped onto distributed RAM because of timing constraints  
The instance canvas_fb/memory_reg_r1_75520_75647_0_0 is implemented as distributed LUT RAM for the following reason: The timing constraints suggest that the chosen mapping will yield a better timing.
Related violations: <none>

SYNTH-5#570 Warning
Mapped onto distributed RAM because of timing constraints  
The instance canvas_fb/memory_reg_r1_7552_7679_0_0 is implemented as distributed LUT RAM for the following reason: The timing constraints suggest that the chosen mapping will yield a better timing.
Related violations: <none>

SYNTH-5#571 Warning
Mapped onto distributed RAM because of timing constraints  
The instance canvas_fb/memory_reg_r1_75648_75775_0_0 is implemented as distributed LUT RAM for the following reason: The timing constraints suggest that the chosen mapping will yield a better timing.
Related violations: <none>

SYNTH-5#572 Warning
Mapped onto distributed RAM because of timing constraints  
The instance canvas_fb/memory_reg_r1_75776_75903_0_0 is implemented as distributed LUT RAM for the following reason: The timing constraints suggest that the chosen mapping will yield a better timing.
Related violations: <none>

SYNTH-5#573 Warning
Mapped onto distributed RAM because of timing constraints  
The instance canvas_fb/memory_reg_r1_75904_76031_0_0 is implemented as distributed LUT RAM for the following reason: The timing constraints suggest that the chosen mapping will yield a better timing.
Related violations: <none>

SYNTH-5#574 Warning
Mapped onto distributed RAM because of timing constraints  
The instance canvas_fb/memory_reg_r1_76032_76159_0_0 is implemented as distributed LUT RAM for the following reason: The timing constraints suggest that the chosen mapping will yield a better timing.
Related violations: <none>

SYNTH-5#575 Warning
Mapped onto distributed RAM because of timing constraints  
The instance canvas_fb/memory_reg_r1_76160_76287_0_0 is implemented as distributed LUT RAM for the following reason: The timing constraints suggest that the chosen mapping will yield a better timing.
Related violations: <none>

SYNTH-5#576 Warning
Mapped onto distributed RAM because of timing constraints  
The instance canvas_fb/memory_reg_r1_76288_76415_0_0 is implemented as distributed LUT RAM for the following reason: The timing constraints suggest that the chosen mapping will yield a better timing.
Related violations: <none>

SYNTH-5#577 Warning
Mapped onto distributed RAM because of timing constraints  
The instance canvas_fb/memory_reg_r1_76416_76543_0_0 is implemented as distributed LUT RAM for the following reason: The timing constraints suggest that the chosen mapping will yield a better timing.
Related violations: <none>

SYNTH-5#578 Warning
Mapped onto distributed RAM because of timing constraints  
The instance canvas_fb/memory_reg_r1_76544_76671_0_0 is implemented as distributed LUT RAM for the following reason: The timing constraints suggest that the chosen mapping will yield a better timing.
Related violations: <none>

SYNTH-5#579 Warning
Mapped onto distributed RAM because of timing constraints  
The instance canvas_fb/memory_reg_r1_76672_76799_0_0 is implemented as distributed LUT RAM for the following reason: The timing constraints suggest that the chosen mapping will yield a better timing.
Related violations: <none>

SYNTH-5#580 Warning
Mapped onto distributed RAM because of timing constraints  
The instance canvas_fb/memory_reg_r1_76800_76927_0_0 is implemented as distributed LUT RAM for the following reason: The timing constraints suggest that the chosen mapping will yield a better timing.
Related violations: <none>

SYNTH-5#581 Warning
Mapped onto distributed RAM because of timing constraints  
The instance canvas_fb/memory_reg_r1_7680_7807_0_0 is implemented as distributed LUT RAM for the following reason: The timing constraints suggest that the chosen mapping will yield a better timing.
Related violations: <none>

SYNTH-5#582 Warning
Mapped onto distributed RAM because of timing constraints  
The instance canvas_fb/memory_reg_r1_768_895_0_0 is implemented as distributed LUT RAM for the following reason: The timing constraints suggest that the chosen mapping will yield a better timing.
Related violations: <none>

SYNTH-5#583 Warning
Mapped onto distributed RAM because of timing constraints  
The instance canvas_fb/memory_reg_r1_76928_77055_0_0 is implemented as distributed LUT RAM for the following reason: The timing constraints suggest that the chosen mapping will yield a better timing.
Related violations: <none>

SYNTH-5#584 Warning
Mapped onto distributed RAM because of timing constraints  
The instance canvas_fb/memory_reg_r1_77056_77183_0_0 is implemented as distributed LUT RAM for the following reason: The timing constraints suggest that the chosen mapping will yield a better timing.
Related violations: <none>

SYNTH-5#585 Warning
Mapped onto distributed RAM because of timing constraints  
The instance canvas_fb/memory_reg_r1_77184_77311_0_0 is implemented as distributed LUT RAM for the following reason: The timing constraints suggest that the chosen mapping will yield a better timing.
Related violations: <none>

SYNTH-5#586 Warning
Mapped onto distributed RAM because of timing constraints  
The instance canvas_fb/memory_reg_r1_77312_77439_0_0 is implemented as distributed LUT RAM for the following reason: The timing constraints suggest that the chosen mapping will yield a better timing.
Related violations: <none>

SYNTH-5#587 Warning
Mapped onto distributed RAM because of timing constraints  
The instance canvas_fb/memory_reg_r1_77440_77567_0_0 is implemented as distributed LUT RAM for the following reason: The timing constraints suggest that the chosen mapping will yield a better timing.
Related violations: <none>

SYNTH-5#588 Warning
Mapped onto distributed RAM because of timing constraints  
The instance canvas_fb/memory_reg_r1_77568_77695_0_0 is implemented as distributed LUT RAM for the following reason: The timing constraints suggest that the chosen mapping will yield a better timing.
Related violations: <none>

SYNTH-5#589 Warning
Mapped onto distributed RAM because of timing constraints  
The instance canvas_fb/memory_reg_r1_77696_77823_0_0 is implemented as distributed LUT RAM for the following reason: The timing constraints suggest that the chosen mapping will yield a better timing.
Related violations: <none>

SYNTH-5#590 Warning
Mapped onto distributed RAM because of timing constraints  
The instance canvas_fb/memory_reg_r1_77824_77951_0_0 is implemented as distributed LUT RAM for the following reason: The timing constraints suggest that the chosen mapping will yield a better timing.
Related violations: <none>

SYNTH-5#591 Warning
Mapped onto distributed RAM because of timing constraints  
The instance canvas_fb/memory_reg_r1_77952_78079_0_0 is implemented as distributed LUT RAM for the following reason: The timing constraints suggest that the chosen mapping will yield a better timing.
Related violations: <none>

SYNTH-5#592 Warning
Mapped onto distributed RAM because of timing constraints  
The instance canvas_fb/memory_reg_r1_78080_78207_0_0 is implemented as distributed LUT RAM for the following reason: The timing constraints suggest that the chosen mapping will yield a better timing.
Related violations: <none>

SYNTH-5#593 Warning
Mapped onto distributed RAM because of timing constraints  
The instance canvas_fb/memory_reg_r1_7808_7935_0_0 is implemented as distributed LUT RAM for the following reason: The timing constraints suggest that the chosen mapping will yield a better timing.
Related violations: <none>

SYNTH-5#594 Warning
Mapped onto distributed RAM because of timing constraints  
The instance canvas_fb/memory_reg_r1_78208_78335_0_0 is implemented as distributed LUT RAM for the following reason: The timing constraints suggest that the chosen mapping will yield a better timing.
Related violations: <none>

SYNTH-5#595 Warning
Mapped onto distributed RAM because of timing constraints  
The instance canvas_fb/memory_reg_r1_7936_8063_0_0 is implemented as distributed LUT RAM for the following reason: The timing constraints suggest that the chosen mapping will yield a better timing.
Related violations: <none>

SYNTH-5#596 Warning
Mapped onto distributed RAM because of timing constraints  
The instance canvas_fb/memory_reg_r1_8064_8191_0_0 is implemented as distributed LUT RAM for the following reason: The timing constraints suggest that the chosen mapping will yield a better timing.
Related violations: <none>

SYNTH-5#597 Warning
Mapped onto distributed RAM because of timing constraints  
The instance canvas_fb/memory_reg_r1_8192_8319_0_0 is implemented as distributed LUT RAM for the following reason: The timing constraints suggest that the chosen mapping will yield a better timing.
Related violations: <none>

SYNTH-5#598 Warning
Mapped onto distributed RAM because of timing constraints  
The instance canvas_fb/memory_reg_r1_8320_8447_0_0 is implemented as distributed LUT RAM for the following reason: The timing constraints suggest that the chosen mapping will yield a better timing.
Related violations: <none>

SYNTH-5#599 Warning
Mapped onto distributed RAM because of timing constraints  
The instance canvas_fb/memory_reg_r1_8448_8575_0_0 is implemented as distributed LUT RAM for the following reason: The timing constraints suggest that the chosen mapping will yield a better timing.
Related violations: <none>

SYNTH-5#600 Warning
Mapped onto distributed RAM because of timing constraints  
The instance canvas_fb/memory_reg_r1_8576_8703_0_0 is implemented as distributed LUT RAM for the following reason: The timing constraints suggest that the chosen mapping will yield a better timing.
Related violations: <none>

SYNTH-5#601 Warning
Mapped onto distributed RAM because of timing constraints  
The instance canvas_fb/memory_reg_r1_8704_8831_0_0 is implemented as distributed LUT RAM for the following reason: The timing constraints suggest that the chosen mapping will yield a better timing.
Related violations: <none>

SYNTH-5#602 Warning
Mapped onto distributed RAM because of timing constraints  
The instance canvas_fb/memory_reg_r1_8832_8959_0_0 is implemented as distributed LUT RAM for the following reason: The timing constraints suggest that the chosen mapping will yield a better timing.
Related violations: <none>

SYNTH-5#603 Warning
Mapped onto distributed RAM because of timing constraints  
The instance canvas_fb/memory_reg_r1_8960_9087_0_0 is implemented as distributed LUT RAM for the following reason: The timing constraints suggest that the chosen mapping will yield a better timing.
Related violations: <none>

SYNTH-5#604 Warning
Mapped onto distributed RAM because of timing constraints  
The instance canvas_fb/memory_reg_r1_896_1023_0_0 is implemented as distributed LUT RAM for the following reason: The timing constraints suggest that the chosen mapping will yield a better timing.
Related violations: <none>

SYNTH-5#605 Warning
Mapped onto distributed RAM because of timing constraints  
The instance canvas_fb/memory_reg_r1_9088_9215_0_0 is implemented as distributed LUT RAM for the following reason: The timing constraints suggest that the chosen mapping will yield a better timing.
Related violations: <none>

SYNTH-5#606 Warning
Mapped onto distributed RAM because of timing constraints  
The instance canvas_fb/memory_reg_r1_9216_9343_0_0 is implemented as distributed LUT RAM for the following reason: The timing constraints suggest that the chosen mapping will yield a better timing.
Related violations: <none>

SYNTH-5#607 Warning
Mapped onto distributed RAM because of timing constraints  
The instance canvas_fb/memory_reg_r1_9344_9471_0_0 is implemented as distributed LUT RAM for the following reason: The timing constraints suggest that the chosen mapping will yield a better timing.
Related violations: <none>

SYNTH-5#608 Warning
Mapped onto distributed RAM because of timing constraints  
The instance canvas_fb/memory_reg_r1_9472_9599_0_0 is implemented as distributed LUT RAM for the following reason: The timing constraints suggest that the chosen mapping will yield a better timing.
Related violations: <none>

SYNTH-5#609 Warning
Mapped onto distributed RAM because of timing constraints  
The instance canvas_fb/memory_reg_r1_9600_9727_0_0 is implemented as distributed LUT RAM for the following reason: The timing constraints suggest that the chosen mapping will yield a better timing.
Related violations: <none>

SYNTH-5#610 Warning
Mapped onto distributed RAM because of timing constraints  
The instance canvas_fb/memory_reg_r1_9728_9855_0_0 is implemented as distributed LUT RAM for the following reason: The timing constraints suggest that the chosen mapping will yield a better timing.
Related violations: <none>

SYNTH-5#611 Warning
Mapped onto distributed RAM because of timing constraints  
The instance canvas_fb/memory_reg_r1_9856_9983_0_0 is implemented as distributed LUT RAM for the following reason: The timing constraints suggest that the chosen mapping will yield a better timing.
Related violations: <none>

SYNTH-5#612 Warning
Mapped onto distributed RAM because of timing constraints  
The instance canvas_fb/memory_reg_r1_9984_10111_0_0 is implemented as distributed LUT RAM for the following reason: The timing constraints suggest that the chosen mapping will yield a better timing.
Related violations: <none>

SYNTH-5#613 Warning
Mapped onto distributed RAM because of timing constraints  
The instance canvas_fb/memory_reg_r2_0_127_0_0 is implemented as distributed LUT RAM for the following reason: The timing constraints suggest that the chosen mapping will yield a better timing.
Related violations: <none>

SYNTH-5#614 Warning
Mapped onto distributed RAM because of timing constraints  
The instance canvas_fb/memory_reg_r2_10112_10239_0_0 is implemented as distributed LUT RAM for the following reason: The timing constraints suggest that the chosen mapping will yield a better timing.
Related violations: <none>

SYNTH-5#615 Warning
Mapped onto distributed RAM because of timing constraints  
The instance canvas_fb/memory_reg_r2_10240_10367_0_0 is implemented as distributed LUT RAM for the following reason: The timing constraints suggest that the chosen mapping will yield a better timing.
Related violations: <none>

SYNTH-5#616 Warning
Mapped onto distributed RAM because of timing constraints  
The instance canvas_fb/memory_reg_r2_1024_1151_0_0 is implemented as distributed LUT RAM for the following reason: The timing constraints suggest that the chosen mapping will yield a better timing.
Related violations: <none>

SYNTH-5#617 Warning
Mapped onto distributed RAM because of timing constraints  
The instance canvas_fb/memory_reg_r2_10368_10495_0_0 is implemented as distributed LUT RAM for the following reason: The timing constraints suggest that the chosen mapping will yield a better timing.
Related violations: <none>

SYNTH-5#618 Warning
Mapped onto distributed RAM because of timing constraints  
The instance canvas_fb/memory_reg_r2_10496_10623_0_0 is implemented as distributed LUT RAM for the following reason: The timing constraints suggest that the chosen mapping will yield a better timing.
Related violations: <none>

SYNTH-5#619 Warning
Mapped onto distributed RAM because of timing constraints  
The instance canvas_fb/memory_reg_r2_10624_10751_0_0 is implemented as distributed LUT RAM for the following reason: The timing constraints suggest that the chosen mapping will yield a better timing.
Related violations: <none>

SYNTH-5#620 Warning
Mapped onto distributed RAM because of timing constraints  
The instance canvas_fb/memory_reg_r2_10752_10879_0_0 is implemented as distributed LUT RAM for the following reason: The timing constraints suggest that the chosen mapping will yield a better timing.
Related violations: <none>

SYNTH-5#621 Warning
Mapped onto distributed RAM because of timing constraints  
The instance canvas_fb/memory_reg_r2_10880_11007_0_0 is implemented as distributed LUT RAM for the following reason: The timing constraints suggest that the chosen mapping will yield a better timing.
Related violations: <none>

SYNTH-5#622 Warning
Mapped onto distributed RAM because of timing constraints  
The instance canvas_fb/memory_reg_r2_11008_11135_0_0 is implemented as distributed LUT RAM for the following reason: The timing constraints suggest that the chosen mapping will yield a better timing.
Related violations: <none>

SYNTH-5#623 Warning
Mapped onto distributed RAM because of timing constraints  
The instance canvas_fb/memory_reg_r2_11136_11263_0_0 is implemented as distributed LUT RAM for the following reason: The timing constraints suggest that the chosen mapping will yield a better timing.
Related violations: <none>

SYNTH-5#624 Warning
Mapped onto distributed RAM because of timing constraints  
The instance canvas_fb/memory_reg_r2_11264_11391_0_0 is implemented as distributed LUT RAM for the following reason: The timing constraints suggest that the chosen mapping will yield a better timing.
Related violations: <none>

SYNTH-5#625 Warning
Mapped onto distributed RAM because of timing constraints  
The instance canvas_fb/memory_reg_r2_11392_11519_0_0 is implemented as distributed LUT RAM for the following reason: The timing constraints suggest that the chosen mapping will yield a better timing.
Related violations: <none>

SYNTH-5#626 Warning
Mapped onto distributed RAM because of timing constraints  
The instance canvas_fb/memory_reg_r2_11520_11647_0_0 is implemented as distributed LUT RAM for the following reason: The timing constraints suggest that the chosen mapping will yield a better timing.
Related violations: <none>

SYNTH-5#627 Warning
Mapped onto distributed RAM because of timing constraints  
The instance canvas_fb/memory_reg_r2_1152_1279_0_0 is implemented as distributed LUT RAM for the following reason: The timing constraints suggest that the chosen mapping will yield a better timing.
Related violations: <none>

SYNTH-5#628 Warning
Mapped onto distributed RAM because of timing constraints  
The instance canvas_fb/memory_reg_r2_11648_11775_0_0 is implemented as distributed LUT RAM for the following reason: The timing constraints suggest that the chosen mapping will yield a better timing.
Related violations: <none>

SYNTH-5#629 Warning
Mapped onto distributed RAM because of timing constraints  
The instance canvas_fb/memory_reg_r2_11776_11903_0_0 is implemented as distributed LUT RAM for the following reason: The timing constraints suggest that the chosen mapping will yield a better timing.
Related violations: <none>

SYNTH-5#630 Warning
Mapped onto distributed RAM because of timing constraints  
The instance canvas_fb/memory_reg_r2_11904_12031_0_0 is implemented as distributed LUT RAM for the following reason: The timing constraints suggest that the chosen mapping will yield a better timing.
Related violations: <none>

SYNTH-5#631 Warning
Mapped onto distributed RAM because of timing constraints  
The instance canvas_fb/memory_reg_r2_12032_12159_0_0 is implemented as distributed LUT RAM for the following reason: The timing constraints suggest that the chosen mapping will yield a better timing.
Related violations: <none>

SYNTH-5#632 Warning
Mapped onto distributed RAM because of timing constraints  
The instance canvas_fb/memory_reg_r2_12160_12287_0_0 is implemented as distributed LUT RAM for the following reason: The timing constraints suggest that the chosen mapping will yield a better timing.
Related violations: <none>

SYNTH-5#633 Warning
Mapped onto distributed RAM because of timing constraints  
The instance canvas_fb/memory_reg_r2_12288_12415_0_0 is implemented as distributed LUT RAM for the following reason: The timing constraints suggest that the chosen mapping will yield a better timing.
Related violations: <none>

SYNTH-5#634 Warning
Mapped onto distributed RAM because of timing constraints  
The instance canvas_fb/memory_reg_r2_12416_12543_0_0 is implemented as distributed LUT RAM for the following reason: The timing constraints suggest that the chosen mapping will yield a better timing.
Related violations: <none>

SYNTH-5#635 Warning
Mapped onto distributed RAM because of timing constraints  
The instance canvas_fb/memory_reg_r2_12544_12671_0_0 is implemented as distributed LUT RAM for the following reason: The timing constraints suggest that the chosen mapping will yield a better timing.
Related violations: <none>

SYNTH-5#636 Warning
Mapped onto distributed RAM because of timing constraints  
The instance canvas_fb/memory_reg_r2_12672_12799_0_0 is implemented as distributed LUT RAM for the following reason: The timing constraints suggest that the chosen mapping will yield a better timing.
Related violations: <none>

SYNTH-5#637 Warning
Mapped onto distributed RAM because of timing constraints  
The instance canvas_fb/memory_reg_r2_12800_12927_0_0 is implemented as distributed LUT RAM for the following reason: The timing constraints suggest that the chosen mapping will yield a better timing.
Related violations: <none>

SYNTH-5#638 Warning
Mapped onto distributed RAM because of timing constraints  
The instance canvas_fb/memory_reg_r2_1280_1407_0_0 is implemented as distributed LUT RAM for the following reason: The timing constraints suggest that the chosen mapping will yield a better timing.
Related violations: <none>

SYNTH-5#639 Warning
Mapped onto distributed RAM because of timing constraints  
The instance canvas_fb/memory_reg_r2_128_255_0_0 is implemented as distributed LUT RAM for the following reason: The timing constraints suggest that the chosen mapping will yield a better timing.
Related violations: <none>

SYNTH-5#640 Warning
Mapped onto distributed RAM because of timing constraints  
The instance canvas_fb/memory_reg_r2_12928_13055_0_0 is implemented as distributed LUT RAM for the following reason: The timing constraints suggest that the chosen mapping will yield a better timing.
Related violations: <none>

SYNTH-5#641 Warning
Mapped onto distributed RAM because of timing constraints  
The instance canvas_fb/memory_reg_r2_13056_13183_0_0 is implemented as distributed LUT RAM for the following reason: The timing constraints suggest that the chosen mapping will yield a better timing.
Related violations: <none>

SYNTH-5#642 Warning
Mapped onto distributed RAM because of timing constraints  
The instance canvas_fb/memory_reg_r2_13184_13311_0_0 is implemented as distributed LUT RAM for the following reason: The timing constraints suggest that the chosen mapping will yield a better timing.
Related violations: <none>

SYNTH-5#643 Warning
Mapped onto distributed RAM because of timing constraints  
The instance canvas_fb/memory_reg_r2_13312_13439_0_0 is implemented as distributed LUT RAM for the following reason: The timing constraints suggest that the chosen mapping will yield a better timing.
Related violations: <none>

SYNTH-5#644 Warning
Mapped onto distributed RAM because of timing constraints  
The instance canvas_fb/memory_reg_r2_13440_13567_0_0 is implemented as distributed LUT RAM for the following reason: The timing constraints suggest that the chosen mapping will yield a better timing.
Related violations: <none>

SYNTH-5#645 Warning
Mapped onto distributed RAM because of timing constraints  
The instance canvas_fb/memory_reg_r2_13568_13695_0_0 is implemented as distributed LUT RAM for the following reason: The timing constraints suggest that the chosen mapping will yield a better timing.
Related violations: <none>

SYNTH-5#646 Warning
Mapped onto distributed RAM because of timing constraints  
The instance canvas_fb/memory_reg_r2_13696_13823_0_0 is implemented as distributed LUT RAM for the following reason: The timing constraints suggest that the chosen mapping will yield a better timing.
Related violations: <none>

SYNTH-5#647 Warning
Mapped onto distributed RAM because of timing constraints  
The instance canvas_fb/memory_reg_r2_13824_13951_0_0 is implemented as distributed LUT RAM for the following reason: The timing constraints suggest that the chosen mapping will yield a better timing.
Related violations: <none>

SYNTH-5#648 Warning
Mapped onto distributed RAM because of timing constraints  
The instance canvas_fb/memory_reg_r2_13952_14079_0_0 is implemented as distributed LUT RAM for the following reason: The timing constraints suggest that the chosen mapping will yield a better timing.
Related violations: <none>

SYNTH-5#649 Warning
Mapped onto distributed RAM because of timing constraints  
The instance canvas_fb/memory_reg_r2_14080_14207_0_0 is implemented as distributed LUT RAM for the following reason: The timing constraints suggest that the chosen mapping will yield a better timing.
Related violations: <none>

SYNTH-5#650 Warning
Mapped onto distributed RAM because of timing constraints  
The instance canvas_fb/memory_reg_r2_1408_1535_0_0 is implemented as distributed LUT RAM for the following reason: The timing constraints suggest that the chosen mapping will yield a better timing.
Related violations: <none>

SYNTH-5#651 Warning
Mapped onto distributed RAM because of timing constraints  
The instance canvas_fb/memory_reg_r2_14208_14335_0_0 is implemented as distributed LUT RAM for the following reason: The timing constraints suggest that the chosen mapping will yield a better timing.
Related violations: <none>

SYNTH-5#652 Warning
Mapped onto distributed RAM because of timing constraints  
The instance canvas_fb/memory_reg_r2_14336_14463_0_0 is implemented as distributed LUT RAM for the following reason: The timing constraints suggest that the chosen mapping will yield a better timing.
Related violations: <none>

SYNTH-5#653 Warning
Mapped onto distributed RAM because of timing constraints  
The instance canvas_fb/memory_reg_r2_14464_14591_0_0 is implemented as distributed LUT RAM for the following reason: The timing constraints suggest that the chosen mapping will yield a better timing.
Related violations: <none>

SYNTH-5#654 Warning
Mapped onto distributed RAM because of timing constraints  
The instance canvas_fb/memory_reg_r2_14592_14719_0_0 is implemented as distributed LUT RAM for the following reason: The timing constraints suggest that the chosen mapping will yield a better timing.
Related violations: <none>

SYNTH-5#655 Warning
Mapped onto distributed RAM because of timing constraints  
The instance canvas_fb/memory_reg_r2_14720_14847_0_0 is implemented as distributed LUT RAM for the following reason: The timing constraints suggest that the chosen mapping will yield a better timing.
Related violations: <none>

SYNTH-5#656 Warning
Mapped onto distributed RAM because of timing constraints  
The instance canvas_fb/memory_reg_r2_14848_14975_0_0 is implemented as distributed LUT RAM for the following reason: The timing constraints suggest that the chosen mapping will yield a better timing.
Related violations: <none>

SYNTH-5#657 Warning
Mapped onto distributed RAM because of timing constraints  
The instance canvas_fb/memory_reg_r2_14976_15103_0_0 is implemented as distributed LUT RAM for the following reason: The timing constraints suggest that the chosen mapping will yield a better timing.
Related violations: <none>

SYNTH-5#658 Warning
Mapped onto distributed RAM because of timing constraints  
The instance canvas_fb/memory_reg_r2_15104_15231_0_0 is implemented as distributed LUT RAM for the following reason: The timing constraints suggest that the chosen mapping will yield a better timing.
Related violations: <none>

SYNTH-5#659 Warning
Mapped onto distributed RAM because of timing constraints  
The instance canvas_fb/memory_reg_r2_15232_15359_0_0 is implemented as distributed LUT RAM for the following reason: The timing constraints suggest that the chosen mapping will yield a better timing.
Related violations: <none>

SYNTH-5#660 Warning
Mapped onto distributed RAM because of timing constraints  
The instance canvas_fb/memory_reg_r2_15360_15487_0_0 is implemented as distributed LUT RAM for the following reason: The timing constraints suggest that the chosen mapping will yield a better timing.
Related violations: <none>

SYNTH-5#661 Warning
Mapped onto distributed RAM because of timing constraints  
The instance canvas_fb/memory_reg_r2_1536_1663_0_0 is implemented as distributed LUT RAM for the following reason: The timing constraints suggest that the chosen mapping will yield a better timing.
Related violations: <none>

SYNTH-5#662 Warning
Mapped onto distributed RAM because of timing constraints  
The instance canvas_fb/memory_reg_r2_15488_15615_0_0 is implemented as distributed LUT RAM for the following reason: The timing constraints suggest that the chosen mapping will yield a better timing.
Related violations: <none>

SYNTH-5#663 Warning
Mapped onto distributed RAM because of timing constraints  
The instance canvas_fb/memory_reg_r2_15616_15743_0_0 is implemented as distributed LUT RAM for the following reason: The timing constraints suggest that the chosen mapping will yield a better timing.
Related violations: <none>

SYNTH-5#664 Warning
Mapped onto distributed RAM because of timing constraints  
The instance canvas_fb/memory_reg_r2_15744_15871_0_0 is implemented as distributed LUT RAM for the following reason: The timing constraints suggest that the chosen mapping will yield a better timing.
Related violations: <none>

SYNTH-5#665 Warning
Mapped onto distributed RAM because of timing constraints  
The instance canvas_fb/memory_reg_r2_15872_15999_0_0 is implemented as distributed LUT RAM for the following reason: The timing constraints suggest that the chosen mapping will yield a better timing.
Related violations: <none>

SYNTH-5#666 Warning
Mapped onto distributed RAM because of timing constraints  
The instance canvas_fb/memory_reg_r2_16000_16127_0_0 is implemented as distributed LUT RAM for the following reason: The timing constraints suggest that the chosen mapping will yield a better timing.
Related violations: <none>

SYNTH-5#667 Warning
Mapped onto distributed RAM because of timing constraints  
The instance canvas_fb/memory_reg_r2_16128_16255_0_0 is implemented as distributed LUT RAM for the following reason: The timing constraints suggest that the chosen mapping will yield a better timing.
Related violations: <none>

SYNTH-5#668 Warning
Mapped onto distributed RAM because of timing constraints  
The instance canvas_fb/memory_reg_r2_16256_16383_0_0 is implemented as distributed LUT RAM for the following reason: The timing constraints suggest that the chosen mapping will yield a better timing.
Related violations: <none>

SYNTH-5#669 Warning
Mapped onto distributed RAM because of timing constraints  
The instance canvas_fb/memory_reg_r2_16384_16511_0_0 is implemented as distributed LUT RAM for the following reason: The timing constraints suggest that the chosen mapping will yield a better timing.
Related violations: <none>

SYNTH-5#670 Warning
Mapped onto distributed RAM because of timing constraints  
The instance canvas_fb/memory_reg_r2_16512_16639_0_0 is implemented as distributed LUT RAM for the following reason: The timing constraints suggest that the chosen mapping will yield a better timing.
Related violations: <none>

SYNTH-5#671 Warning
Mapped onto distributed RAM because of timing constraints  
The instance canvas_fb/memory_reg_r2_16640_16767_0_0 is implemented as distributed LUT RAM for the following reason: The timing constraints suggest that the chosen mapping will yield a better timing.
Related violations: <none>

SYNTH-5#672 Warning
Mapped onto distributed RAM because of timing constraints  
The instance canvas_fb/memory_reg_r2_1664_1791_0_0 is implemented as distributed LUT RAM for the following reason: The timing constraints suggest that the chosen mapping will yield a better timing.
Related violations: <none>

SYNTH-5#673 Warning
Mapped onto distributed RAM because of timing constraints  
The instance canvas_fb/memory_reg_r2_16768_16895_0_0 is implemented as distributed LUT RAM for the following reason: The timing constraints suggest that the chosen mapping will yield a better timing.
Related violations: <none>

SYNTH-5#674 Warning
Mapped onto distributed RAM because of timing constraints  
The instance canvas_fb/memory_reg_r2_16896_17023_0_0 is implemented as distributed LUT RAM for the following reason: The timing constraints suggest that the chosen mapping will yield a better timing.
Related violations: <none>

SYNTH-5#675 Warning
Mapped onto distributed RAM because of timing constraints  
The instance canvas_fb/memory_reg_r2_17024_17151_0_0 is implemented as distributed LUT RAM for the following reason: The timing constraints suggest that the chosen mapping will yield a better timing.
Related violations: <none>

SYNTH-5#676 Warning
Mapped onto distributed RAM because of timing constraints  
The instance canvas_fb/memory_reg_r2_17152_17279_0_0 is implemented as distributed LUT RAM for the following reason: The timing constraints suggest that the chosen mapping will yield a better timing.
Related violations: <none>

SYNTH-5#677 Warning
Mapped onto distributed RAM because of timing constraints  
The instance canvas_fb/memory_reg_r2_17280_17407_0_0 is implemented as distributed LUT RAM for the following reason: The timing constraints suggest that the chosen mapping will yield a better timing.
Related violations: <none>

SYNTH-5#678 Warning
Mapped onto distributed RAM because of timing constraints  
The instance canvas_fb/memory_reg_r2_17408_17535_0_0 is implemented as distributed LUT RAM for the following reason: The timing constraints suggest that the chosen mapping will yield a better timing.
Related violations: <none>

SYNTH-5#679 Warning
Mapped onto distributed RAM because of timing constraints  
The instance canvas_fb/memory_reg_r2_17536_17663_0_0 is implemented as distributed LUT RAM for the following reason: The timing constraints suggest that the chosen mapping will yield a better timing.
Related violations: <none>

SYNTH-5#680 Warning
Mapped onto distributed RAM because of timing constraints  
The instance canvas_fb/memory_reg_r2_17664_17791_0_0 is implemented as distributed LUT RAM for the following reason: The timing constraints suggest that the chosen mapping will yield a better timing.
Related violations: <none>

SYNTH-5#681 Warning
Mapped onto distributed RAM because of timing constraints  
The instance canvas_fb/memory_reg_r2_17792_17919_0_0 is implemented as distributed LUT RAM for the following reason: The timing constraints suggest that the chosen mapping will yield a better timing.
Related violations: <none>

SYNTH-5#682 Warning
Mapped onto distributed RAM because of timing constraints  
The instance canvas_fb/memory_reg_r2_17920_18047_0_0 is implemented as distributed LUT RAM for the following reason: The timing constraints suggest that the chosen mapping will yield a better timing.
Related violations: <none>

SYNTH-5#683 Warning
Mapped onto distributed RAM because of timing constraints  
The instance canvas_fb/memory_reg_r2_1792_1919_0_0 is implemented as distributed LUT RAM for the following reason: The timing constraints suggest that the chosen mapping will yield a better timing.
Related violations: <none>

SYNTH-5#684 Warning
Mapped onto distributed RAM because of timing constraints  
The instance canvas_fb/memory_reg_r2_18048_18175_0_0 is implemented as distributed LUT RAM for the following reason: The timing constraints suggest that the chosen mapping will yield a better timing.
Related violations: <none>

SYNTH-5#685 Warning
Mapped onto distributed RAM because of timing constraints  
The instance canvas_fb/memory_reg_r2_18176_18303_0_0 is implemented as distributed LUT RAM for the following reason: The timing constraints suggest that the chosen mapping will yield a better timing.
Related violations: <none>

SYNTH-5#686 Warning
Mapped onto distributed RAM because of timing constraints  
The instance canvas_fb/memory_reg_r2_18304_18431_0_0 is implemented as distributed LUT RAM for the following reason: The timing constraints suggest that the chosen mapping will yield a better timing.
Related violations: <none>

SYNTH-5#687 Warning
Mapped onto distributed RAM because of timing constraints  
The instance canvas_fb/memory_reg_r2_18432_18559_0_0 is implemented as distributed LUT RAM for the following reason: The timing constraints suggest that the chosen mapping will yield a better timing.
Related violations: <none>

SYNTH-5#688 Warning
Mapped onto distributed RAM because of timing constraints  
The instance canvas_fb/memory_reg_r2_18560_18687_0_0 is implemented as distributed LUT RAM for the following reason: The timing constraints suggest that the chosen mapping will yield a better timing.
Related violations: <none>

SYNTH-5#689 Warning
Mapped onto distributed RAM because of timing constraints  
The instance canvas_fb/memory_reg_r2_18688_18815_0_0 is implemented as distributed LUT RAM for the following reason: The timing constraints suggest that the chosen mapping will yield a better timing.
Related violations: <none>

SYNTH-5#690 Warning
Mapped onto distributed RAM because of timing constraints  
The instance canvas_fb/memory_reg_r2_18816_18943_0_0 is implemented as distributed LUT RAM for the following reason: The timing constraints suggest that the chosen mapping will yield a better timing.
Related violations: <none>

SYNTH-5#691 Warning
Mapped onto distributed RAM because of timing constraints  
The instance canvas_fb/memory_reg_r2_18944_19071_0_0 is implemented as distributed LUT RAM for the following reason: The timing constraints suggest that the chosen mapping will yield a better timing.
Related violations: <none>

SYNTH-5#692 Warning
Mapped onto distributed RAM because of timing constraints  
The instance canvas_fb/memory_reg_r2_19072_19199_0_0 is implemented as distributed LUT RAM for the following reason: The timing constraints suggest that the chosen mapping will yield a better timing.
Related violations: <none>

SYNTH-5#693 Warning
Mapped onto distributed RAM because of timing constraints  
The instance canvas_fb/memory_reg_r2_19200_19327_0_0 is implemented as distributed LUT RAM for the following reason: The timing constraints suggest that the chosen mapping will yield a better timing.
Related violations: <none>

SYNTH-5#694 Warning
Mapped onto distributed RAM because of timing constraints  
The instance canvas_fb/memory_reg_r2_1920_2047_0_0 is implemented as distributed LUT RAM for the following reason: The timing constraints suggest that the chosen mapping will yield a better timing.
Related violations: <none>

SYNTH-5#695 Warning
Mapped onto distributed RAM because of timing constraints  
The instance canvas_fb/memory_reg_r2_19328_19455_0_0 is implemented as distributed LUT RAM for the following reason: The timing constraints suggest that the chosen mapping will yield a better timing.
Related violations: <none>

SYNTH-5#696 Warning
Mapped onto distributed RAM because of timing constraints  
The instance canvas_fb/memory_reg_r2_19456_19583_0_0 is implemented as distributed LUT RAM for the following reason: The timing constraints suggest that the chosen mapping will yield a better timing.
Related violations: <none>

SYNTH-5#697 Warning
Mapped onto distributed RAM because of timing constraints  
The instance canvas_fb/memory_reg_r2_19584_19711_0_0 is implemented as distributed LUT RAM for the following reason: The timing constraints suggest that the chosen mapping will yield a better timing.
Related violations: <none>

SYNTH-5#698 Warning
Mapped onto distributed RAM because of timing constraints  
The instance canvas_fb/memory_reg_r2_19712_19839_0_0 is implemented as distributed LUT RAM for the following reason: The timing constraints suggest that the chosen mapping will yield a better timing.
Related violations: <none>

SYNTH-5#699 Warning
Mapped onto distributed RAM because of timing constraints  
The instance canvas_fb/memory_reg_r2_19840_19967_0_0 is implemented as distributed LUT RAM for the following reason: The timing constraints suggest that the chosen mapping will yield a better timing.
Related violations: <none>

SYNTH-5#700 Warning
Mapped onto distributed RAM because of timing constraints  
The instance canvas_fb/memory_reg_r2_19968_20095_0_0 is implemented as distributed LUT RAM for the following reason: The timing constraints suggest that the chosen mapping will yield a better timing.
Related violations: <none>

SYNTH-5#701 Warning
Mapped onto distributed RAM because of timing constraints  
The instance canvas_fb/memory_reg_r2_20096_20223_0_0 is implemented as distributed LUT RAM for the following reason: The timing constraints suggest that the chosen mapping will yield a better timing.
Related violations: <none>

SYNTH-5#702 Warning
Mapped onto distributed RAM because of timing constraints  
The instance canvas_fb/memory_reg_r2_20224_20351_0_0 is implemented as distributed LUT RAM for the following reason: The timing constraints suggest that the chosen mapping will yield a better timing.
Related violations: <none>

SYNTH-5#703 Warning
Mapped onto distributed RAM because of timing constraints  
The instance canvas_fb/memory_reg_r2_20352_20479_0_0 is implemented as distributed LUT RAM for the following reason: The timing constraints suggest that the chosen mapping will yield a better timing.
Related violations: <none>

SYNTH-5#704 Warning
Mapped onto distributed RAM because of timing constraints  
The instance canvas_fb/memory_reg_r2_20480_20607_0_0 is implemented as distributed LUT RAM for the following reason: The timing constraints suggest that the chosen mapping will yield a better timing.
Related violations: <none>

SYNTH-5#705 Warning
Mapped onto distributed RAM because of timing constraints  
The instance canvas_fb/memory_reg_r2_2048_2175_0_0 is implemented as distributed LUT RAM for the following reason: The timing constraints suggest that the chosen mapping will yield a better timing.
Related violations: <none>

SYNTH-5#706 Warning
Mapped onto distributed RAM because of timing constraints  
The instance canvas_fb/memory_reg_r2_20608_20735_0_0 is implemented as distributed LUT RAM for the following reason: The timing constraints suggest that the chosen mapping will yield a better timing.
Related violations: <none>

SYNTH-5#707 Warning
Mapped onto distributed RAM because of timing constraints  
The instance canvas_fb/memory_reg_r2_20736_20863_0_0 is implemented as distributed LUT RAM for the following reason: The timing constraints suggest that the chosen mapping will yield a better timing.
Related violations: <none>

SYNTH-5#708 Warning
Mapped onto distributed RAM because of timing constraints  
The instance canvas_fb/memory_reg_r2_20864_20991_0_0 is implemented as distributed LUT RAM for the following reason: The timing constraints suggest that the chosen mapping will yield a better timing.
Related violations: <none>

SYNTH-5#709 Warning
Mapped onto distributed RAM because of timing constraints  
The instance canvas_fb/memory_reg_r2_20992_21119_0_0 is implemented as distributed LUT RAM for the following reason: The timing constraints suggest that the chosen mapping will yield a better timing.
Related violations: <none>

SYNTH-5#710 Warning
Mapped onto distributed RAM because of timing constraints  
The instance canvas_fb/memory_reg_r2_21120_21247_0_0 is implemented as distributed LUT RAM for the following reason: The timing constraints suggest that the chosen mapping will yield a better timing.
Related violations: <none>

SYNTH-5#711 Warning
Mapped onto distributed RAM because of timing constraints  
The instance canvas_fb/memory_reg_r2_21248_21375_0_0 is implemented as distributed LUT RAM for the following reason: The timing constraints suggest that the chosen mapping will yield a better timing.
Related violations: <none>

SYNTH-5#712 Warning
Mapped onto distributed RAM because of timing constraints  
The instance canvas_fb/memory_reg_r2_21376_21503_0_0 is implemented as distributed LUT RAM for the following reason: The timing constraints suggest that the chosen mapping will yield a better timing.
Related violations: <none>

SYNTH-5#713 Warning
Mapped onto distributed RAM because of timing constraints  
The instance canvas_fb/memory_reg_r2_21504_21631_0_0 is implemented as distributed LUT RAM for the following reason: The timing constraints suggest that the chosen mapping will yield a better timing.
Related violations: <none>

SYNTH-5#714 Warning
Mapped onto distributed RAM because of timing constraints  
The instance canvas_fb/memory_reg_r2_21632_21759_0_0 is implemented as distributed LUT RAM for the following reason: The timing constraints suggest that the chosen mapping will yield a better timing.
Related violations: <none>

SYNTH-5#715 Warning
Mapped onto distributed RAM because of timing constraints  
The instance canvas_fb/memory_reg_r2_21760_21887_0_0 is implemented as distributed LUT RAM for the following reason: The timing constraints suggest that the chosen mapping will yield a better timing.
Related violations: <none>

SYNTH-5#716 Warning
Mapped onto distributed RAM because of timing constraints  
The instance canvas_fb/memory_reg_r2_2176_2303_0_0 is implemented as distributed LUT RAM for the following reason: The timing constraints suggest that the chosen mapping will yield a better timing.
Related violations: <none>

SYNTH-5#717 Warning
Mapped onto distributed RAM because of timing constraints  
The instance canvas_fb/memory_reg_r2_21888_22015_0_0 is implemented as distributed LUT RAM for the following reason: The timing constraints suggest that the chosen mapping will yield a better timing.
Related violations: <none>

SYNTH-5#718 Warning
Mapped onto distributed RAM because of timing constraints  
The instance canvas_fb/memory_reg_r2_22016_22143_0_0 is implemented as distributed LUT RAM for the following reason: The timing constraints suggest that the chosen mapping will yield a better timing.
Related violations: <none>

SYNTH-5#719 Warning
Mapped onto distributed RAM because of timing constraints  
The instance canvas_fb/memory_reg_r2_22144_22271_0_0 is implemented as distributed LUT RAM for the following reason: The timing constraints suggest that the chosen mapping will yield a better timing.
Related violations: <none>

SYNTH-5#720 Warning
Mapped onto distributed RAM because of timing constraints  
The instance canvas_fb/memory_reg_r2_22272_22399_0_0 is implemented as distributed LUT RAM for the following reason: The timing constraints suggest that the chosen mapping will yield a better timing.
Related violations: <none>

SYNTH-5#721 Warning
Mapped onto distributed RAM because of timing constraints  
The instance canvas_fb/memory_reg_r2_22400_22527_0_0 is implemented as distributed LUT RAM for the following reason: The timing constraints suggest that the chosen mapping will yield a better timing.
Related violations: <none>

SYNTH-5#722 Warning
Mapped onto distributed RAM because of timing constraints  
The instance canvas_fb/memory_reg_r2_22528_22655_0_0 is implemented as distributed LUT RAM for the following reason: The timing constraints suggest that the chosen mapping will yield a better timing.
Related violations: <none>

SYNTH-5#723 Warning
Mapped onto distributed RAM because of timing constraints  
The instance canvas_fb/memory_reg_r2_22656_22783_0_0 is implemented as distributed LUT RAM for the following reason: The timing constraints suggest that the chosen mapping will yield a better timing.
Related violations: <none>

SYNTH-5#724 Warning
Mapped onto distributed RAM because of timing constraints  
The instance canvas_fb/memory_reg_r2_22784_22911_0_0 is implemented as distributed LUT RAM for the following reason: The timing constraints suggest that the chosen mapping will yield a better timing.
Related violations: <none>

SYNTH-5#725 Warning
Mapped onto distributed RAM because of timing constraints  
The instance canvas_fb/memory_reg_r2_22912_23039_0_0 is implemented as distributed LUT RAM for the following reason: The timing constraints suggest that the chosen mapping will yield a better timing.
Related violations: <none>

SYNTH-5#726 Warning
Mapped onto distributed RAM because of timing constraints  
The instance canvas_fb/memory_reg_r2_23040_23167_0_0 is implemented as distributed LUT RAM for the following reason: The timing constraints suggest that the chosen mapping will yield a better timing.
Related violations: <none>

SYNTH-5#727 Warning
Mapped onto distributed RAM because of timing constraints  
The instance canvas_fb/memory_reg_r2_2304_2431_0_0 is implemented as distributed LUT RAM for the following reason: The timing constraints suggest that the chosen mapping will yield a better timing.
Related violations: <none>

SYNTH-5#728 Warning
Mapped onto distributed RAM because of timing constraints  
The instance canvas_fb/memory_reg_r2_23168_23295_0_0 is implemented as distributed LUT RAM for the following reason: The timing constraints suggest that the chosen mapping will yield a better timing.
Related violations: <none>

SYNTH-5#729 Warning
Mapped onto distributed RAM because of timing constraints  
The instance canvas_fb/memory_reg_r2_23296_23423_0_0 is implemented as distributed LUT RAM for the following reason: The timing constraints suggest that the chosen mapping will yield a better timing.
Related violations: <none>

SYNTH-5#730 Warning
Mapped onto distributed RAM because of timing constraints  
The instance canvas_fb/memory_reg_r2_23424_23551_0_0 is implemented as distributed LUT RAM for the following reason: The timing constraints suggest that the chosen mapping will yield a better timing.
Related violations: <none>

SYNTH-5#731 Warning
Mapped onto distributed RAM because of timing constraints  
The instance canvas_fb/memory_reg_r2_23552_23679_0_0 is implemented as distributed LUT RAM for the following reason: The timing constraints suggest that the chosen mapping will yield a better timing.
Related violations: <none>

SYNTH-5#732 Warning
Mapped onto distributed RAM because of timing constraints  
The instance canvas_fb/memory_reg_r2_23680_23807_0_0 is implemented as distributed LUT RAM for the following reason: The timing constraints suggest that the chosen mapping will yield a better timing.
Related violations: <none>

SYNTH-5#733 Warning
Mapped onto distributed RAM because of timing constraints  
The instance canvas_fb/memory_reg_r2_23808_23935_0_0 is implemented as distributed LUT RAM for the following reason: The timing constraints suggest that the chosen mapping will yield a better timing.
Related violations: <none>

SYNTH-5#734 Warning
Mapped onto distributed RAM because of timing constraints  
The instance canvas_fb/memory_reg_r2_23936_24063_0_0 is implemented as distributed LUT RAM for the following reason: The timing constraints suggest that the chosen mapping will yield a better timing.
Related violations: <none>

SYNTH-5#735 Warning
Mapped onto distributed RAM because of timing constraints  
The instance canvas_fb/memory_reg_r2_24064_24191_0_0 is implemented as distributed LUT RAM for the following reason: The timing constraints suggest that the chosen mapping will yield a better timing.
Related violations: <none>

SYNTH-5#736 Warning
Mapped onto distributed RAM because of timing constraints  
The instance canvas_fb/memory_reg_r2_24192_24319_0_0 is implemented as distributed LUT RAM for the following reason: The timing constraints suggest that the chosen mapping will yield a better timing.
Related violations: <none>

SYNTH-5#737 Warning
Mapped onto distributed RAM because of timing constraints  
The instance canvas_fb/memory_reg_r2_24320_24447_0_0 is implemented as distributed LUT RAM for the following reason: The timing constraints suggest that the chosen mapping will yield a better timing.
Related violations: <none>

SYNTH-5#738 Warning
Mapped onto distributed RAM because of timing constraints  
The instance canvas_fb/memory_reg_r2_2432_2559_0_0 is implemented as distributed LUT RAM for the following reason: The timing constraints suggest that the chosen mapping will yield a better timing.
Related violations: <none>

SYNTH-5#739 Warning
Mapped onto distributed RAM because of timing constraints  
The instance canvas_fb/memory_reg_r2_24448_24575_0_0 is implemented as distributed LUT RAM for the following reason: The timing constraints suggest that the chosen mapping will yield a better timing.
Related violations: <none>

SYNTH-5#740 Warning
Mapped onto distributed RAM because of timing constraints  
The instance canvas_fb/memory_reg_r2_24576_24703_0_0 is implemented as distributed LUT RAM for the following reason: The timing constraints suggest that the chosen mapping will yield a better timing.
Related violations: <none>

SYNTH-5#741 Warning
Mapped onto distributed RAM because of timing constraints  
The instance canvas_fb/memory_reg_r2_24704_24831_0_0 is implemented as distributed LUT RAM for the following reason: The timing constraints suggest that the chosen mapping will yield a better timing.
Related violations: <none>

SYNTH-5#742 Warning
Mapped onto distributed RAM because of timing constraints  
The instance canvas_fb/memory_reg_r2_24832_24959_0_0 is implemented as distributed LUT RAM for the following reason: The timing constraints suggest that the chosen mapping will yield a better timing.
Related violations: <none>

SYNTH-5#743 Warning
Mapped onto distributed RAM because of timing constraints  
The instance canvas_fb/memory_reg_r2_24960_25087_0_0 is implemented as distributed LUT RAM for the following reason: The timing constraints suggest that the chosen mapping will yield a better timing.
Related violations: <none>

SYNTH-5#744 Warning
Mapped onto distributed RAM because of timing constraints  
The instance canvas_fb/memory_reg_r2_25088_25215_0_0 is implemented as distributed LUT RAM for the following reason: The timing constraints suggest that the chosen mapping will yield a better timing.
Related violations: <none>

SYNTH-5#745 Warning
Mapped onto distributed RAM because of timing constraints  
The instance canvas_fb/memory_reg_r2_25216_25343_0_0 is implemented as distributed LUT RAM for the following reason: The timing constraints suggest that the chosen mapping will yield a better timing.
Related violations: <none>

SYNTH-5#746 Warning
Mapped onto distributed RAM because of timing constraints  
The instance canvas_fb/memory_reg_r2_25344_25471_0_0 is implemented as distributed LUT RAM for the following reason: The timing constraints suggest that the chosen mapping will yield a better timing.
Related violations: <none>

SYNTH-5#747 Warning
Mapped onto distributed RAM because of timing constraints  
The instance canvas_fb/memory_reg_r2_25472_25599_0_0 is implemented as distributed LUT RAM for the following reason: The timing constraints suggest that the chosen mapping will yield a better timing.
Related violations: <none>

SYNTH-5#748 Warning
Mapped onto distributed RAM because of timing constraints  
The instance canvas_fb/memory_reg_r2_25600_25727_0_0 is implemented as distributed LUT RAM for the following reason: The timing constraints suggest that the chosen mapping will yield a better timing.
Related violations: <none>

SYNTH-5#749 Warning
Mapped onto distributed RAM because of timing constraints  
The instance canvas_fb/memory_reg_r2_2560_2687_0_0 is implemented as distributed LUT RAM for the following reason: The timing constraints suggest that the chosen mapping will yield a better timing.
Related violations: <none>

SYNTH-5#750 Warning
Mapped onto distributed RAM because of timing constraints  
The instance canvas_fb/memory_reg_r2_256_383_0_0 is implemented as distributed LUT RAM for the following reason: The timing constraints suggest that the chosen mapping will yield a better timing.
Related violations: <none>

SYNTH-5#751 Warning
Mapped onto distributed RAM because of timing constraints  
The instance canvas_fb/memory_reg_r2_25728_25855_0_0 is implemented as distributed LUT RAM for the following reason: The timing constraints suggest that the chosen mapping will yield a better timing.
Related violations: <none>

SYNTH-5#752 Warning
Mapped onto distributed RAM because of timing constraints  
The instance canvas_fb/memory_reg_r2_25856_25983_0_0 is implemented as distributed LUT RAM for the following reason: The timing constraints suggest that the chosen mapping will yield a better timing.
Related violations: <none>

SYNTH-5#753 Warning
Mapped onto distributed RAM because of timing constraints  
The instance canvas_fb/memory_reg_r2_25984_26111_0_0 is implemented as distributed LUT RAM for the following reason: The timing constraints suggest that the chosen mapping will yield a better timing.
Related violations: <none>

SYNTH-5#754 Warning
Mapped onto distributed RAM because of timing constraints  
The instance canvas_fb/memory_reg_r2_26112_26239_0_0 is implemented as distributed LUT RAM for the following reason: The timing constraints suggest that the chosen mapping will yield a better timing.
Related violations: <none>

SYNTH-5#755 Warning
Mapped onto distributed RAM because of timing constraints  
The instance canvas_fb/memory_reg_r2_26240_26367_0_0 is implemented as distributed LUT RAM for the following reason: The timing constraints suggest that the chosen mapping will yield a better timing.
Related violations: <none>

SYNTH-5#756 Warning
Mapped onto distributed RAM because of timing constraints  
The instance canvas_fb/memory_reg_r2_26368_26495_0_0 is implemented as distributed LUT RAM for the following reason: The timing constraints suggest that the chosen mapping will yield a better timing.
Related violations: <none>

SYNTH-5#757 Warning
Mapped onto distributed RAM because of timing constraints  
The instance canvas_fb/memory_reg_r2_26496_26623_0_0 is implemented as distributed LUT RAM for the following reason: The timing constraints suggest that the chosen mapping will yield a better timing.
Related violations: <none>

SYNTH-5#758 Warning
Mapped onto distributed RAM because of timing constraints  
The instance canvas_fb/memory_reg_r2_26624_26751_0_0 is implemented as distributed LUT RAM for the following reason: The timing constraints suggest that the chosen mapping will yield a better timing.
Related violations: <none>

SYNTH-5#759 Warning
Mapped onto distributed RAM because of timing constraints  
The instance canvas_fb/memory_reg_r2_26752_26879_0_0 is implemented as distributed LUT RAM for the following reason: The timing constraints suggest that the chosen mapping will yield a better timing.
Related violations: <none>

SYNTH-5#760 Warning
Mapped onto distributed RAM because of timing constraints  
The instance canvas_fb/memory_reg_r2_26880_27007_0_0 is implemented as distributed LUT RAM for the following reason: The timing constraints suggest that the chosen mapping will yield a better timing.
Related violations: <none>

SYNTH-5#761 Warning
Mapped onto distributed RAM because of timing constraints  
The instance canvas_fb/memory_reg_r2_2688_2815_0_0 is implemented as distributed LUT RAM for the following reason: The timing constraints suggest that the chosen mapping will yield a better timing.
Related violations: <none>

SYNTH-5#762 Warning
Mapped onto distributed RAM because of timing constraints  
The instance canvas_fb/memory_reg_r2_27008_27135_0_0 is implemented as distributed LUT RAM for the following reason: The timing constraints suggest that the chosen mapping will yield a better timing.
Related violations: <none>

SYNTH-5#763 Warning
Mapped onto distributed RAM because of timing constraints  
The instance canvas_fb/memory_reg_r2_27136_27263_0_0 is implemented as distributed LUT RAM for the following reason: The timing constraints suggest that the chosen mapping will yield a better timing.
Related violations: <none>

SYNTH-5#764 Warning
Mapped onto distributed RAM because of timing constraints  
The instance canvas_fb/memory_reg_r2_27264_27391_0_0 is implemented as distributed LUT RAM for the following reason: The timing constraints suggest that the chosen mapping will yield a better timing.
Related violations: <none>

SYNTH-5#765 Warning
Mapped onto distributed RAM because of timing constraints  
The instance canvas_fb/memory_reg_r2_27392_27519_0_0 is implemented as distributed LUT RAM for the following reason: The timing constraints suggest that the chosen mapping will yield a better timing.
Related violations: <none>

SYNTH-5#766 Warning
Mapped onto distributed RAM because of timing constraints  
The instance canvas_fb/memory_reg_r2_27520_27647_0_0 is implemented as distributed LUT RAM for the following reason: The timing constraints suggest that the chosen mapping will yield a better timing.
Related violations: <none>

SYNTH-5#767 Warning
Mapped onto distributed RAM because of timing constraints  
The instance canvas_fb/memory_reg_r2_27648_27775_0_0 is implemented as distributed LUT RAM for the following reason: The timing constraints suggest that the chosen mapping will yield a better timing.
Related violations: <none>

SYNTH-5#768 Warning
Mapped onto distributed RAM because of timing constraints  
The instance canvas_fb/memory_reg_r2_27776_27903_0_0 is implemented as distributed LUT RAM for the following reason: The timing constraints suggest that the chosen mapping will yield a better timing.
Related violations: <none>

SYNTH-5#769 Warning
Mapped onto distributed RAM because of timing constraints  
The instance canvas_fb/memory_reg_r2_27904_28031_0_0 is implemented as distributed LUT RAM for the following reason: The timing constraints suggest that the chosen mapping will yield a better timing.
Related violations: <none>

SYNTH-5#770 Warning
Mapped onto distributed RAM because of timing constraints  
The instance canvas_fb/memory_reg_r2_28032_28159_0_0 is implemented as distributed LUT RAM for the following reason: The timing constraints suggest that the chosen mapping will yield a better timing.
Related violations: <none>

SYNTH-5#771 Warning
Mapped onto distributed RAM because of timing constraints  
The instance canvas_fb/memory_reg_r2_28160_28287_0_0 is implemented as distributed LUT RAM for the following reason: The timing constraints suggest that the chosen mapping will yield a better timing.
Related violations: <none>

SYNTH-5#772 Warning
Mapped onto distributed RAM because of timing constraints  
The instance canvas_fb/memory_reg_r2_2816_2943_0_0 is implemented as distributed LUT RAM for the following reason: The timing constraints suggest that the chosen mapping will yield a better timing.
Related violations: <none>

SYNTH-5#773 Warning
Mapped onto distributed RAM because of timing constraints  
The instance canvas_fb/memory_reg_r2_28288_28415_0_0 is implemented as distributed LUT RAM for the following reason: The timing constraints suggest that the chosen mapping will yield a better timing.
Related violations: <none>

SYNTH-5#774 Warning
Mapped onto distributed RAM because of timing constraints  
The instance canvas_fb/memory_reg_r2_28416_28543_0_0 is implemented as distributed LUT RAM for the following reason: The timing constraints suggest that the chosen mapping will yield a better timing.
Related violations: <none>

SYNTH-5#775 Warning
Mapped onto distributed RAM because of timing constraints  
The instance canvas_fb/memory_reg_r2_28544_28671_0_0 is implemented as distributed LUT RAM for the following reason: The timing constraints suggest that the chosen mapping will yield a better timing.
Related violations: <none>

SYNTH-5#776 Warning
Mapped onto distributed RAM because of timing constraints  
The instance canvas_fb/memory_reg_r2_28672_28799_0_0 is implemented as distributed LUT RAM for the following reason: The timing constraints suggest that the chosen mapping will yield a better timing.
Related violations: <none>

SYNTH-5#777 Warning
Mapped onto distributed RAM because of timing constraints  
The instance canvas_fb/memory_reg_r2_28800_28927_0_0 is implemented as distributed LUT RAM for the following reason: The timing constraints suggest that the chosen mapping will yield a better timing.
Related violations: <none>

SYNTH-5#778 Warning
Mapped onto distributed RAM because of timing constraints  
The instance canvas_fb/memory_reg_r2_28928_29055_0_0 is implemented as distributed LUT RAM for the following reason: The timing constraints suggest that the chosen mapping will yield a better timing.
Related violations: <none>

SYNTH-5#779 Warning
Mapped onto distributed RAM because of timing constraints  
The instance canvas_fb/memory_reg_r2_29056_29183_0_0 is implemented as distributed LUT RAM for the following reason: The timing constraints suggest that the chosen mapping will yield a better timing.
Related violations: <none>

SYNTH-5#780 Warning
Mapped onto distributed RAM because of timing constraints  
The instance canvas_fb/memory_reg_r2_29184_29311_0_0 is implemented as distributed LUT RAM for the following reason: The timing constraints suggest that the chosen mapping will yield a better timing.
Related violations: <none>

SYNTH-5#781 Warning
Mapped onto distributed RAM because of timing constraints  
The instance canvas_fb/memory_reg_r2_29312_29439_0_0 is implemented as distributed LUT RAM for the following reason: The timing constraints suggest that the chosen mapping will yield a better timing.
Related violations: <none>

SYNTH-5#782 Warning
Mapped onto distributed RAM because of timing constraints  
The instance canvas_fb/memory_reg_r2_29440_29567_0_0 is implemented as distributed LUT RAM for the following reason: The timing constraints suggest that the chosen mapping will yield a better timing.
Related violations: <none>

SYNTH-5#783 Warning
Mapped onto distributed RAM because of timing constraints  
The instance canvas_fb/memory_reg_r2_2944_3071_0_0 is implemented as distributed LUT RAM for the following reason: The timing constraints suggest that the chosen mapping will yield a better timing.
Related violations: <none>

SYNTH-5#784 Warning
Mapped onto distributed RAM because of timing constraints  
The instance canvas_fb/memory_reg_r2_29568_29695_0_0 is implemented as distributed LUT RAM for the following reason: The timing constraints suggest that the chosen mapping will yield a better timing.
Related violations: <none>

SYNTH-5#785 Warning
Mapped onto distributed RAM because of timing constraints  
The instance canvas_fb/memory_reg_r2_29696_29823_0_0 is implemented as distributed LUT RAM for the following reason: The timing constraints suggest that the chosen mapping will yield a better timing.
Related violations: <none>

SYNTH-5#786 Warning
Mapped onto distributed RAM because of timing constraints  
The instance canvas_fb/memory_reg_r2_29824_29951_0_0 is implemented as distributed LUT RAM for the following reason: The timing constraints suggest that the chosen mapping will yield a better timing.
Related violations: <none>

SYNTH-5#787 Warning
Mapped onto distributed RAM because of timing constraints  
The instance canvas_fb/memory_reg_r2_29952_30079_0_0 is implemented as distributed LUT RAM for the following reason: The timing constraints suggest that the chosen mapping will yield a better timing.
Related violations: <none>

SYNTH-5#788 Warning
Mapped onto distributed RAM because of timing constraints  
The instance canvas_fb/memory_reg_r2_30080_30207_0_0 is implemented as distributed LUT RAM for the following reason: The timing constraints suggest that the chosen mapping will yield a better timing.
Related violations: <none>

SYNTH-5#789 Warning
Mapped onto distributed RAM because of timing constraints  
The instance canvas_fb/memory_reg_r2_30208_30335_0_0 is implemented as distributed LUT RAM for the following reason: The timing constraints suggest that the chosen mapping will yield a better timing.
Related violations: <none>

SYNTH-5#790 Warning
Mapped onto distributed RAM because of timing constraints  
The instance canvas_fb/memory_reg_r2_30336_30463_0_0 is implemented as distributed LUT RAM for the following reason: The timing constraints suggest that the chosen mapping will yield a better timing.
Related violations: <none>

SYNTH-5#791 Warning
Mapped onto distributed RAM because of timing constraints  
The instance canvas_fb/memory_reg_r2_30464_30591_0_0 is implemented as distributed LUT RAM for the following reason: The timing constraints suggest that the chosen mapping will yield a better timing.
Related violations: <none>

SYNTH-5#792 Warning
Mapped onto distributed RAM because of timing constraints  
The instance canvas_fb/memory_reg_r2_30592_30719_0_0 is implemented as distributed LUT RAM for the following reason: The timing constraints suggest that the chosen mapping will yield a better timing.
Related violations: <none>

SYNTH-5#793 Warning
Mapped onto distributed RAM because of timing constraints  
The instance canvas_fb/memory_reg_r2_30720_30847_0_0 is implemented as distributed LUT RAM for the following reason: The timing constraints suggest that the chosen mapping will yield a better timing.
Related violations: <none>

SYNTH-5#794 Warning
Mapped onto distributed RAM because of timing constraints  
The instance canvas_fb/memory_reg_r2_3072_3199_0_0 is implemented as distributed LUT RAM for the following reason: The timing constraints suggest that the chosen mapping will yield a better timing.
Related violations: <none>

SYNTH-5#795 Warning
Mapped onto distributed RAM because of timing constraints  
The instance canvas_fb/memory_reg_r2_30848_30975_0_0 is implemented as distributed LUT RAM for the following reason: The timing constraints suggest that the chosen mapping will yield a better timing.
Related violations: <none>

SYNTH-5#796 Warning
Mapped onto distributed RAM because of timing constraints  
The instance canvas_fb/memory_reg_r2_30976_31103_0_0 is implemented as distributed LUT RAM for the following reason: The timing constraints suggest that the chosen mapping will yield a better timing.
Related violations: <none>

SYNTH-5#797 Warning
Mapped onto distributed RAM because of timing constraints  
The instance canvas_fb/memory_reg_r2_31104_31231_0_0 is implemented as distributed LUT RAM for the following reason: The timing constraints suggest that the chosen mapping will yield a better timing.
Related violations: <none>

SYNTH-5#798 Warning
Mapped onto distributed RAM because of timing constraints  
The instance canvas_fb/memory_reg_r2_31232_31359_0_0 is implemented as distributed LUT RAM for the following reason: The timing constraints suggest that the chosen mapping will yield a better timing.
Related violations: <none>

SYNTH-5#799 Warning
Mapped onto distributed RAM because of timing constraints  
The instance canvas_fb/memory_reg_r2_31360_31487_0_0 is implemented as distributed LUT RAM for the following reason: The timing constraints suggest that the chosen mapping will yield a better timing.
Related violations: <none>

SYNTH-5#800 Warning
Mapped onto distributed RAM because of timing constraints  
The instance canvas_fb/memory_reg_r2_31488_31615_0_0 is implemented as distributed LUT RAM for the following reason: The timing constraints suggest that the chosen mapping will yield a better timing.
Related violations: <none>

SYNTH-5#801 Warning
Mapped onto distributed RAM because of timing constraints  
The instance canvas_fb/memory_reg_r2_31616_31743_0_0 is implemented as distributed LUT RAM for the following reason: The timing constraints suggest that the chosen mapping will yield a better timing.
Related violations: <none>

SYNTH-5#802 Warning
Mapped onto distributed RAM because of timing constraints  
The instance canvas_fb/memory_reg_r2_31744_31871_0_0 is implemented as distributed LUT RAM for the following reason: The timing constraints suggest that the chosen mapping will yield a better timing.
Related violations: <none>

SYNTH-5#803 Warning
Mapped onto distributed RAM because of timing constraints  
The instance canvas_fb/memory_reg_r2_31872_31999_0_0 is implemented as distributed LUT RAM for the following reason: The timing constraints suggest that the chosen mapping will yield a better timing.
Related violations: <none>

SYNTH-5#804 Warning
Mapped onto distributed RAM because of timing constraints  
The instance canvas_fb/memory_reg_r2_32000_32127_0_0 is implemented as distributed LUT RAM for the following reason: The timing constraints suggest that the chosen mapping will yield a better timing.
Related violations: <none>

SYNTH-5#805 Warning
Mapped onto distributed RAM because of timing constraints  
The instance canvas_fb/memory_reg_r2_3200_3327_0_0 is implemented as distributed LUT RAM for the following reason: The timing constraints suggest that the chosen mapping will yield a better timing.
Related violations: <none>

SYNTH-5#806 Warning
Mapped onto distributed RAM because of timing constraints  
The instance canvas_fb/memory_reg_r2_32128_32255_0_0 is implemented as distributed LUT RAM for the following reason: The timing constraints suggest that the chosen mapping will yield a better timing.
Related violations: <none>

SYNTH-5#807 Warning
Mapped onto distributed RAM because of timing constraints  
The instance canvas_fb/memory_reg_r2_32256_32383_0_0 is implemented as distributed LUT RAM for the following reason: The timing constraints suggest that the chosen mapping will yield a better timing.
Related violations: <none>

SYNTH-5#808 Warning
Mapped onto distributed RAM because of timing constraints  
The instance canvas_fb/memory_reg_r2_32384_32511_0_0 is implemented as distributed LUT RAM for the following reason: The timing constraints suggest that the chosen mapping will yield a better timing.
Related violations: <none>

SYNTH-5#809 Warning
Mapped onto distributed RAM because of timing constraints  
The instance canvas_fb/memory_reg_r2_32512_32639_0_0 is implemented as distributed LUT RAM for the following reason: The timing constraints suggest that the chosen mapping will yield a better timing.
Related violations: <none>

SYNTH-5#810 Warning
Mapped onto distributed RAM because of timing constraints  
The instance canvas_fb/memory_reg_r2_32640_32767_0_0 is implemented as distributed LUT RAM for the following reason: The timing constraints suggest that the chosen mapping will yield a better timing.
Related violations: <none>

SYNTH-5#811 Warning
Mapped onto distributed RAM because of timing constraints  
The instance canvas_fb/memory_reg_r2_32768_32895_0_0 is implemented as distributed LUT RAM for the following reason: The timing constraints suggest that the chosen mapping will yield a better timing.
Related violations: <none>

SYNTH-5#812 Warning
Mapped onto distributed RAM because of timing constraints  
The instance canvas_fb/memory_reg_r2_32896_33023_0_0 is implemented as distributed LUT RAM for the following reason: The timing constraints suggest that the chosen mapping will yield a better timing.
Related violations: <none>

SYNTH-5#813 Warning
Mapped onto distributed RAM because of timing constraints  
The instance canvas_fb/memory_reg_r2_33024_33151_0_0 is implemented as distributed LUT RAM for the following reason: The timing constraints suggest that the chosen mapping will yield a better timing.
Related violations: <none>

SYNTH-5#814 Warning
Mapped onto distributed RAM because of timing constraints  
The instance canvas_fb/memory_reg_r2_33152_33279_0_0 is implemented as distributed LUT RAM for the following reason: The timing constraints suggest that the chosen mapping will yield a better timing.
Related violations: <none>

SYNTH-5#815 Warning
Mapped onto distributed RAM because of timing constraints  
The instance canvas_fb/memory_reg_r2_33280_33407_0_0 is implemented as distributed LUT RAM for the following reason: The timing constraints suggest that the chosen mapping will yield a better timing.
Related violations: <none>

SYNTH-5#816 Warning
Mapped onto distributed RAM because of timing constraints  
The instance canvas_fb/memory_reg_r2_3328_3455_0_0 is implemented as distributed LUT RAM for the following reason: The timing constraints suggest that the chosen mapping will yield a better timing.
Related violations: <none>

SYNTH-5#817 Warning
Mapped onto distributed RAM because of timing constraints  
The instance canvas_fb/memory_reg_r2_33408_33535_0_0 is implemented as distributed LUT RAM for the following reason: The timing constraints suggest that the chosen mapping will yield a better timing.
Related violations: <none>

SYNTH-5#818 Warning
Mapped onto distributed RAM because of timing constraints  
The instance canvas_fb/memory_reg_r2_33536_33663_0_0 is implemented as distributed LUT RAM for the following reason: The timing constraints suggest that the chosen mapping will yield a better timing.
Related violations: <none>

SYNTH-5#819 Warning
Mapped onto distributed RAM because of timing constraints  
The instance canvas_fb/memory_reg_r2_33664_33791_0_0 is implemented as distributed LUT RAM for the following reason: The timing constraints suggest that the chosen mapping will yield a better timing.
Related violations: <none>

SYNTH-5#820 Warning
Mapped onto distributed RAM because of timing constraints  
The instance canvas_fb/memory_reg_r2_33792_33919_0_0 is implemented as distributed LUT RAM for the following reason: The timing constraints suggest that the chosen mapping will yield a better timing.
Related violations: <none>

SYNTH-5#821 Warning
Mapped onto distributed RAM because of timing constraints  
The instance canvas_fb/memory_reg_r2_33920_34047_0_0 is implemented as distributed LUT RAM for the following reason: The timing constraints suggest that the chosen mapping will yield a better timing.
Related violations: <none>

SYNTH-5#822 Warning
Mapped onto distributed RAM because of timing constraints  
The instance canvas_fb/memory_reg_r2_34048_34175_0_0 is implemented as distributed LUT RAM for the following reason: The timing constraints suggest that the chosen mapping will yield a better timing.
Related violations: <none>

SYNTH-5#823 Warning
Mapped onto distributed RAM because of timing constraints  
The instance canvas_fb/memory_reg_r2_34176_34303_0_0 is implemented as distributed LUT RAM for the following reason: The timing constraints suggest that the chosen mapping will yield a better timing.
Related violations: <none>

SYNTH-5#824 Warning
Mapped onto distributed RAM because of timing constraints  
The instance canvas_fb/memory_reg_r2_34304_34431_0_0 is implemented as distributed LUT RAM for the following reason: The timing constraints suggest that the chosen mapping will yield a better timing.
Related violations: <none>

SYNTH-5#825 Warning
Mapped onto distributed RAM because of timing constraints  
The instance canvas_fb/memory_reg_r2_34432_34559_0_0 is implemented as distributed LUT RAM for the following reason: The timing constraints suggest that the chosen mapping will yield a better timing.
Related violations: <none>

SYNTH-5#826 Warning
Mapped onto distributed RAM because of timing constraints  
The instance canvas_fb/memory_reg_r2_34560_34687_0_0 is implemented as distributed LUT RAM for the following reason: The timing constraints suggest that the chosen mapping will yield a better timing.
Related violations: <none>

SYNTH-5#827 Warning
Mapped onto distributed RAM because of timing constraints  
The instance canvas_fb/memory_reg_r2_3456_3583_0_0 is implemented as distributed LUT RAM for the following reason: The timing constraints suggest that the chosen mapping will yield a better timing.
Related violations: <none>

SYNTH-5#828 Warning
Mapped onto distributed RAM because of timing constraints  
The instance canvas_fb/memory_reg_r2_34688_34815_0_0 is implemented as distributed LUT RAM for the following reason: The timing constraints suggest that the chosen mapping will yield a better timing.
Related violations: <none>

SYNTH-5#829 Warning
Mapped onto distributed RAM because of timing constraints  
The instance canvas_fb/memory_reg_r2_34816_34943_0_0 is implemented as distributed LUT RAM for the following reason: The timing constraints suggest that the chosen mapping will yield a better timing.
Related violations: <none>

SYNTH-5#830 Warning
Mapped onto distributed RAM because of timing constraints  
The instance canvas_fb/memory_reg_r2_34944_35071_0_0 is implemented as distributed LUT RAM for the following reason: The timing constraints suggest that the chosen mapping will yield a better timing.
Related violations: <none>

SYNTH-5#831 Warning
Mapped onto distributed RAM because of timing constraints  
The instance canvas_fb/memory_reg_r2_35072_35199_0_0 is implemented as distributed LUT RAM for the following reason: The timing constraints suggest that the chosen mapping will yield a better timing.
Related violations: <none>

SYNTH-5#832 Warning
Mapped onto distributed RAM because of timing constraints  
The instance canvas_fb/memory_reg_r2_35200_35327_0_0 is implemented as distributed LUT RAM for the following reason: The timing constraints suggest that the chosen mapping will yield a better timing.
Related violations: <none>

SYNTH-5#833 Warning
Mapped onto distributed RAM because of timing constraints  
The instance canvas_fb/memory_reg_r2_35328_35455_0_0 is implemented as distributed LUT RAM for the following reason: The timing constraints suggest that the chosen mapping will yield a better timing.
Related violations: <none>

SYNTH-5#834 Warning
Mapped onto distributed RAM because of timing constraints  
The instance canvas_fb/memory_reg_r2_35456_35583_0_0 is implemented as distributed LUT RAM for the following reason: The timing constraints suggest that the chosen mapping will yield a better timing.
Related violations: <none>

SYNTH-5#835 Warning
Mapped onto distributed RAM because of timing constraints  
The instance canvas_fb/memory_reg_r2_35584_35711_0_0 is implemented as distributed LUT RAM for the following reason: The timing constraints suggest that the chosen mapping will yield a better timing.
Related violations: <none>

SYNTH-5#836 Warning
Mapped onto distributed RAM because of timing constraints  
The instance canvas_fb/memory_reg_r2_35712_35839_0_0 is implemented as distributed LUT RAM for the following reason: The timing constraints suggest that the chosen mapping will yield a better timing.
Related violations: <none>

SYNTH-5#837 Warning
Mapped onto distributed RAM because of timing constraints  
The instance canvas_fb/memory_reg_r2_35840_35967_0_0 is implemented as distributed LUT RAM for the following reason: The timing constraints suggest that the chosen mapping will yield a better timing.
Related violations: <none>

SYNTH-5#838 Warning
Mapped onto distributed RAM because of timing constraints  
The instance canvas_fb/memory_reg_r2_3584_3711_0_0 is implemented as distributed LUT RAM for the following reason: The timing constraints suggest that the chosen mapping will yield a better timing.
Related violations: <none>

SYNTH-5#839 Warning
Mapped onto distributed RAM because of timing constraints  
The instance canvas_fb/memory_reg_r2_35968_36095_0_0 is implemented as distributed LUT RAM for the following reason: The timing constraints suggest that the chosen mapping will yield a better timing.
Related violations: <none>

SYNTH-5#840 Warning
Mapped onto distributed RAM because of timing constraints  
The instance canvas_fb/memory_reg_r2_36096_36223_0_0 is implemented as distributed LUT RAM for the following reason: The timing constraints suggest that the chosen mapping will yield a better timing.
Related violations: <none>

SYNTH-5#841 Warning
Mapped onto distributed RAM because of timing constraints  
The instance canvas_fb/memory_reg_r2_36224_36351_0_0 is implemented as distributed LUT RAM for the following reason: The timing constraints suggest that the chosen mapping will yield a better timing.
Related violations: <none>

SYNTH-5#842 Warning
Mapped onto distributed RAM because of timing constraints  
The instance canvas_fb/memory_reg_r2_36352_36479_0_0 is implemented as distributed LUT RAM for the following reason: The timing constraints suggest that the chosen mapping will yield a better timing.
Related violations: <none>

SYNTH-5#843 Warning
Mapped onto distributed RAM because of timing constraints  
The instance canvas_fb/memory_reg_r2_36480_36607_0_0 is implemented as distributed LUT RAM for the following reason: The timing constraints suggest that the chosen mapping will yield a better timing.
Related violations: <none>

SYNTH-5#844 Warning
Mapped onto distributed RAM because of timing constraints  
The instance canvas_fb/memory_reg_r2_36608_36735_0_0 is implemented as distributed LUT RAM for the following reason: The timing constraints suggest that the chosen mapping will yield a better timing.
Related violations: <none>

SYNTH-5#845 Warning
Mapped onto distributed RAM because of timing constraints  
The instance canvas_fb/memory_reg_r2_36736_36863_0_0 is implemented as distributed LUT RAM for the following reason: The timing constraints suggest that the chosen mapping will yield a better timing.
Related violations: <none>

SYNTH-5#846 Warning
Mapped onto distributed RAM because of timing constraints  
The instance canvas_fb/memory_reg_r2_36864_36991_0_0 is implemented as distributed LUT RAM for the following reason: The timing constraints suggest that the chosen mapping will yield a better timing.
Related violations: <none>

SYNTH-5#847 Warning
Mapped onto distributed RAM because of timing constraints  
The instance canvas_fb/memory_reg_r2_36992_37119_0_0 is implemented as distributed LUT RAM for the following reason: The timing constraints suggest that the chosen mapping will yield a better timing.
Related violations: <none>

SYNTH-5#848 Warning
Mapped onto distributed RAM because of timing constraints  
The instance canvas_fb/memory_reg_r2_37120_37247_0_0 is implemented as distributed LUT RAM for the following reason: The timing constraints suggest that the chosen mapping will yield a better timing.
Related violations: <none>

SYNTH-5#849 Warning
Mapped onto distributed RAM because of timing constraints  
The instance canvas_fb/memory_reg_r2_3712_3839_0_0 is implemented as distributed LUT RAM for the following reason: The timing constraints suggest that the chosen mapping will yield a better timing.
Related violations: <none>

SYNTH-5#850 Warning
Mapped onto distributed RAM because of timing constraints  
The instance canvas_fb/memory_reg_r2_37248_37375_0_0 is implemented as distributed LUT RAM for the following reason: The timing constraints suggest that the chosen mapping will yield a better timing.
Related violations: <none>

SYNTH-5#851 Warning
Mapped onto distributed RAM because of timing constraints  
The instance canvas_fb/memory_reg_r2_37376_37503_0_0 is implemented as distributed LUT RAM for the following reason: The timing constraints suggest that the chosen mapping will yield a better timing.
Related violations: <none>

SYNTH-5#852 Warning
Mapped onto distributed RAM because of timing constraints  
The instance canvas_fb/memory_reg_r2_37504_37631_0_0 is implemented as distributed LUT RAM for the following reason: The timing constraints suggest that the chosen mapping will yield a better timing.
Related violations: <none>

SYNTH-5#853 Warning
Mapped onto distributed RAM because of timing constraints  
The instance canvas_fb/memory_reg_r2_37632_37759_0_0 is implemented as distributed LUT RAM for the following reason: The timing constraints suggest that the chosen mapping will yield a better timing.
Related violations: <none>

SYNTH-5#854 Warning
Mapped onto distributed RAM because of timing constraints  
The instance canvas_fb/memory_reg_r2_37760_37887_0_0 is implemented as distributed LUT RAM for the following reason: The timing constraints suggest that the chosen mapping will yield a better timing.
Related violations: <none>

SYNTH-5#855 Warning
Mapped onto distributed RAM because of timing constraints  
The instance canvas_fb/memory_reg_r2_37888_38015_0_0 is implemented as distributed LUT RAM for the following reason: The timing constraints suggest that the chosen mapping will yield a better timing.
Related violations: <none>

SYNTH-5#856 Warning
Mapped onto distributed RAM because of timing constraints  
The instance canvas_fb/memory_reg_r2_38016_38143_0_0 is implemented as distributed LUT RAM for the following reason: The timing constraints suggest that the chosen mapping will yield a better timing.
Related violations: <none>

SYNTH-5#857 Warning
Mapped onto distributed RAM because of timing constraints  
The instance canvas_fb/memory_reg_r2_38144_38271_0_0 is implemented as distributed LUT RAM for the following reason: The timing constraints suggest that the chosen mapping will yield a better timing.
Related violations: <none>

SYNTH-5#858 Warning
Mapped onto distributed RAM because of timing constraints  
The instance canvas_fb/memory_reg_r2_38272_38399_0_0 is implemented as distributed LUT RAM for the following reason: The timing constraints suggest that the chosen mapping will yield a better timing.
Related violations: <none>

SYNTH-5#859 Warning
Mapped onto distributed RAM because of timing constraints  
The instance canvas_fb/memory_reg_r2_38400_38527_0_0 is implemented as distributed LUT RAM for the following reason: The timing constraints suggest that the chosen mapping will yield a better timing.
Related violations: <none>

SYNTH-5#860 Warning
Mapped onto distributed RAM because of timing constraints  
The instance canvas_fb/memory_reg_r2_3840_3967_0_0 is implemented as distributed LUT RAM for the following reason: The timing constraints suggest that the chosen mapping will yield a better timing.
Related violations: <none>

SYNTH-5#861 Warning
Mapped onto distributed RAM because of timing constraints  
The instance canvas_fb/memory_reg_r2_384_511_0_0 is implemented as distributed LUT RAM for the following reason: The timing constraints suggest that the chosen mapping will yield a better timing.
Related violations: <none>

SYNTH-5#862 Warning
Mapped onto distributed RAM because of timing constraints  
The instance canvas_fb/memory_reg_r2_38528_38655_0_0 is implemented as distributed LUT RAM for the following reason: The timing constraints suggest that the chosen mapping will yield a better timing.
Related violations: <none>

SYNTH-5#863 Warning
Mapped onto distributed RAM because of timing constraints  
The instance canvas_fb/memory_reg_r2_38656_38783_0_0 is implemented as distributed LUT RAM for the following reason: The timing constraints suggest that the chosen mapping will yield a better timing.
Related violations: <none>

SYNTH-5#864 Warning
Mapped onto distributed RAM because of timing constraints  
The instance canvas_fb/memory_reg_r2_38784_38911_0_0 is implemented as distributed LUT RAM for the following reason: The timing constraints suggest that the chosen mapping will yield a better timing.
Related violations: <none>

SYNTH-5#865 Warning
Mapped onto distributed RAM because of timing constraints  
The instance canvas_fb/memory_reg_r2_38912_39039_0_0 is implemented as distributed LUT RAM for the following reason: The timing constraints suggest that the chosen mapping will yield a better timing.
Related violations: <none>

SYNTH-5#866 Warning
Mapped onto distributed RAM because of timing constraints  
The instance canvas_fb/memory_reg_r2_39040_39167_0_0 is implemented as distributed LUT RAM for the following reason: The timing constraints suggest that the chosen mapping will yield a better timing.
Related violations: <none>

SYNTH-5#867 Warning
Mapped onto distributed RAM because of timing constraints  
The instance canvas_fb/memory_reg_r2_39168_39295_0_0 is implemented as distributed LUT RAM for the following reason: The timing constraints suggest that the chosen mapping will yield a better timing.
Related violations: <none>

SYNTH-5#868 Warning
Mapped onto distributed RAM because of timing constraints  
The instance canvas_fb/memory_reg_r2_39296_39423_0_0 is implemented as distributed LUT RAM for the following reason: The timing constraints suggest that the chosen mapping will yield a better timing.
Related violations: <none>

SYNTH-5#869 Warning
Mapped onto distributed RAM because of timing constraints  
The instance canvas_fb/memory_reg_r2_39424_39551_0_0 is implemented as distributed LUT RAM for the following reason: The timing constraints suggest that the chosen mapping will yield a better timing.
Related violations: <none>

SYNTH-5#870 Warning
Mapped onto distributed RAM because of timing constraints  
The instance canvas_fb/memory_reg_r2_39552_39679_0_0 is implemented as distributed LUT RAM for the following reason: The timing constraints suggest that the chosen mapping will yield a better timing.
Related violations: <none>

SYNTH-5#871 Warning
Mapped onto distributed RAM because of timing constraints  
The instance canvas_fb/memory_reg_r2_39680_39807_0_0 is implemented as distributed LUT RAM for the following reason: The timing constraints suggest that the chosen mapping will yield a better timing.
Related violations: <none>

SYNTH-5#872 Warning
Mapped onto distributed RAM because of timing constraints  
The instance canvas_fb/memory_reg_r2_3968_4095_0_0 is implemented as distributed LUT RAM for the following reason: The timing constraints suggest that the chosen mapping will yield a better timing.
Related violations: <none>

SYNTH-5#873 Warning
Mapped onto distributed RAM because of timing constraints  
The instance canvas_fb/memory_reg_r2_39808_39935_0_0 is implemented as distributed LUT RAM for the following reason: The timing constraints suggest that the chosen mapping will yield a better timing.
Related violations: <none>

SYNTH-5#874 Warning
Mapped onto distributed RAM because of timing constraints  
The instance canvas_fb/memory_reg_r2_39936_40063_0_0 is implemented as distributed LUT RAM for the following reason: The timing constraints suggest that the chosen mapping will yield a better timing.
Related violations: <none>

SYNTH-5#875 Warning
Mapped onto distributed RAM because of timing constraints  
The instance canvas_fb/memory_reg_r2_40064_40191_0_0 is implemented as distributed LUT RAM for the following reason: The timing constraints suggest that the chosen mapping will yield a better timing.
Related violations: <none>

SYNTH-5#876 Warning
Mapped onto distributed RAM because of timing constraints  
The instance canvas_fb/memory_reg_r2_40192_40319_0_0 is implemented as distributed LUT RAM for the following reason: The timing constraints suggest that the chosen mapping will yield a better timing.
Related violations: <none>

SYNTH-5#877 Warning
Mapped onto distributed RAM because of timing constraints  
The instance canvas_fb/memory_reg_r2_40320_40447_0_0 is implemented as distributed LUT RAM for the following reason: The timing constraints suggest that the chosen mapping will yield a better timing.
Related violations: <none>

SYNTH-5#878 Warning
Mapped onto distributed RAM because of timing constraints  
The instance canvas_fb/memory_reg_r2_40448_40575_0_0 is implemented as distributed LUT RAM for the following reason: The timing constraints suggest that the chosen mapping will yield a better timing.
Related violations: <none>

SYNTH-5#879 Warning
Mapped onto distributed RAM because of timing constraints  
The instance canvas_fb/memory_reg_r2_40576_40703_0_0 is implemented as distributed LUT RAM for the following reason: The timing constraints suggest that the chosen mapping will yield a better timing.
Related violations: <none>

SYNTH-5#880 Warning
Mapped onto distributed RAM because of timing constraints  
The instance canvas_fb/memory_reg_r2_40704_40831_0_0 is implemented as distributed LUT RAM for the following reason: The timing constraints suggest that the chosen mapping will yield a better timing.
Related violations: <none>

SYNTH-5#881 Warning
Mapped onto distributed RAM because of timing constraints  
The instance canvas_fb/memory_reg_r2_40832_40959_0_0 is implemented as distributed LUT RAM for the following reason: The timing constraints suggest that the chosen mapping will yield a better timing.
Related violations: <none>

SYNTH-5#882 Warning
Mapped onto distributed RAM because of timing constraints  
The instance canvas_fb/memory_reg_r2_40960_41087_0_0 is implemented as distributed LUT RAM for the following reason: The timing constraints suggest that the chosen mapping will yield a better timing.
Related violations: <none>

SYNTH-5#883 Warning
Mapped onto distributed RAM because of timing constraints  
The instance canvas_fb/memory_reg_r2_4096_4223_0_0 is implemented as distributed LUT RAM for the following reason: The timing constraints suggest that the chosen mapping will yield a better timing.
Related violations: <none>

SYNTH-5#884 Warning
Mapped onto distributed RAM because of timing constraints  
The instance canvas_fb/memory_reg_r2_41088_41215_0_0 is implemented as distributed LUT RAM for the following reason: The timing constraints suggest that the chosen mapping will yield a better timing.
Related violations: <none>

SYNTH-5#885 Warning
Mapped onto distributed RAM because of timing constraints  
The instance canvas_fb/memory_reg_r2_41216_41343_0_0 is implemented as distributed LUT RAM for the following reason: The timing constraints suggest that the chosen mapping will yield a better timing.
Related violations: <none>

SYNTH-5#886 Warning
Mapped onto distributed RAM because of timing constraints  
The instance canvas_fb/memory_reg_r2_41344_41471_0_0 is implemented as distributed LUT RAM for the following reason: The timing constraints suggest that the chosen mapping will yield a better timing.
Related violations: <none>

SYNTH-5#887 Warning
Mapped onto distributed RAM because of timing constraints  
The instance canvas_fb/memory_reg_r2_41472_41599_0_0 is implemented as distributed LUT RAM for the following reason: The timing constraints suggest that the chosen mapping will yield a better timing.
Related violations: <none>

SYNTH-5#888 Warning
Mapped onto distributed RAM because of timing constraints  
The instance canvas_fb/memory_reg_r2_41600_41727_0_0 is implemented as distributed LUT RAM for the following reason: The timing constraints suggest that the chosen mapping will yield a better timing.
Related violations: <none>

SYNTH-5#889 Warning
Mapped onto distributed RAM because of timing constraints  
The instance canvas_fb/memory_reg_r2_41728_41855_0_0 is implemented as distributed LUT RAM for the following reason: The timing constraints suggest that the chosen mapping will yield a better timing.
Related violations: <none>

SYNTH-5#890 Warning
Mapped onto distributed RAM because of timing constraints  
The instance canvas_fb/memory_reg_r2_41856_41983_0_0 is implemented as distributed LUT RAM for the following reason: The timing constraints suggest that the chosen mapping will yield a better timing.
Related violations: <none>

SYNTH-5#891 Warning
Mapped onto distributed RAM because of timing constraints  
The instance canvas_fb/memory_reg_r2_41984_42111_0_0 is implemented as distributed LUT RAM for the following reason: The timing constraints suggest that the chosen mapping will yield a better timing.
Related violations: <none>

SYNTH-5#892 Warning
Mapped onto distributed RAM because of timing constraints  
The instance canvas_fb/memory_reg_r2_42112_42239_0_0 is implemented as distributed LUT RAM for the following reason: The timing constraints suggest that the chosen mapping will yield a better timing.
Related violations: <none>

SYNTH-5#893 Warning
Mapped onto distributed RAM because of timing constraints  
The instance canvas_fb/memory_reg_r2_42240_42367_0_0 is implemented as distributed LUT RAM for the following reason: The timing constraints suggest that the chosen mapping will yield a better timing.
Related violations: <none>

SYNTH-5#894 Warning
Mapped onto distributed RAM because of timing constraints  
The instance canvas_fb/memory_reg_r2_4224_4351_0_0 is implemented as distributed LUT RAM for the following reason: The timing constraints suggest that the chosen mapping will yield a better timing.
Related violations: <none>

SYNTH-5#895 Warning
Mapped onto distributed RAM because of timing constraints  
The instance canvas_fb/memory_reg_r2_42368_42495_0_0 is implemented as distributed LUT RAM for the following reason: The timing constraints suggest that the chosen mapping will yield a better timing.
Related violations: <none>

SYNTH-5#896 Warning
Mapped onto distributed RAM because of timing constraints  
The instance canvas_fb/memory_reg_r2_42496_42623_0_0 is implemented as distributed LUT RAM for the following reason: The timing constraints suggest that the chosen mapping will yield a better timing.
Related violations: <none>

SYNTH-5#897 Warning
Mapped onto distributed RAM because of timing constraints  
The instance canvas_fb/memory_reg_r2_42624_42751_0_0 is implemented as distributed LUT RAM for the following reason: The timing constraints suggest that the chosen mapping will yield a better timing.
Related violations: <none>

SYNTH-5#898 Warning
Mapped onto distributed RAM because of timing constraints  
The instance canvas_fb/memory_reg_r2_42752_42879_0_0 is implemented as distributed LUT RAM for the following reason: The timing constraints suggest that the chosen mapping will yield a better timing.
Related violations: <none>

SYNTH-5#899 Warning
Mapped onto distributed RAM because of timing constraints  
The instance canvas_fb/memory_reg_r2_42880_43007_0_0 is implemented as distributed LUT RAM for the following reason: The timing constraints suggest that the chosen mapping will yield a better timing.
Related violations: <none>

SYNTH-5#900 Warning
Mapped onto distributed RAM because of timing constraints  
The instance canvas_fb/memory_reg_r2_43008_43135_0_0 is implemented as distributed LUT RAM for the following reason: The timing constraints suggest that the chosen mapping will yield a better timing.
Related violations: <none>

SYNTH-5#901 Warning
Mapped onto distributed RAM because of timing constraints  
The instance canvas_fb/memory_reg_r2_43136_43263_0_0 is implemented as distributed LUT RAM for the following reason: The timing constraints suggest that the chosen mapping will yield a better timing.
Related violations: <none>

SYNTH-5#902 Warning
Mapped onto distributed RAM because of timing constraints  
The instance canvas_fb/memory_reg_r2_43264_43391_0_0 is implemented as distributed LUT RAM for the following reason: The timing constraints suggest that the chosen mapping will yield a better timing.
Related violations: <none>

SYNTH-5#903 Warning
Mapped onto distributed RAM because of timing constraints  
The instance canvas_fb/memory_reg_r2_43392_43519_0_0 is implemented as distributed LUT RAM for the following reason: The timing constraints suggest that the chosen mapping will yield a better timing.
Related violations: <none>

SYNTH-5#904 Warning
Mapped onto distributed RAM because of timing constraints  
The instance canvas_fb/memory_reg_r2_43520_43647_0_0 is implemented as distributed LUT RAM for the following reason: The timing constraints suggest that the chosen mapping will yield a better timing.
Related violations: <none>

SYNTH-5#905 Warning
Mapped onto distributed RAM because of timing constraints  
The instance canvas_fb/memory_reg_r2_4352_4479_0_0 is implemented as distributed LUT RAM for the following reason: The timing constraints suggest that the chosen mapping will yield a better timing.
Related violations: <none>

SYNTH-5#906 Warning
Mapped onto distributed RAM because of timing constraints  
The instance canvas_fb/memory_reg_r2_43648_43775_0_0 is implemented as distributed LUT RAM for the following reason: The timing constraints suggest that the chosen mapping will yield a better timing.
Related violations: <none>

SYNTH-5#907 Warning
Mapped onto distributed RAM because of timing constraints  
The instance canvas_fb/memory_reg_r2_43776_43903_0_0 is implemented as distributed LUT RAM for the following reason: The timing constraints suggest that the chosen mapping will yield a better timing.
Related violations: <none>

SYNTH-5#908 Warning
Mapped onto distributed RAM because of timing constraints  
The instance canvas_fb/memory_reg_r2_43904_44031_0_0 is implemented as distributed LUT RAM for the following reason: The timing constraints suggest that the chosen mapping will yield a better timing.
Related violations: <none>

SYNTH-5#909 Warning
Mapped onto distributed RAM because of timing constraints  
The instance canvas_fb/memory_reg_r2_44032_44159_0_0 is implemented as distributed LUT RAM for the following reason: The timing constraints suggest that the chosen mapping will yield a better timing.
Related violations: <none>

SYNTH-5#910 Warning
Mapped onto distributed RAM because of timing constraints  
The instance canvas_fb/memory_reg_r2_44160_44287_0_0 is implemented as distributed LUT RAM for the following reason: The timing constraints suggest that the chosen mapping will yield a better timing.
Related violations: <none>

SYNTH-5#911 Warning
Mapped onto distributed RAM because of timing constraints  
The instance canvas_fb/memory_reg_r2_44288_44415_0_0 is implemented as distributed LUT RAM for the following reason: The timing constraints suggest that the chosen mapping will yield a better timing.
Related violations: <none>

SYNTH-5#912 Warning
Mapped onto distributed RAM because of timing constraints  
The instance canvas_fb/memory_reg_r2_44416_44543_0_0 is implemented as distributed LUT RAM for the following reason: The timing constraints suggest that the chosen mapping will yield a better timing.
Related violations: <none>

SYNTH-5#913 Warning
Mapped onto distributed RAM because of timing constraints  
The instance canvas_fb/memory_reg_r2_44544_44671_0_0 is implemented as distributed LUT RAM for the following reason: The timing constraints suggest that the chosen mapping will yield a better timing.
Related violations: <none>

SYNTH-5#914 Warning
Mapped onto distributed RAM because of timing constraints  
The instance canvas_fb/memory_reg_r2_44672_44799_0_0 is implemented as distributed LUT RAM for the following reason: The timing constraints suggest that the chosen mapping will yield a better timing.
Related violations: <none>

SYNTH-5#915 Warning
Mapped onto distributed RAM because of timing constraints  
The instance canvas_fb/memory_reg_r2_44800_44927_0_0 is implemented as distributed LUT RAM for the following reason: The timing constraints suggest that the chosen mapping will yield a better timing.
Related violations: <none>

SYNTH-5#916 Warning
Mapped onto distributed RAM because of timing constraints  
The instance canvas_fb/memory_reg_r2_4480_4607_0_0 is implemented as distributed LUT RAM for the following reason: The timing constraints suggest that the chosen mapping will yield a better timing.
Related violations: <none>

SYNTH-5#917 Warning
Mapped onto distributed RAM because of timing constraints  
The instance canvas_fb/memory_reg_r2_44928_45055_0_0 is implemented as distributed LUT RAM for the following reason: The timing constraints suggest that the chosen mapping will yield a better timing.
Related violations: <none>

SYNTH-5#918 Warning
Mapped onto distributed RAM because of timing constraints  
The instance canvas_fb/memory_reg_r2_45056_45183_0_0 is implemented as distributed LUT RAM for the following reason: The timing constraints suggest that the chosen mapping will yield a better timing.
Related violations: <none>

SYNTH-5#919 Warning
Mapped onto distributed RAM because of timing constraints  
The instance canvas_fb/memory_reg_r2_45184_45311_0_0 is implemented as distributed LUT RAM for the following reason: The timing constraints suggest that the chosen mapping will yield a better timing.
Related violations: <none>

SYNTH-5#920 Warning
Mapped onto distributed RAM because of timing constraints  
The instance canvas_fb/memory_reg_r2_45312_45439_0_0 is implemented as distributed LUT RAM for the following reason: The timing constraints suggest that the chosen mapping will yield a better timing.
Related violations: <none>

SYNTH-5#921 Warning
Mapped onto distributed RAM because of timing constraints  
The instance canvas_fb/memory_reg_r2_45440_45567_0_0 is implemented as distributed LUT RAM for the following reason: The timing constraints suggest that the chosen mapping will yield a better timing.
Related violations: <none>

SYNTH-5#922 Warning
Mapped onto distributed RAM because of timing constraints  
The instance canvas_fb/memory_reg_r2_45568_45695_0_0 is implemented as distributed LUT RAM for the following reason: The timing constraints suggest that the chosen mapping will yield a better timing.
Related violations: <none>

SYNTH-5#923 Warning
Mapped onto distributed RAM because of timing constraints  
The instance canvas_fb/memory_reg_r2_45696_45823_0_0 is implemented as distributed LUT RAM for the following reason: The timing constraints suggest that the chosen mapping will yield a better timing.
Related violations: <none>

SYNTH-5#924 Warning
Mapped onto distributed RAM because of timing constraints  
The instance canvas_fb/memory_reg_r2_45824_45951_0_0 is implemented as distributed LUT RAM for the following reason: The timing constraints suggest that the chosen mapping will yield a better timing.
Related violations: <none>

SYNTH-5#925 Warning
Mapped onto distributed RAM because of timing constraints  
The instance canvas_fb/memory_reg_r2_45952_46079_0_0 is implemented as distributed LUT RAM for the following reason: The timing constraints suggest that the chosen mapping will yield a better timing.
Related violations: <none>

SYNTH-5#926 Warning
Mapped onto distributed RAM because of timing constraints  
The instance canvas_fb/memory_reg_r2_46080_46207_0_0 is implemented as distributed LUT RAM for the following reason: The timing constraints suggest that the chosen mapping will yield a better timing.
Related violations: <none>

SYNTH-5#927 Warning
Mapped onto distributed RAM because of timing constraints  
The instance canvas_fb/memory_reg_r2_4608_4735_0_0 is implemented as distributed LUT RAM for the following reason: The timing constraints suggest that the chosen mapping will yield a better timing.
Related violations: <none>

SYNTH-5#928 Warning
Mapped onto distributed RAM because of timing constraints  
The instance canvas_fb/memory_reg_r2_46208_46335_0_0 is implemented as distributed LUT RAM for the following reason: The timing constraints suggest that the chosen mapping will yield a better timing.
Related violations: <none>

SYNTH-5#929 Warning
Mapped onto distributed RAM because of timing constraints  
The instance canvas_fb/memory_reg_r2_46336_46463_0_0 is implemented as distributed LUT RAM for the following reason: The timing constraints suggest that the chosen mapping will yield a better timing.
Related violations: <none>

SYNTH-5#930 Warning
Mapped onto distributed RAM because of timing constraints  
The instance canvas_fb/memory_reg_r2_46464_46591_0_0 is implemented as distributed LUT RAM for the following reason: The timing constraints suggest that the chosen mapping will yield a better timing.
Related violations: <none>

SYNTH-5#931 Warning
Mapped onto distributed RAM because of timing constraints  
The instance canvas_fb/memory_reg_r2_46592_46719_0_0 is implemented as distributed LUT RAM for the following reason: The timing constraints suggest that the chosen mapping will yield a better timing.
Related violations: <none>

SYNTH-5#932 Warning
Mapped onto distributed RAM because of timing constraints  
The instance canvas_fb/memory_reg_r2_46720_46847_0_0 is implemented as distributed LUT RAM for the following reason: The timing constraints suggest that the chosen mapping will yield a better timing.
Related violations: <none>

SYNTH-5#933 Warning
Mapped onto distributed RAM because of timing constraints  
The instance canvas_fb/memory_reg_r2_46848_46975_0_0 is implemented as distributed LUT RAM for the following reason: The timing constraints suggest that the chosen mapping will yield a better timing.
Related violations: <none>

SYNTH-5#934 Warning
Mapped onto distributed RAM because of timing constraints  
The instance canvas_fb/memory_reg_r2_46976_47103_0_0 is implemented as distributed LUT RAM for the following reason: The timing constraints suggest that the chosen mapping will yield a better timing.
Related violations: <none>

SYNTH-5#935 Warning
Mapped onto distributed RAM because of timing constraints  
The instance canvas_fb/memory_reg_r2_47104_47231_0_0 is implemented as distributed LUT RAM for the following reason: The timing constraints suggest that the chosen mapping will yield a better timing.
Related violations: <none>

SYNTH-5#936 Warning
Mapped onto distributed RAM because of timing constraints  
The instance canvas_fb/memory_reg_r2_47232_47359_0_0 is implemented as distributed LUT RAM for the following reason: The timing constraints suggest that the chosen mapping will yield a better timing.
Related violations: <none>

SYNTH-5#937 Warning
Mapped onto distributed RAM because of timing constraints  
The instance canvas_fb/memory_reg_r2_47360_47487_0_0 is implemented as distributed LUT RAM for the following reason: The timing constraints suggest that the chosen mapping will yield a better timing.
Related violations: <none>

SYNTH-5#938 Warning
Mapped onto distributed RAM because of timing constraints  
The instance canvas_fb/memory_reg_r2_4736_4863_0_0 is implemented as distributed LUT RAM for the following reason: The timing constraints suggest that the chosen mapping will yield a better timing.
Related violations: <none>

SYNTH-5#939 Warning
Mapped onto distributed RAM because of timing constraints  
The instance canvas_fb/memory_reg_r2_47488_47615_0_0 is implemented as distributed LUT RAM for the following reason: The timing constraints suggest that the chosen mapping will yield a better timing.
Related violations: <none>

SYNTH-5#940 Warning
Mapped onto distributed RAM because of timing constraints  
The instance canvas_fb/memory_reg_r2_47616_47743_0_0 is implemented as distributed LUT RAM for the following reason: The timing constraints suggest that the chosen mapping will yield a better timing.
Related violations: <none>

SYNTH-5#941 Warning
Mapped onto distributed RAM because of timing constraints  
The instance canvas_fb/memory_reg_r2_47744_47871_0_0 is implemented as distributed LUT RAM for the following reason: The timing constraints suggest that the chosen mapping will yield a better timing.
Related violations: <none>

SYNTH-5#942 Warning
Mapped onto distributed RAM because of timing constraints  
The instance canvas_fb/memory_reg_r2_47872_47999_0_0 is implemented as distributed LUT RAM for the following reason: The timing constraints suggest that the chosen mapping will yield a better timing.
Related violations: <none>

SYNTH-5#943 Warning
Mapped onto distributed RAM because of timing constraints  
The instance canvas_fb/memory_reg_r2_48000_48127_0_0 is implemented as distributed LUT RAM for the following reason: The timing constraints suggest that the chosen mapping will yield a better timing.
Related violations: <none>

SYNTH-5#944 Warning
Mapped onto distributed RAM because of timing constraints  
The instance canvas_fb/memory_reg_r2_48128_48255_0_0 is implemented as distributed LUT RAM for the following reason: The timing constraints suggest that the chosen mapping will yield a better timing.
Related violations: <none>

SYNTH-5#945 Warning
Mapped onto distributed RAM because of timing constraints  
The instance canvas_fb/memory_reg_r2_48256_48383_0_0 is implemented as distributed LUT RAM for the following reason: The timing constraints suggest that the chosen mapping will yield a better timing.
Related violations: <none>

SYNTH-5#946 Warning
Mapped onto distributed RAM because of timing constraints  
The instance canvas_fb/memory_reg_r2_48384_48511_0_0 is implemented as distributed LUT RAM for the following reason: The timing constraints suggest that the chosen mapping will yield a better timing.
Related violations: <none>

SYNTH-5#947 Warning
Mapped onto distributed RAM because of timing constraints  
The instance canvas_fb/memory_reg_r2_48512_48639_0_0 is implemented as distributed LUT RAM for the following reason: The timing constraints suggest that the chosen mapping will yield a better timing.
Related violations: <none>

SYNTH-5#948 Warning
Mapped onto distributed RAM because of timing constraints  
The instance canvas_fb/memory_reg_r2_48640_48767_0_0 is implemented as distributed LUT RAM for the following reason: The timing constraints suggest that the chosen mapping will yield a better timing.
Related violations: <none>

SYNTH-5#949 Warning
Mapped onto distributed RAM because of timing constraints  
The instance canvas_fb/memory_reg_r2_4864_4991_0_0 is implemented as distributed LUT RAM for the following reason: The timing constraints suggest that the chosen mapping will yield a better timing.
Related violations: <none>

SYNTH-5#950 Warning
Mapped onto distributed RAM because of timing constraints  
The instance canvas_fb/memory_reg_r2_48768_48895_0_0 is implemented as distributed LUT RAM for the following reason: The timing constraints suggest that the chosen mapping will yield a better timing.
Related violations: <none>

SYNTH-5#951 Warning
Mapped onto distributed RAM because of timing constraints  
The instance canvas_fb/memory_reg_r2_48896_49023_0_0 is implemented as distributed LUT RAM for the following reason: The timing constraints suggest that the chosen mapping will yield a better timing.
Related violations: <none>

SYNTH-5#952 Warning
Mapped onto distributed RAM because of timing constraints  
The instance canvas_fb/memory_reg_r2_49024_49151_0_0 is implemented as distributed LUT RAM for the following reason: The timing constraints suggest that the chosen mapping will yield a better timing.
Related violations: <none>

SYNTH-5#953 Warning
Mapped onto distributed RAM because of timing constraints  
The instance canvas_fb/memory_reg_r2_49152_49279_0_0 is implemented as distributed LUT RAM for the following reason: The timing constraints suggest that the chosen mapping will yield a better timing.
Related violations: <none>

SYNTH-5#954 Warning
Mapped onto distributed RAM because of timing constraints  
The instance canvas_fb/memory_reg_r2_49280_49407_0_0 is implemented as distributed LUT RAM for the following reason: The timing constraints suggest that the chosen mapping will yield a better timing.
Related violations: <none>

SYNTH-5#955 Warning
Mapped onto distributed RAM because of timing constraints  
The instance canvas_fb/memory_reg_r2_49408_49535_0_0 is implemented as distributed LUT RAM for the following reason: The timing constraints suggest that the chosen mapping will yield a better timing.
Related violations: <none>

SYNTH-5#956 Warning
Mapped onto distributed RAM because of timing constraints  
The instance canvas_fb/memory_reg_r2_49536_49663_0_0 is implemented as distributed LUT RAM for the following reason: The timing constraints suggest that the chosen mapping will yield a better timing.
Related violations: <none>

SYNTH-5#957 Warning
Mapped onto distributed RAM because of timing constraints  
The instance canvas_fb/memory_reg_r2_49664_49791_0_0 is implemented as distributed LUT RAM for the following reason: The timing constraints suggest that the chosen mapping will yield a better timing.
Related violations: <none>

SYNTH-5#958 Warning
Mapped onto distributed RAM because of timing constraints  
The instance canvas_fb/memory_reg_r2_49792_49919_0_0 is implemented as distributed LUT RAM for the following reason: The timing constraints suggest that the chosen mapping will yield a better timing.
Related violations: <none>

SYNTH-5#959 Warning
Mapped onto distributed RAM because of timing constraints  
The instance canvas_fb/memory_reg_r2_49920_50047_0_0 is implemented as distributed LUT RAM for the following reason: The timing constraints suggest that the chosen mapping will yield a better timing.
Related violations: <none>

SYNTH-5#960 Warning
Mapped onto distributed RAM because of timing constraints  
The instance canvas_fb/memory_reg_r2_4992_5119_0_0 is implemented as distributed LUT RAM for the following reason: The timing constraints suggest that the chosen mapping will yield a better timing.
Related violations: <none>

SYNTH-5#961 Warning
Mapped onto distributed RAM because of timing constraints  
The instance canvas_fb/memory_reg_r2_50048_50175_0_0 is implemented as distributed LUT RAM for the following reason: The timing constraints suggest that the chosen mapping will yield a better timing.
Related violations: <none>

SYNTH-5#962 Warning
Mapped onto distributed RAM because of timing constraints  
The instance canvas_fb/memory_reg_r2_50176_50303_0_0 is implemented as distributed LUT RAM for the following reason: The timing constraints suggest that the chosen mapping will yield a better timing.
Related violations: <none>

SYNTH-5#963 Warning
Mapped onto distributed RAM because of timing constraints  
The instance canvas_fb/memory_reg_r2_50304_50431_0_0 is implemented as distributed LUT RAM for the following reason: The timing constraints suggest that the chosen mapping will yield a better timing.
Related violations: <none>

SYNTH-5#964 Warning
Mapped onto distributed RAM because of timing constraints  
The instance canvas_fb/memory_reg_r2_50432_50559_0_0 is implemented as distributed LUT RAM for the following reason: The timing constraints suggest that the chosen mapping will yield a better timing.
Related violations: <none>

SYNTH-5#965 Warning
Mapped onto distributed RAM because of timing constraints  
The instance canvas_fb/memory_reg_r2_50560_50687_0_0 is implemented as distributed LUT RAM for the following reason: The timing constraints suggest that the chosen mapping will yield a better timing.
Related violations: <none>

SYNTH-5#966 Warning
Mapped onto distributed RAM because of timing constraints  
The instance canvas_fb/memory_reg_r2_50688_50815_0_0 is implemented as distributed LUT RAM for the following reason: The timing constraints suggest that the chosen mapping will yield a better timing.
Related violations: <none>

SYNTH-5#967 Warning
Mapped onto distributed RAM because of timing constraints  
The instance canvas_fb/memory_reg_r2_50816_50943_0_0 is implemented as distributed LUT RAM for the following reason: The timing constraints suggest that the chosen mapping will yield a better timing.
Related violations: <none>

SYNTH-5#968 Warning
Mapped onto distributed RAM because of timing constraints  
The instance canvas_fb/memory_reg_r2_50944_51071_0_0 is implemented as distributed LUT RAM for the following reason: The timing constraints suggest that the chosen mapping will yield a better timing.
Related violations: <none>

SYNTH-5#969 Warning
Mapped onto distributed RAM because of timing constraints  
The instance canvas_fb/memory_reg_r2_51072_51199_0_0 is implemented as distributed LUT RAM for the following reason: The timing constraints suggest that the chosen mapping will yield a better timing.
Related violations: <none>

SYNTH-5#970 Warning
Mapped onto distributed RAM because of timing constraints  
The instance canvas_fb/memory_reg_r2_51200_51327_0_0 is implemented as distributed LUT RAM for the following reason: The timing constraints suggest that the chosen mapping will yield a better timing.
Related violations: <none>

SYNTH-5#971 Warning
Mapped onto distributed RAM because of timing constraints  
The instance canvas_fb/memory_reg_r2_5120_5247_0_0 is implemented as distributed LUT RAM for the following reason: The timing constraints suggest that the chosen mapping will yield a better timing.
Related violations: <none>

SYNTH-5#972 Warning
Mapped onto distributed RAM because of timing constraints  
The instance canvas_fb/memory_reg_r2_512_639_0_0 is implemented as distributed LUT RAM for the following reason: The timing constraints suggest that the chosen mapping will yield a better timing.
Related violations: <none>

SYNTH-5#973 Warning
Mapped onto distributed RAM because of timing constraints  
The instance canvas_fb/memory_reg_r2_51328_51455_0_0 is implemented as distributed LUT RAM for the following reason: The timing constraints suggest that the chosen mapping will yield a better timing.
Related violations: <none>

SYNTH-5#974 Warning
Mapped onto distributed RAM because of timing constraints  
The instance canvas_fb/memory_reg_r2_51456_51583_0_0 is implemented as distributed LUT RAM for the following reason: The timing constraints suggest that the chosen mapping will yield a better timing.
Related violations: <none>

SYNTH-5#975 Warning
Mapped onto distributed RAM because of timing constraints  
The instance canvas_fb/memory_reg_r2_51584_51711_0_0 is implemented as distributed LUT RAM for the following reason: The timing constraints suggest that the chosen mapping will yield a better timing.
Related violations: <none>

SYNTH-5#976 Warning
Mapped onto distributed RAM because of timing constraints  
The instance canvas_fb/memory_reg_r2_51712_51839_0_0 is implemented as distributed LUT RAM for the following reason: The timing constraints suggest that the chosen mapping will yield a better timing.
Related violations: <none>

SYNTH-5#977 Warning
Mapped onto distributed RAM because of timing constraints  
The instance canvas_fb/memory_reg_r2_51840_51967_0_0 is implemented as distributed LUT RAM for the following reason: The timing constraints suggest that the chosen mapping will yield a better timing.
Related violations: <none>

SYNTH-5#978 Warning
Mapped onto distributed RAM because of timing constraints  
The instance canvas_fb/memory_reg_r2_51968_52095_0_0 is implemented as distributed LUT RAM for the following reason: The timing constraints suggest that the chosen mapping will yield a better timing.
Related violations: <none>

SYNTH-5#979 Warning
Mapped onto distributed RAM because of timing constraints  
The instance canvas_fb/memory_reg_r2_52096_52223_0_0 is implemented as distributed LUT RAM for the following reason: The timing constraints suggest that the chosen mapping will yield a better timing.
Related violations: <none>

SYNTH-5#980 Warning
Mapped onto distributed RAM because of timing constraints  
The instance canvas_fb/memory_reg_r2_52224_52351_0_0 is implemented as distributed LUT RAM for the following reason: The timing constraints suggest that the chosen mapping will yield a better timing.
Related violations: <none>

SYNTH-5#981 Warning
Mapped onto distributed RAM because of timing constraints  
The instance canvas_fb/memory_reg_r2_52352_52479_0_0 is implemented as distributed LUT RAM for the following reason: The timing constraints suggest that the chosen mapping will yield a better timing.
Related violations: <none>

SYNTH-5#982 Warning
Mapped onto distributed RAM because of timing constraints  
The instance canvas_fb/memory_reg_r2_52480_52607_0_0 is implemented as distributed LUT RAM for the following reason: The timing constraints suggest that the chosen mapping will yield a better timing.
Related violations: <none>

SYNTH-5#983 Warning
Mapped onto distributed RAM because of timing constraints  
The instance canvas_fb/memory_reg_r2_5248_5375_0_0 is implemented as distributed LUT RAM for the following reason: The timing constraints suggest that the chosen mapping will yield a better timing.
Related violations: <none>

SYNTH-5#984 Warning
Mapped onto distributed RAM because of timing constraints  
The instance canvas_fb/memory_reg_r2_52608_52735_0_0 is implemented as distributed LUT RAM for the following reason: The timing constraints suggest that the chosen mapping will yield a better timing.
Related violations: <none>

SYNTH-5#985 Warning
Mapped onto distributed RAM because of timing constraints  
The instance canvas_fb/memory_reg_r2_52736_52863_0_0 is implemented as distributed LUT RAM for the following reason: The timing constraints suggest that the chosen mapping will yield a better timing.
Related violations: <none>

SYNTH-5#986 Warning
Mapped onto distributed RAM because of timing constraints  
The instance canvas_fb/memory_reg_r2_52864_52991_0_0 is implemented as distributed LUT RAM for the following reason: The timing constraints suggest that the chosen mapping will yield a better timing.
Related violations: <none>

SYNTH-5#987 Warning
Mapped onto distributed RAM because of timing constraints  
The instance canvas_fb/memory_reg_r2_52992_53119_0_0 is implemented as distributed LUT RAM for the following reason: The timing constraints suggest that the chosen mapping will yield a better timing.
Related violations: <none>

SYNTH-5#988 Warning
Mapped onto distributed RAM because of timing constraints  
The instance canvas_fb/memory_reg_r2_53120_53247_0_0 is implemented as distributed LUT RAM for the following reason: The timing constraints suggest that the chosen mapping will yield a better timing.
Related violations: <none>

SYNTH-5#989 Warning
Mapped onto distributed RAM because of timing constraints  
The instance canvas_fb/memory_reg_r2_53248_53375_0_0 is implemented as distributed LUT RAM for the following reason: The timing constraints suggest that the chosen mapping will yield a better timing.
Related violations: <none>

SYNTH-5#990 Warning
Mapped onto distributed RAM because of timing constraints  
The instance canvas_fb/memory_reg_r2_53376_53503_0_0 is implemented as distributed LUT RAM for the following reason: The timing constraints suggest that the chosen mapping will yield a better timing.
Related violations: <none>

SYNTH-5#991 Warning
Mapped onto distributed RAM because of timing constraints  
The instance canvas_fb/memory_reg_r2_53504_53631_0_0 is implemented as distributed LUT RAM for the following reason: The timing constraints suggest that the chosen mapping will yield a better timing.
Related violations: <none>

SYNTH-5#992 Warning
Mapped onto distributed RAM because of timing constraints  
The instance canvas_fb/memory_reg_r2_53632_53759_0_0 is implemented as distributed LUT RAM for the following reason: The timing constraints suggest that the chosen mapping will yield a better timing.
Related violations: <none>

SYNTH-5#993 Warning
Mapped onto distributed RAM because of timing constraints  
The instance canvas_fb/memory_reg_r2_53760_53887_0_0 is implemented as distributed LUT RAM for the following reason: The timing constraints suggest that the chosen mapping will yield a better timing.
Related violations: <none>

SYNTH-5#994 Warning
Mapped onto distributed RAM because of timing constraints  
The instance canvas_fb/memory_reg_r2_5376_5503_0_0 is implemented as distributed LUT RAM for the following reason: The timing constraints suggest that the chosen mapping will yield a better timing.
Related violations: <none>

SYNTH-5#995 Warning
Mapped onto distributed RAM because of timing constraints  
The instance canvas_fb/memory_reg_r2_53888_54015_0_0 is implemented as distributed LUT RAM for the following reason: The timing constraints suggest that the chosen mapping will yield a better timing.
Related violations: <none>

SYNTH-5#996 Warning
Mapped onto distributed RAM because of timing constraints  
The instance canvas_fb/memory_reg_r2_54016_54143_0_0 is implemented as distributed LUT RAM for the following reason: The timing constraints suggest that the chosen mapping will yield a better timing.
Related violations: <none>

SYNTH-5#997 Warning
Mapped onto distributed RAM because of timing constraints  
The instance canvas_fb/memory_reg_r2_54144_54271_0_0 is implemented as distributed LUT RAM for the following reason: The timing constraints suggest that the chosen mapping will yield a better timing.
Related violations: <none>

SYNTH-5#998 Warning
Mapped onto distributed RAM because of timing constraints  
The instance canvas_fb/memory_reg_r2_54272_54399_0_0 is implemented as distributed LUT RAM for the following reason: The timing constraints suggest that the chosen mapping will yield a better timing.
Related violations: <none>

SYNTH-5#999 Warning
Mapped onto distributed RAM because of timing constraints  
The instance canvas_fb/memory_reg_r2_54400_54527_0_0 is implemented as distributed LUT RAM for the following reason: The timing constraints suggest that the chosen mapping will yield a better timing.
Related violations: <none>

SYNTH-5#1000 Warning
Mapped onto distributed RAM because of timing constraints  
The instance canvas_fb/memory_reg_r2_54528_54655_0_0 is implemented as distributed LUT RAM for the following reason: The timing constraints suggest that the chosen mapping will yield a better timing.
Related violations: <none>

SYNTH-5#1001 Warning
Mapped onto distributed RAM because of timing constraints  
The instance canvas_fb/memory_reg_r2_54656_54783_0_0 is implemented as distributed LUT RAM for the following reason: The timing constraints suggest that the chosen mapping will yield a better timing.
Related violations: <none>

SYNTH-5#1002 Warning
Mapped onto distributed RAM because of timing constraints  
The instance canvas_fb/memory_reg_r2_54784_54911_0_0 is implemented as distributed LUT RAM for the following reason: The timing constraints suggest that the chosen mapping will yield a better timing.
Related violations: <none>

SYNTH-5#1003 Warning
Mapped onto distributed RAM because of timing constraints  
The instance canvas_fb/memory_reg_r2_54912_55039_0_0 is implemented as distributed LUT RAM for the following reason: The timing constraints suggest that the chosen mapping will yield a better timing.
Related violations: <none>

SYNTH-5#1004 Warning
Mapped onto distributed RAM because of timing constraints  
The instance canvas_fb/memory_reg_r2_55040_55167_0_0 is implemented as distributed LUT RAM for the following reason: The timing constraints suggest that the chosen mapping will yield a better timing.
Related violations: <none>

SYNTH-5#1005 Warning
Mapped onto distributed RAM because of timing constraints  
The instance canvas_fb/memory_reg_r2_5504_5631_0_0 is implemented as distributed LUT RAM for the following reason: The timing constraints suggest that the chosen mapping will yield a better timing.
Related violations: <none>

SYNTH-5#1006 Warning
Mapped onto distributed RAM because of timing constraints  
The instance canvas_fb/memory_reg_r2_55168_55295_0_0 is implemented as distributed LUT RAM for the following reason: The timing constraints suggest that the chosen mapping will yield a better timing.
Related violations: <none>

SYNTH-5#1007 Warning
Mapped onto distributed RAM because of timing constraints  
The instance canvas_fb/memory_reg_r2_55296_55423_0_0 is implemented as distributed LUT RAM for the following reason: The timing constraints suggest that the chosen mapping will yield a better timing.
Related violations: <none>

SYNTH-5#1008 Warning
Mapped onto distributed RAM because of timing constraints  
The instance canvas_fb/memory_reg_r2_55424_55551_0_0 is implemented as distributed LUT RAM for the following reason: The timing constraints suggest that the chosen mapping will yield a better timing.
Related violations: <none>

SYNTH-5#1009 Warning
Mapped onto distributed RAM because of timing constraints  
The instance canvas_fb/memory_reg_r2_55552_55679_0_0 is implemented as distributed LUT RAM for the following reason: The timing constraints suggest that the chosen mapping will yield a better timing.
Related violations: <none>

SYNTH-5#1010 Warning
Mapped onto distributed RAM because of timing constraints  
The instance canvas_fb/memory_reg_r2_55680_55807_0_0 is implemented as distributed LUT RAM for the following reason: The timing constraints suggest that the chosen mapping will yield a better timing.
Related violations: <none>

SYNTH-5#1011 Warning
Mapped onto distributed RAM because of timing constraints  
The instance canvas_fb/memory_reg_r2_55808_55935_0_0 is implemented as distributed LUT RAM for the following reason: The timing constraints suggest that the chosen mapping will yield a better timing.
Related violations: <none>

SYNTH-5#1012 Warning
Mapped onto distributed RAM because of timing constraints  
The instance canvas_fb/memory_reg_r2_55936_56063_0_0 is implemented as distributed LUT RAM for the following reason: The timing constraints suggest that the chosen mapping will yield a better timing.
Related violations: <none>

SYNTH-5#1013 Warning
Mapped onto distributed RAM because of timing constraints  
The instance canvas_fb/memory_reg_r2_56064_56191_0_0 is implemented as distributed LUT RAM for the following reason: The timing constraints suggest that the chosen mapping will yield a better timing.
Related violations: <none>

SYNTH-5#1014 Warning
Mapped onto distributed RAM because of timing constraints  
The instance canvas_fb/memory_reg_r2_56192_56319_0_0 is implemented as distributed LUT RAM for the following reason: The timing constraints suggest that the chosen mapping will yield a better timing.
Related violations: <none>

SYNTH-5#1015 Warning
Mapped onto distributed RAM because of timing constraints  
The instance canvas_fb/memory_reg_r2_56320_56447_0_0 is implemented as distributed LUT RAM for the following reason: The timing constraints suggest that the chosen mapping will yield a better timing.
Related violations: <none>

SYNTH-5#1016 Warning
Mapped onto distributed RAM because of timing constraints  
The instance canvas_fb/memory_reg_r2_5632_5759_0_0 is implemented as distributed LUT RAM for the following reason: The timing constraints suggest that the chosen mapping will yield a better timing.
Related violations: <none>

SYNTH-5#1017 Warning
Mapped onto distributed RAM because of timing constraints  
The instance canvas_fb/memory_reg_r2_56448_56575_0_0 is implemented as distributed LUT RAM for the following reason: The timing constraints suggest that the chosen mapping will yield a better timing.
Related violations: <none>

SYNTH-5#1018 Warning
Mapped onto distributed RAM because of timing constraints  
The instance canvas_fb/memory_reg_r2_56576_56703_0_0 is implemented as distributed LUT RAM for the following reason: The timing constraints suggest that the chosen mapping will yield a better timing.
Related violations: <none>

SYNTH-5#1019 Warning
Mapped onto distributed RAM because of timing constraints  
The instance canvas_fb/memory_reg_r2_56704_56831_0_0 is implemented as distributed LUT RAM for the following reason: The timing constraints suggest that the chosen mapping will yield a better timing.
Related violations: <none>

SYNTH-5#1020 Warning
Mapped onto distributed RAM because of timing constraints  
The instance canvas_fb/memory_reg_r2_56832_56959_0_0 is implemented as distributed LUT RAM for the following reason: The timing constraints suggest that the chosen mapping will yield a better timing.
Related violations: <none>

SYNTH-5#1021 Warning
Mapped onto distributed RAM because of timing constraints  
The instance canvas_fb/memory_reg_r2_56960_57087_0_0 is implemented as distributed LUT RAM for the following reason: The timing constraints suggest that the chosen mapping will yield a better timing.
Related violations: <none>

SYNTH-5#1022 Warning
Mapped onto distributed RAM because of timing constraints  
The instance canvas_fb/memory_reg_r2_57088_57215_0_0 is implemented as distributed LUT RAM for the following reason: The timing constraints suggest that the chosen mapping will yield a better timing.
Related violations: <none>

SYNTH-5#1023 Warning
Mapped onto distributed RAM because of timing constraints  
The instance canvas_fb/memory_reg_r2_57216_57343_0_0 is implemented as distributed LUT RAM for the following reason: The timing constraints suggest that the chosen mapping will yield a better timing.
Related violations: <none>

SYNTH-5#1024 Warning
Mapped onto distributed RAM because of timing constraints  
The instance canvas_fb/memory_reg_r2_57344_57471_0_0 is implemented as distributed LUT RAM for the following reason: The timing constraints suggest that the chosen mapping will yield a better timing.
Related violations: <none>

SYNTH-5#1025 Warning
Mapped onto distributed RAM because of timing constraints  
The instance canvas_fb/memory_reg_r2_57472_57599_0_0 is implemented as distributed LUT RAM for the following reason: The timing constraints suggest that the chosen mapping will yield a better timing.
Related violations: <none>

SYNTH-5#1026 Warning
Mapped onto distributed RAM because of timing constraints  
The instance canvas_fb/memory_reg_r2_57600_57727_0_0 is implemented as distributed LUT RAM for the following reason: The timing constraints suggest that the chosen mapping will yield a better timing.
Related violations: <none>

SYNTH-5#1027 Warning
Mapped onto distributed RAM because of timing constraints  
The instance canvas_fb/memory_reg_r2_5760_5887_0_0 is implemented as distributed LUT RAM for the following reason: The timing constraints suggest that the chosen mapping will yield a better timing.
Related violations: <none>

SYNTH-5#1028 Warning
Mapped onto distributed RAM because of timing constraints  
The instance canvas_fb/memory_reg_r2_57728_57855_0_0 is implemented as distributed LUT RAM for the following reason: The timing constraints suggest that the chosen mapping will yield a better timing.
Related violations: <none>

SYNTH-5#1029 Warning
Mapped onto distributed RAM because of timing constraints  
The instance canvas_fb/memory_reg_r2_57856_57983_0_0 is implemented as distributed LUT RAM for the following reason: The timing constraints suggest that the chosen mapping will yield a better timing.
Related violations: <none>

SYNTH-5#1030 Warning
Mapped onto distributed RAM because of timing constraints  
The instance canvas_fb/memory_reg_r2_57984_58111_0_0 is implemented as distributed LUT RAM for the following reason: The timing constraints suggest that the chosen mapping will yield a better timing.
Related violations: <none>

SYNTH-5#1031 Warning
Mapped onto distributed RAM because of timing constraints  
The instance canvas_fb/memory_reg_r2_58112_58239_0_0 is implemented as distributed LUT RAM for the following reason: The timing constraints suggest that the chosen mapping will yield a better timing.
Related violations: <none>

SYNTH-5#1032 Warning
Mapped onto distributed RAM because of timing constraints  
The instance canvas_fb/memory_reg_r2_58240_58367_0_0 is implemented as distributed LUT RAM for the following reason: The timing constraints suggest that the chosen mapping will yield a better timing.
Related violations: <none>

SYNTH-5#1033 Warning
Mapped onto distributed RAM because of timing constraints  
The instance canvas_fb/memory_reg_r2_58368_58495_0_0 is implemented as distributed LUT RAM for the following reason: The timing constraints suggest that the chosen mapping will yield a better timing.
Related violations: <none>

SYNTH-5#1034 Warning
Mapped onto distributed RAM because of timing constraints  
The instance canvas_fb/memory_reg_r2_58496_58623_0_0 is implemented as distributed LUT RAM for the following reason: The timing constraints suggest that the chosen mapping will yield a better timing.
Related violations: <none>

SYNTH-5#1035 Warning
Mapped onto distributed RAM because of timing constraints  
The instance canvas_fb/memory_reg_r2_58624_58751_0_0 is implemented as distributed LUT RAM for the following reason: The timing constraints suggest that the chosen mapping will yield a better timing.
Related violations: <none>

SYNTH-5#1036 Warning
Mapped onto distributed RAM because of timing constraints  
The instance canvas_fb/memory_reg_r2_58752_58879_0_0 is implemented as distributed LUT RAM for the following reason: The timing constraints suggest that the chosen mapping will yield a better timing.
Related violations: <none>

SYNTH-5#1037 Warning
Mapped onto distributed RAM because of timing constraints  
The instance canvas_fb/memory_reg_r2_58880_59007_0_0 is implemented as distributed LUT RAM for the following reason: The timing constraints suggest that the chosen mapping will yield a better timing.
Related violations: <none>

SYNTH-5#1038 Warning
Mapped onto distributed RAM because of timing constraints  
The instance canvas_fb/memory_reg_r2_5888_6015_0_0 is implemented as distributed LUT RAM for the following reason: The timing constraints suggest that the chosen mapping will yield a better timing.
Related violations: <none>

SYNTH-5#1039 Warning
Mapped onto distributed RAM because of timing constraints  
The instance canvas_fb/memory_reg_r2_59008_59135_0_0 is implemented as distributed LUT RAM for the following reason: The timing constraints suggest that the chosen mapping will yield a better timing.
Related violations: <none>

SYNTH-5#1040 Warning
Mapped onto distributed RAM because of timing constraints  
The instance canvas_fb/memory_reg_r2_59136_59263_0_0 is implemented as distributed LUT RAM for the following reason: The timing constraints suggest that the chosen mapping will yield a better timing.
Related violations: <none>

SYNTH-5#1041 Warning
Mapped onto distributed RAM because of timing constraints  
The instance canvas_fb/memory_reg_r2_59264_59391_0_0 is implemented as distributed LUT RAM for the following reason: The timing constraints suggest that the chosen mapping will yield a better timing.
Related violations: <none>

SYNTH-5#1042 Warning
Mapped onto distributed RAM because of timing constraints  
The instance canvas_fb/memory_reg_r2_59392_59519_0_0 is implemented as distributed LUT RAM for the following reason: The timing constraints suggest that the chosen mapping will yield a better timing.
Related violations: <none>

SYNTH-5#1043 Warning
Mapped onto distributed RAM because of timing constraints  
The instance canvas_fb/memory_reg_r2_59520_59647_0_0 is implemented as distributed LUT RAM for the following reason: The timing constraints suggest that the chosen mapping will yield a better timing.
Related violations: <none>

SYNTH-5#1044 Warning
Mapped onto distributed RAM because of timing constraints  
The instance canvas_fb/memory_reg_r2_59648_59775_0_0 is implemented as distributed LUT RAM for the following reason: The timing constraints suggest that the chosen mapping will yield a better timing.
Related violations: <none>

SYNTH-5#1045 Warning
Mapped onto distributed RAM because of timing constraints  
The instance canvas_fb/memory_reg_r2_59776_59903_0_0 is implemented as distributed LUT RAM for the following reason: The timing constraints suggest that the chosen mapping will yield a better timing.
Related violations: <none>

SYNTH-5#1046 Warning
Mapped onto distributed RAM because of timing constraints  
The instance canvas_fb/memory_reg_r2_59904_60031_0_0 is implemented as distributed LUT RAM for the following reason: The timing constraints suggest that the chosen mapping will yield a better timing.
Related violations: <none>

SYNTH-5#1047 Warning
Mapped onto distributed RAM because of timing constraints  
The instance canvas_fb/memory_reg_r2_60032_60159_0_0 is implemented as distributed LUT RAM for the following reason: The timing constraints suggest that the chosen mapping will yield a better timing.
Related violations: <none>

SYNTH-5#1048 Warning
Mapped onto distributed RAM because of timing constraints  
The instance canvas_fb/memory_reg_r2_60160_60287_0_0 is implemented as distributed LUT RAM for the following reason: The timing constraints suggest that the chosen mapping will yield a better timing.
Related violations: <none>

SYNTH-5#1049 Warning
Mapped onto distributed RAM because of timing constraints  
The instance canvas_fb/memory_reg_r2_6016_6143_0_0 is implemented as distributed LUT RAM for the following reason: The timing constraints suggest that the chosen mapping will yield a better timing.
Related violations: <none>

SYNTH-5#1050 Warning
Mapped onto distributed RAM because of timing constraints  
The instance canvas_fb/memory_reg_r2_60288_60415_0_0 is implemented as distributed LUT RAM for the following reason: The timing constraints suggest that the chosen mapping will yield a better timing.
Related violations: <none>

SYNTH-5#1051 Warning
Mapped onto distributed RAM because of timing constraints  
The instance canvas_fb/memory_reg_r2_60416_60543_0_0 is implemented as distributed LUT RAM for the following reason: The timing constraints suggest that the chosen mapping will yield a better timing.
Related violations: <none>

SYNTH-5#1052 Warning
Mapped onto distributed RAM because of timing constraints  
The instance canvas_fb/memory_reg_r2_60544_60671_0_0 is implemented as distributed LUT RAM for the following reason: The timing constraints suggest that the chosen mapping will yield a better timing.
Related violations: <none>

SYNTH-5#1053 Warning
Mapped onto distributed RAM because of timing constraints  
The instance canvas_fb/memory_reg_r2_60672_60799_0_0 is implemented as distributed LUT RAM for the following reason: The timing constraints suggest that the chosen mapping will yield a better timing.
Related violations: <none>

SYNTH-5#1054 Warning
Mapped onto distributed RAM because of timing constraints  
The instance canvas_fb/memory_reg_r2_60800_60927_0_0 is implemented as distributed LUT RAM for the following reason: The timing constraints suggest that the chosen mapping will yield a better timing.
Related violations: <none>

SYNTH-5#1055 Warning
Mapped onto distributed RAM because of timing constraints  
The instance canvas_fb/memory_reg_r2_60928_61055_0_0 is implemented as distributed LUT RAM for the following reason: The timing constraints suggest that the chosen mapping will yield a better timing.
Related violations: <none>

SYNTH-5#1056 Warning
Mapped onto distributed RAM because of timing constraints  
The instance canvas_fb/memory_reg_r2_61056_61183_0_0 is implemented as distributed LUT RAM for the following reason: The timing constraints suggest that the chosen mapping will yield a better timing.
Related violations: <none>

SYNTH-5#1057 Warning
Mapped onto distributed RAM because of timing constraints  
The instance canvas_fb/memory_reg_r2_61184_61311_0_0 is implemented as distributed LUT RAM for the following reason: The timing constraints suggest that the chosen mapping will yield a better timing.
Related violations: <none>

SYNTH-5#1058 Warning
Mapped onto distributed RAM because of timing constraints  
The instance canvas_fb/memory_reg_r2_61312_61439_0_0 is implemented as distributed LUT RAM for the following reason: The timing constraints suggest that the chosen mapping will yield a better timing.
Related violations: <none>

SYNTH-5#1059 Warning
Mapped onto distributed RAM because of timing constraints  
The instance canvas_fb/memory_reg_r2_61440_61567_0_0 is implemented as distributed LUT RAM for the following reason: The timing constraints suggest that the chosen mapping will yield a better timing.
Related violations: <none>

SYNTH-5#1060 Warning
Mapped onto distributed RAM because of timing constraints  
The instance canvas_fb/memory_reg_r2_6144_6271_0_0 is implemented as distributed LUT RAM for the following reason: The timing constraints suggest that the chosen mapping will yield a better timing.
Related violations: <none>

SYNTH-5#1061 Warning
Mapped onto distributed RAM because of timing constraints  
The instance canvas_fb/memory_reg_r2_61568_61695_0_0 is implemented as distributed LUT RAM for the following reason: The timing constraints suggest that the chosen mapping will yield a better timing.
Related violations: <none>

SYNTH-5#1062 Warning
Mapped onto distributed RAM because of timing constraints  
The instance canvas_fb/memory_reg_r2_61696_61823_0_0 is implemented as distributed LUT RAM for the following reason: The timing constraints suggest that the chosen mapping will yield a better timing.
Related violations: <none>

SYNTH-5#1063 Warning
Mapped onto distributed RAM because of timing constraints  
The instance canvas_fb/memory_reg_r2_61824_61951_0_0 is implemented as distributed LUT RAM for the following reason: The timing constraints suggest that the chosen mapping will yield a better timing.
Related violations: <none>

SYNTH-5#1064 Warning
Mapped onto distributed RAM because of timing constraints  
The instance canvas_fb/memory_reg_r2_61952_62079_0_0 is implemented as distributed LUT RAM for the following reason: The timing constraints suggest that the chosen mapping will yield a better timing.
Related violations: <none>

SYNTH-5#1065 Warning
Mapped onto distributed RAM because of timing constraints  
The instance canvas_fb/memory_reg_r2_62080_62207_0_0 is implemented as distributed LUT RAM for the following reason: The timing constraints suggest that the chosen mapping will yield a better timing.
Related violations: <none>

SYNTH-5#1066 Warning
Mapped onto distributed RAM because of timing constraints  
The instance canvas_fb/memory_reg_r2_62208_62335_0_0 is implemented as distributed LUT RAM for the following reason: The timing constraints suggest that the chosen mapping will yield a better timing.
Related violations: <none>

SYNTH-5#1067 Warning
Mapped onto distributed RAM because of timing constraints  
The instance canvas_fb/memory_reg_r2_62336_62463_0_0 is implemented as distributed LUT RAM for the following reason: The timing constraints suggest that the chosen mapping will yield a better timing.
Related violations: <none>

SYNTH-5#1068 Warning
Mapped onto distributed RAM because of timing constraints  
The instance canvas_fb/memory_reg_r2_62464_62591_0_0 is implemented as distributed LUT RAM for the following reason: The timing constraints suggest that the chosen mapping will yield a better timing.
Related violations: <none>

SYNTH-5#1069 Warning
Mapped onto distributed RAM because of timing constraints  
The instance canvas_fb/memory_reg_r2_62592_62719_0_0 is implemented as distributed LUT RAM for the following reason: The timing constraints suggest that the chosen mapping will yield a better timing.
Related violations: <none>

SYNTH-5#1070 Warning
Mapped onto distributed RAM because of timing constraints  
The instance canvas_fb/memory_reg_r2_62720_62847_0_0 is implemented as distributed LUT RAM for the following reason: The timing constraints suggest that the chosen mapping will yield a better timing.
Related violations: <none>

SYNTH-5#1071 Warning
Mapped onto distributed RAM because of timing constraints  
The instance canvas_fb/memory_reg_r2_6272_6399_0_0 is implemented as distributed LUT RAM for the following reason: The timing constraints suggest that the chosen mapping will yield a better timing.
Related violations: <none>

SYNTH-5#1072 Warning
Mapped onto distributed RAM because of timing constraints  
The instance canvas_fb/memory_reg_r2_62848_62975_0_0 is implemented as distributed LUT RAM for the following reason: The timing constraints suggest that the chosen mapping will yield a better timing.
Related violations: <none>

SYNTH-5#1073 Warning
Mapped onto distributed RAM because of timing constraints  
The instance canvas_fb/memory_reg_r2_62976_63103_0_0 is implemented as distributed LUT RAM for the following reason: The timing constraints suggest that the chosen mapping will yield a better timing.
Related violations: <none>

SYNTH-5#1074 Warning
Mapped onto distributed RAM because of timing constraints  
The instance canvas_fb/memory_reg_r2_63104_63231_0_0 is implemented as distributed LUT RAM for the following reason: The timing constraints suggest that the chosen mapping will yield a better timing.
Related violations: <none>

SYNTH-5#1075 Warning
Mapped onto distributed RAM because of timing constraints  
The instance canvas_fb/memory_reg_r2_63232_63359_0_0 is implemented as distributed LUT RAM for the following reason: The timing constraints suggest that the chosen mapping will yield a better timing.
Related violations: <none>

SYNTH-5#1076 Warning
Mapped onto distributed RAM because of timing constraints  
The instance canvas_fb/memory_reg_r2_63360_63487_0_0 is implemented as distributed LUT RAM for the following reason: The timing constraints suggest that the chosen mapping will yield a better timing.
Related violations: <none>

SYNTH-5#1077 Warning
Mapped onto distributed RAM because of timing constraints  
The instance canvas_fb/memory_reg_r2_63488_63615_0_0 is implemented as distributed LUT RAM for the following reason: The timing constraints suggest that the chosen mapping will yield a better timing.
Related violations: <none>

SYNTH-5#1078 Warning
Mapped onto distributed RAM because of timing constraints  
The instance canvas_fb/memory_reg_r2_63616_63743_0_0 is implemented as distributed LUT RAM for the following reason: The timing constraints suggest that the chosen mapping will yield a better timing.
Related violations: <none>

SYNTH-5#1079 Warning
Mapped onto distributed RAM because of timing constraints  
The instance canvas_fb/memory_reg_r2_63744_63871_0_0 is implemented as distributed LUT RAM for the following reason: The timing constraints suggest that the chosen mapping will yield a better timing.
Related violations: <none>

SYNTH-5#1080 Warning
Mapped onto distributed RAM because of timing constraints  
The instance canvas_fb/memory_reg_r2_63872_63999_0_0 is implemented as distributed LUT RAM for the following reason: The timing constraints suggest that the chosen mapping will yield a better timing.
Related violations: <none>

SYNTH-5#1081 Warning
Mapped onto distributed RAM because of timing constraints  
The instance canvas_fb/memory_reg_r2_64000_64127_0_0 is implemented as distributed LUT RAM for the following reason: The timing constraints suggest that the chosen mapping will yield a better timing.
Related violations: <none>

SYNTH-5#1082 Warning
Mapped onto distributed RAM because of timing constraints  
The instance canvas_fb/memory_reg_r2_6400_6527_0_0 is implemented as distributed LUT RAM for the following reason: The timing constraints suggest that the chosen mapping will yield a better timing.
Related violations: <none>

SYNTH-5#1083 Warning
Mapped onto distributed RAM because of timing constraints  
The instance canvas_fb/memory_reg_r2_640_767_0_0 is implemented as distributed LUT RAM for the following reason: The timing constraints suggest that the chosen mapping will yield a better timing.
Related violations: <none>

SYNTH-5#1084 Warning
Mapped onto distributed RAM because of timing constraints  
The instance canvas_fb/memory_reg_r2_64128_64255_0_0 is implemented as distributed LUT RAM for the following reason: The timing constraints suggest that the chosen mapping will yield a better timing.
Related violations: <none>

SYNTH-5#1085 Warning
Mapped onto distributed RAM because of timing constraints  
The instance canvas_fb/memory_reg_r2_64256_64383_0_0 is implemented as distributed LUT RAM for the following reason: The timing constraints suggest that the chosen mapping will yield a better timing.
Related violations: <none>

SYNTH-5#1086 Warning
Mapped onto distributed RAM because of timing constraints  
The instance canvas_fb/memory_reg_r2_64384_64511_0_0 is implemented as distributed LUT RAM for the following reason: The timing constraints suggest that the chosen mapping will yield a better timing.
Related violations: <none>

SYNTH-5#1087 Warning
Mapped onto distributed RAM because of timing constraints  
The instance canvas_fb/memory_reg_r2_64512_64639_0_0 is implemented as distributed LUT RAM for the following reason: The timing constraints suggest that the chosen mapping will yield a better timing.
Related violations: <none>

SYNTH-5#1088 Warning
Mapped onto distributed RAM because of timing constraints  
The instance canvas_fb/memory_reg_r2_64640_64767_0_0 is implemented as distributed LUT RAM for the following reason: The timing constraints suggest that the chosen mapping will yield a better timing.
Related violations: <none>

SYNTH-5#1089 Warning
Mapped onto distributed RAM because of timing constraints  
The instance canvas_fb/memory_reg_r2_64768_64895_0_0 is implemented as distributed LUT RAM for the following reason: The timing constraints suggest that the chosen mapping will yield a better timing.
Related violations: <none>

SYNTH-5#1090 Warning
Mapped onto distributed RAM because of timing constraints  
The instance canvas_fb/memory_reg_r2_64896_65023_0_0 is implemented as distributed LUT RAM for the following reason: The timing constraints suggest that the chosen mapping will yield a better timing.
Related violations: <none>

SYNTH-5#1091 Warning
Mapped onto distributed RAM because of timing constraints  
The instance canvas_fb/memory_reg_r2_65024_65151_0_0 is implemented as distributed LUT RAM for the following reason: The timing constraints suggest that the chosen mapping will yield a better timing.
Related violations: <none>

SYNTH-5#1092 Warning
Mapped onto distributed RAM because of timing constraints  
The instance canvas_fb/memory_reg_r2_65152_65279_0_0 is implemented as distributed LUT RAM for the following reason: The timing constraints suggest that the chosen mapping will yield a better timing.
Related violations: <none>

SYNTH-5#1093 Warning
Mapped onto distributed RAM because of timing constraints  
The instance canvas_fb/memory_reg_r2_65280_65407_0_0 is implemented as distributed LUT RAM for the following reason: The timing constraints suggest that the chosen mapping will yield a better timing.
Related violations: <none>

SYNTH-5#1094 Warning
Mapped onto distributed RAM because of timing constraints  
The instance canvas_fb/memory_reg_r2_6528_6655_0_0 is implemented as distributed LUT RAM for the following reason: The timing constraints suggest that the chosen mapping will yield a better timing.
Related violations: <none>

SYNTH-5#1095 Warning
Mapped onto distributed RAM because of timing constraints  
The instance canvas_fb/memory_reg_r2_65408_65535_0_0 is implemented as distributed LUT RAM for the following reason: The timing constraints suggest that the chosen mapping will yield a better timing.
Related violations: <none>

SYNTH-5#1096 Warning
Mapped onto distributed RAM because of timing constraints  
The instance canvas_fb/memory_reg_r2_65536_65663_0_0 is implemented as distributed LUT RAM for the following reason: The timing constraints suggest that the chosen mapping will yield a better timing.
Related violations: <none>

SYNTH-5#1097 Warning
Mapped onto distributed RAM because of timing constraints  
The instance canvas_fb/memory_reg_r2_65664_65791_0_0 is implemented as distributed LUT RAM for the following reason: The timing constraints suggest that the chosen mapping will yield a better timing.
Related violations: <none>

SYNTH-5#1098 Warning
Mapped onto distributed RAM because of timing constraints  
The instance canvas_fb/memory_reg_r2_65792_65919_0_0 is implemented as distributed LUT RAM for the following reason: The timing constraints suggest that the chosen mapping will yield a better timing.
Related violations: <none>

SYNTH-5#1099 Warning
Mapped onto distributed RAM because of timing constraints  
The instance canvas_fb/memory_reg_r2_65920_66047_0_0 is implemented as distributed LUT RAM for the following reason: The timing constraints suggest that the chosen mapping will yield a better timing.
Related violations: <none>

SYNTH-5#1100 Warning
Mapped onto distributed RAM because of timing constraints  
The instance canvas_fb/memory_reg_r2_66048_66175_0_0 is implemented as distributed LUT RAM for the following reason: The timing constraints suggest that the chosen mapping will yield a better timing.
Related violations: <none>

SYNTH-5#1101 Warning
Mapped onto distributed RAM because of timing constraints  
The instance canvas_fb/memory_reg_r2_66176_66303_0_0 is implemented as distributed LUT RAM for the following reason: The timing constraints suggest that the chosen mapping will yield a better timing.
Related violations: <none>

SYNTH-5#1102 Warning
Mapped onto distributed RAM because of timing constraints  
The instance canvas_fb/memory_reg_r2_66304_66431_0_0 is implemented as distributed LUT RAM for the following reason: The timing constraints suggest that the chosen mapping will yield a better timing.
Related violations: <none>

SYNTH-5#1103 Warning
Mapped onto distributed RAM because of timing constraints  
The instance canvas_fb/memory_reg_r2_66432_66559_0_0 is implemented as distributed LUT RAM for the following reason: The timing constraints suggest that the chosen mapping will yield a better timing.
Related violations: <none>

SYNTH-5#1104 Warning
Mapped onto distributed RAM because of timing constraints  
The instance canvas_fb/memory_reg_r2_66560_66687_0_0 is implemented as distributed LUT RAM for the following reason: The timing constraints suggest that the chosen mapping will yield a better timing.
Related violations: <none>

SYNTH-5#1105 Warning
Mapped onto distributed RAM because of timing constraints  
The instance canvas_fb/memory_reg_r2_6656_6783_0_0 is implemented as distributed LUT RAM for the following reason: The timing constraints suggest that the chosen mapping will yield a better timing.
Related violations: <none>

SYNTH-5#1106 Warning
Mapped onto distributed RAM because of timing constraints  
The instance canvas_fb/memory_reg_r2_66688_66815_0_0 is implemented as distributed LUT RAM for the following reason: The timing constraints suggest that the chosen mapping will yield a better timing.
Related violations: <none>

SYNTH-5#1107 Warning
Mapped onto distributed RAM because of timing constraints  
The instance canvas_fb/memory_reg_r2_66816_66943_0_0 is implemented as distributed LUT RAM for the following reason: The timing constraints suggest that the chosen mapping will yield a better timing.
Related violations: <none>

SYNTH-5#1108 Warning
Mapped onto distributed RAM because of timing constraints  
The instance canvas_fb/memory_reg_r2_66944_67071_0_0 is implemented as distributed LUT RAM for the following reason: The timing constraints suggest that the chosen mapping will yield a better timing.
Related violations: <none>

SYNTH-5#1109 Warning
Mapped onto distributed RAM because of timing constraints  
The instance canvas_fb/memory_reg_r2_67072_67199_0_0 is implemented as distributed LUT RAM for the following reason: The timing constraints suggest that the chosen mapping will yield a better timing.
Related violations: <none>

SYNTH-5#1110 Warning
Mapped onto distributed RAM because of timing constraints  
The instance canvas_fb/memory_reg_r2_67200_67327_0_0 is implemented as distributed LUT RAM for the following reason: The timing constraints suggest that the chosen mapping will yield a better timing.
Related violations: <none>

SYNTH-5#1111 Warning
Mapped onto distributed RAM because of timing constraints  
The instance canvas_fb/memory_reg_r2_67328_67455_0_0 is implemented as distributed LUT RAM for the following reason: The timing constraints suggest that the chosen mapping will yield a better timing.
Related violations: <none>

SYNTH-5#1112 Warning
Mapped onto distributed RAM because of timing constraints  
The instance canvas_fb/memory_reg_r2_67456_67583_0_0 is implemented as distributed LUT RAM for the following reason: The timing constraints suggest that the chosen mapping will yield a better timing.
Related violations: <none>

SYNTH-5#1113 Warning
Mapped onto distributed RAM because of timing constraints  
The instance canvas_fb/memory_reg_r2_67584_67711_0_0 is implemented as distributed LUT RAM for the following reason: The timing constraints suggest that the chosen mapping will yield a better timing.
Related violations: <none>

SYNTH-5#1114 Warning
Mapped onto distributed RAM because of timing constraints  
The instance canvas_fb/memory_reg_r2_67712_67839_0_0 is implemented as distributed LUT RAM for the following reason: The timing constraints suggest that the chosen mapping will yield a better timing.
Related violations: <none>

SYNTH-5#1115 Warning
Mapped onto distributed RAM because of timing constraints  
The instance canvas_fb/memory_reg_r2_67840_67967_0_0 is implemented as distributed LUT RAM for the following reason: The timing constraints suggest that the chosen mapping will yield a better timing.
Related violations: <none>

SYNTH-5#1116 Warning
Mapped onto distributed RAM because of timing constraints  
The instance canvas_fb/memory_reg_r2_6784_6911_0_0 is implemented as distributed LUT RAM for the following reason: The timing constraints suggest that the chosen mapping will yield a better timing.
Related violations: <none>

SYNTH-5#1117 Warning
Mapped onto distributed RAM because of timing constraints  
The instance canvas_fb/memory_reg_r2_67968_68095_0_0 is implemented as distributed LUT RAM for the following reason: The timing constraints suggest that the chosen mapping will yield a better timing.
Related violations: <none>

SYNTH-5#1118 Warning
Mapped onto distributed RAM because of timing constraints  
The instance canvas_fb/memory_reg_r2_68096_68223_0_0 is implemented as distributed LUT RAM for the following reason: The timing constraints suggest that the chosen mapping will yield a better timing.
Related violations: <none>

SYNTH-5#1119 Warning
Mapped onto distributed RAM because of timing constraints  
The instance canvas_fb/memory_reg_r2_68224_68351_0_0 is implemented as distributed LUT RAM for the following reason: The timing constraints suggest that the chosen mapping will yield a better timing.
Related violations: <none>

SYNTH-5#1120 Warning
Mapped onto distributed RAM because of timing constraints  
The instance canvas_fb/memory_reg_r2_68352_68479_0_0 is implemented as distributed LUT RAM for the following reason: The timing constraints suggest that the chosen mapping will yield a better timing.
Related violations: <none>

SYNTH-5#1121 Warning
Mapped onto distributed RAM because of timing constraints  
The instance canvas_fb/memory_reg_r2_68480_68607_0_0 is implemented as distributed LUT RAM for the following reason: The timing constraints suggest that the chosen mapping will yield a better timing.
Related violations: <none>

SYNTH-5#1122 Warning
Mapped onto distributed RAM because of timing constraints  
The instance canvas_fb/memory_reg_r2_68608_68735_0_0 is implemented as distributed LUT RAM for the following reason: The timing constraints suggest that the chosen mapping will yield a better timing.
Related violations: <none>

SYNTH-5#1123 Warning
Mapped onto distributed RAM because of timing constraints  
The instance canvas_fb/memory_reg_r2_68736_68863_0_0 is implemented as distributed LUT RAM for the following reason: The timing constraints suggest that the chosen mapping will yield a better timing.
Related violations: <none>

SYNTH-5#1124 Warning
Mapped onto distributed RAM because of timing constraints  
The instance canvas_fb/memory_reg_r2_68864_68991_0_0 is implemented as distributed LUT RAM for the following reason: The timing constraints suggest that the chosen mapping will yield a better timing.
Related violations: <none>

SYNTH-5#1125 Warning
Mapped onto distributed RAM because of timing constraints  
The instance canvas_fb/memory_reg_r2_68992_69119_0_0 is implemented as distributed LUT RAM for the following reason: The timing constraints suggest that the chosen mapping will yield a better timing.
Related violations: <none>

SYNTH-5#1126 Warning
Mapped onto distributed RAM because of timing constraints  
The instance canvas_fb/memory_reg_r2_69120_69247_0_0 is implemented as distributed LUT RAM for the following reason: The timing constraints suggest that the chosen mapping will yield a better timing.
Related violations: <none>

SYNTH-5#1127 Warning
Mapped onto distributed RAM because of timing constraints  
The instance canvas_fb/memory_reg_r2_6912_7039_0_0 is implemented as distributed LUT RAM for the following reason: The timing constraints suggest that the chosen mapping will yield a better timing.
Related violations: <none>

SYNTH-5#1128 Warning
Mapped onto distributed RAM because of timing constraints  
The instance canvas_fb/memory_reg_r2_69248_69375_0_0 is implemented as distributed LUT RAM for the following reason: The timing constraints suggest that the chosen mapping will yield a better timing.
Related violations: <none>

SYNTH-5#1129 Warning
Mapped onto distributed RAM because of timing constraints  
The instance canvas_fb/memory_reg_r2_69376_69503_0_0 is implemented as distributed LUT RAM for the following reason: The timing constraints suggest that the chosen mapping will yield a better timing.
Related violations: <none>

SYNTH-5#1130 Warning
Mapped onto distributed RAM because of timing constraints  
The instance canvas_fb/memory_reg_r2_69504_69631_0_0 is implemented as distributed LUT RAM for the following reason: The timing constraints suggest that the chosen mapping will yield a better timing.
Related violations: <none>

SYNTH-5#1131 Warning
Mapped onto distributed RAM because of timing constraints  
The instance canvas_fb/memory_reg_r2_69632_69759_0_0 is implemented as distributed LUT RAM for the following reason: The timing constraints suggest that the chosen mapping will yield a better timing.
Related violations: <none>

SYNTH-5#1132 Warning
Mapped onto distributed RAM because of timing constraints  
The instance canvas_fb/memory_reg_r2_69760_69887_0_0 is implemented as distributed LUT RAM for the following reason: The timing constraints suggest that the chosen mapping will yield a better timing.
Related violations: <none>

SYNTH-5#1133 Warning
Mapped onto distributed RAM because of timing constraints  
The instance canvas_fb/memory_reg_r2_69888_70015_0_0 is implemented as distributed LUT RAM for the following reason: The timing constraints suggest that the chosen mapping will yield a better timing.
Related violations: <none>

SYNTH-5#1134 Warning
Mapped onto distributed RAM because of timing constraints  
The instance canvas_fb/memory_reg_r2_70016_70143_0_0 is implemented as distributed LUT RAM for the following reason: The timing constraints suggest that the chosen mapping will yield a better timing.
Related violations: <none>

SYNTH-5#1135 Warning
Mapped onto distributed RAM because of timing constraints  
The instance canvas_fb/memory_reg_r2_70144_70271_0_0 is implemented as distributed LUT RAM for the following reason: The timing constraints suggest that the chosen mapping will yield a better timing.
Related violations: <none>

SYNTH-5#1136 Warning
Mapped onto distributed RAM because of timing constraints  
The instance canvas_fb/memory_reg_r2_70272_70399_0_0 is implemented as distributed LUT RAM for the following reason: The timing constraints suggest that the chosen mapping will yield a better timing.
Related violations: <none>

SYNTH-5#1137 Warning
Mapped onto distributed RAM because of timing constraints  
The instance canvas_fb/memory_reg_r2_70400_70527_0_0 is implemented as distributed LUT RAM for the following reason: The timing constraints suggest that the chosen mapping will yield a better timing.
Related violations: <none>

SYNTH-5#1138 Warning
Mapped onto distributed RAM because of timing constraints  
The instance canvas_fb/memory_reg_r2_7040_7167_0_0 is implemented as distributed LUT RAM for the following reason: The timing constraints suggest that the chosen mapping will yield a better timing.
Related violations: <none>

SYNTH-5#1139 Warning
Mapped onto distributed RAM because of timing constraints  
The instance canvas_fb/memory_reg_r2_70528_70655_0_0 is implemented as distributed LUT RAM for the following reason: The timing constraints suggest that the chosen mapping will yield a better timing.
Related violations: <none>

SYNTH-5#1140 Warning
Mapped onto distributed RAM because of timing constraints  
The instance canvas_fb/memory_reg_r2_70656_70783_0_0 is implemented as distributed LUT RAM for the following reason: The timing constraints suggest that the chosen mapping will yield a better timing.
Related violations: <none>

SYNTH-5#1141 Warning
Mapped onto distributed RAM because of timing constraints  
The instance canvas_fb/memory_reg_r2_70784_70911_0_0 is implemented as distributed LUT RAM for the following reason: The timing constraints suggest that the chosen mapping will yield a better timing.
Related violations: <none>

SYNTH-5#1142 Warning
Mapped onto distributed RAM because of timing constraints  
The instance canvas_fb/memory_reg_r2_70912_71039_0_0 is implemented as distributed LUT RAM for the following reason: The timing constraints suggest that the chosen mapping will yield a better timing.
Related violations: <none>

SYNTH-5#1143 Warning
Mapped onto distributed RAM because of timing constraints  
The instance canvas_fb/memory_reg_r2_71040_71167_0_0 is implemented as distributed LUT RAM for the following reason: The timing constraints suggest that the chosen mapping will yield a better timing.
Related violations: <none>

SYNTH-5#1144 Warning
Mapped onto distributed RAM because of timing constraints  
The instance canvas_fb/memory_reg_r2_71168_71295_0_0 is implemented as distributed LUT RAM for the following reason: The timing constraints suggest that the chosen mapping will yield a better timing.
Related violations: <none>

SYNTH-5#1145 Warning
Mapped onto distributed RAM because of timing constraints  
The instance canvas_fb/memory_reg_r2_71296_71423_0_0 is implemented as distributed LUT RAM for the following reason: The timing constraints suggest that the chosen mapping will yield a better timing.
Related violations: <none>

SYNTH-5#1146 Warning
Mapped onto distributed RAM because of timing constraints  
The instance canvas_fb/memory_reg_r2_71424_71551_0_0 is implemented as distributed LUT RAM for the following reason: The timing constraints suggest that the chosen mapping will yield a better timing.
Related violations: <none>

SYNTH-5#1147 Warning
Mapped onto distributed RAM because of timing constraints  
The instance canvas_fb/memory_reg_r2_71552_71679_0_0 is implemented as distributed LUT RAM for the following reason: The timing constraints suggest that the chosen mapping will yield a better timing.
Related violations: <none>

SYNTH-5#1148 Warning
Mapped onto distributed RAM because of timing constraints  
The instance canvas_fb/memory_reg_r2_71680_71807_0_0 is implemented as distributed LUT RAM for the following reason: The timing constraints suggest that the chosen mapping will yield a better timing.
Related violations: <none>

SYNTH-5#1149 Warning
Mapped onto distributed RAM because of timing constraints  
The instance canvas_fb/memory_reg_r2_7168_7295_0_0 is implemented as distributed LUT RAM for the following reason: The timing constraints suggest that the chosen mapping will yield a better timing.
Related violations: <none>

SYNTH-5#1150 Warning
Mapped onto distributed RAM because of timing constraints  
The instance canvas_fb/memory_reg_r2_71808_71935_0_0 is implemented as distributed LUT RAM for the following reason: The timing constraints suggest that the chosen mapping will yield a better timing.
Related violations: <none>

SYNTH-5#1151 Warning
Mapped onto distributed RAM because of timing constraints  
The instance canvas_fb/memory_reg_r2_71936_72063_0_0 is implemented as distributed LUT RAM for the following reason: The timing constraints suggest that the chosen mapping will yield a better timing.
Related violations: <none>

SYNTH-5#1152 Warning
Mapped onto distributed RAM because of timing constraints  
The instance canvas_fb/memory_reg_r2_72064_72191_0_0 is implemented as distributed LUT RAM for the following reason: The timing constraints suggest that the chosen mapping will yield a better timing.
Related violations: <none>

SYNTH-5#1153 Warning
Mapped onto distributed RAM because of timing constraints  
The instance canvas_fb/memory_reg_r2_72192_72319_0_0 is implemented as distributed LUT RAM for the following reason: The timing constraints suggest that the chosen mapping will yield a better timing.
Related violations: <none>

SYNTH-5#1154 Warning
Mapped onto distributed RAM because of timing constraints  
The instance canvas_fb/memory_reg_r2_72320_72447_0_0 is implemented as distributed LUT RAM for the following reason: The timing constraints suggest that the chosen mapping will yield a better timing.
Related violations: <none>

SYNTH-5#1155 Warning
Mapped onto distributed RAM because of timing constraints  
The instance canvas_fb/memory_reg_r2_72448_72575_0_0 is implemented as distributed LUT RAM for the following reason: The timing constraints suggest that the chosen mapping will yield a better timing.
Related violations: <none>

SYNTH-5#1156 Warning
Mapped onto distributed RAM because of timing constraints  
The instance canvas_fb/memory_reg_r2_72576_72703_0_0 is implemented as distributed LUT RAM for the following reason: The timing constraints suggest that the chosen mapping will yield a better timing.
Related violations: <none>

SYNTH-5#1157 Warning
Mapped onto distributed RAM because of timing constraints  
The instance canvas_fb/memory_reg_r2_72704_72831_0_0 is implemented as distributed LUT RAM for the following reason: The timing constraints suggest that the chosen mapping will yield a better timing.
Related violations: <none>

SYNTH-5#1158 Warning
Mapped onto distributed RAM because of timing constraints  
The instance canvas_fb/memory_reg_r2_72832_72959_0_0 is implemented as distributed LUT RAM for the following reason: The timing constraints suggest that the chosen mapping will yield a better timing.
Related violations: <none>

SYNTH-5#1159 Warning
Mapped onto distributed RAM because of timing constraints  
The instance canvas_fb/memory_reg_r2_72960_73087_0_0 is implemented as distributed LUT RAM for the following reason: The timing constraints suggest that the chosen mapping will yield a better timing.
Related violations: <none>

SYNTH-5#1160 Warning
Mapped onto distributed RAM because of timing constraints  
The instance canvas_fb/memory_reg_r2_7296_7423_0_0 is implemented as distributed LUT RAM for the following reason: The timing constraints suggest that the chosen mapping will yield a better timing.
Related violations: <none>

SYNTH-5#1161 Warning
Mapped onto distributed RAM because of timing constraints  
The instance canvas_fb/memory_reg_r2_73088_73215_0_0 is implemented as distributed LUT RAM for the following reason: The timing constraints suggest that the chosen mapping will yield a better timing.
Related violations: <none>

SYNTH-5#1162 Warning
Mapped onto distributed RAM because of timing constraints  
The instance canvas_fb/memory_reg_r2_73216_73343_0_0 is implemented as distributed LUT RAM for the following reason: The timing constraints suggest that the chosen mapping will yield a better timing.
Related violations: <none>

SYNTH-5#1163 Warning
Mapped onto distributed RAM because of timing constraints  
The instance canvas_fb/memory_reg_r2_73344_73471_0_0 is implemented as distributed LUT RAM for the following reason: The timing constraints suggest that the chosen mapping will yield a better timing.
Related violations: <none>

SYNTH-5#1164 Warning
Mapped onto distributed RAM because of timing constraints  
The instance canvas_fb/memory_reg_r2_73472_73599_0_0 is implemented as distributed LUT RAM for the following reason: The timing constraints suggest that the chosen mapping will yield a better timing.
Related violations: <none>

SYNTH-5#1165 Warning
Mapped onto distributed RAM because of timing constraints  
The instance canvas_fb/memory_reg_r2_73600_73727_0_0 is implemented as distributed LUT RAM for the following reason: The timing constraints suggest that the chosen mapping will yield a better timing.
Related violations: <none>

SYNTH-5#1166 Warning
Mapped onto distributed RAM because of timing constraints  
The instance canvas_fb/memory_reg_r2_73728_73855_0_0 is implemented as distributed LUT RAM for the following reason: The timing constraints suggest that the chosen mapping will yield a better timing.
Related violations: <none>

SYNTH-5#1167 Warning
Mapped onto distributed RAM because of timing constraints  
The instance canvas_fb/memory_reg_r2_73856_73983_0_0 is implemented as distributed LUT RAM for the following reason: The timing constraints suggest that the chosen mapping will yield a better timing.
Related violations: <none>

SYNTH-5#1168 Warning
Mapped onto distributed RAM because of timing constraints  
The instance canvas_fb/memory_reg_r2_73984_74111_0_0 is implemented as distributed LUT RAM for the following reason: The timing constraints suggest that the chosen mapping will yield a better timing.
Related violations: <none>

SYNTH-5#1169 Warning
Mapped onto distributed RAM because of timing constraints  
The instance canvas_fb/memory_reg_r2_74112_74239_0_0 is implemented as distributed LUT RAM for the following reason: The timing constraints suggest that the chosen mapping will yield a better timing.
Related violations: <none>

SYNTH-5#1170 Warning
Mapped onto distributed RAM because of timing constraints  
The instance canvas_fb/memory_reg_r2_74240_74367_0_0 is implemented as distributed LUT RAM for the following reason: The timing constraints suggest that the chosen mapping will yield a better timing.
Related violations: <none>

SYNTH-5#1171 Warning
Mapped onto distributed RAM because of timing constraints  
The instance canvas_fb/memory_reg_r2_7424_7551_0_0 is implemented as distributed LUT RAM for the following reason: The timing constraints suggest that the chosen mapping will yield a better timing.
Related violations: <none>

SYNTH-5#1172 Warning
Mapped onto distributed RAM because of timing constraints  
The instance canvas_fb/memory_reg_r2_74368_74495_0_0 is implemented as distributed LUT RAM for the following reason: The timing constraints suggest that the chosen mapping will yield a better timing.
Related violations: <none>

SYNTH-5#1173 Warning
Mapped onto distributed RAM because of timing constraints  
The instance canvas_fb/memory_reg_r2_74496_74623_0_0 is implemented as distributed LUT RAM for the following reason: The timing constraints suggest that the chosen mapping will yield a better timing.
Related violations: <none>

SYNTH-5#1174 Warning
Mapped onto distributed RAM because of timing constraints  
The instance canvas_fb/memory_reg_r2_74624_74751_0_0 is implemented as distributed LUT RAM for the following reason: The timing constraints suggest that the chosen mapping will yield a better timing.
Related violations: <none>

SYNTH-5#1175 Warning
Mapped onto distributed RAM because of timing constraints  
The instance canvas_fb/memory_reg_r2_74752_74879_0_0 is implemented as distributed LUT RAM for the following reason: The timing constraints suggest that the chosen mapping will yield a better timing.
Related violations: <none>

SYNTH-5#1176 Warning
Mapped onto distributed RAM because of timing constraints  
The instance canvas_fb/memory_reg_r2_74880_75007_0_0 is implemented as distributed LUT RAM for the following reason: The timing constraints suggest that the chosen mapping will yield a better timing.
Related violations: <none>

SYNTH-5#1177 Warning
Mapped onto distributed RAM because of timing constraints  
The instance canvas_fb/memory_reg_r2_75008_75135_0_0 is implemented as distributed LUT RAM for the following reason: The timing constraints suggest that the chosen mapping will yield a better timing.
Related violations: <none>

SYNTH-5#1178 Warning
Mapped onto distributed RAM because of timing constraints  
The instance canvas_fb/memory_reg_r2_75136_75263_0_0 is implemented as distributed LUT RAM for the following reason: The timing constraints suggest that the chosen mapping will yield a better timing.
Related violations: <none>

SYNTH-5#1179 Warning
Mapped onto distributed RAM because of timing constraints  
The instance canvas_fb/memory_reg_r2_75264_75391_0_0 is implemented as distributed LUT RAM for the following reason: The timing constraints suggest that the chosen mapping will yield a better timing.
Related violations: <none>

SYNTH-5#1180 Warning
Mapped onto distributed RAM because of timing constraints  
The instance canvas_fb/memory_reg_r2_75392_75519_0_0 is implemented as distributed LUT RAM for the following reason: The timing constraints suggest that the chosen mapping will yield a better timing.
Related violations: <none>

SYNTH-5#1181 Warning
Mapped onto distributed RAM because of timing constraints  
The instance canvas_fb/memory_reg_r2_75520_75647_0_0 is implemented as distributed LUT RAM for the following reason: The timing constraints suggest that the chosen mapping will yield a better timing.
Related violations: <none>

SYNTH-5#1182 Warning
Mapped onto distributed RAM because of timing constraints  
The instance canvas_fb/memory_reg_r2_7552_7679_0_0 is implemented as distributed LUT RAM for the following reason: The timing constraints suggest that the chosen mapping will yield a better timing.
Related violations: <none>

SYNTH-5#1183 Warning
Mapped onto distributed RAM because of timing constraints  
The instance canvas_fb/memory_reg_r2_75648_75775_0_0 is implemented as distributed LUT RAM for the following reason: The timing constraints suggest that the chosen mapping will yield a better timing.
Related violations: <none>

SYNTH-5#1184 Warning
Mapped onto distributed RAM because of timing constraints  
The instance canvas_fb/memory_reg_r2_75776_75903_0_0 is implemented as distributed LUT RAM for the following reason: The timing constraints suggest that the chosen mapping will yield a better timing.
Related violations: <none>

SYNTH-5#1185 Warning
Mapped onto distributed RAM because of timing constraints  
The instance canvas_fb/memory_reg_r2_75904_76031_0_0 is implemented as distributed LUT RAM for the following reason: The timing constraints suggest that the chosen mapping will yield a better timing.
Related violations: <none>

SYNTH-5#1186 Warning
Mapped onto distributed RAM because of timing constraints  
The instance canvas_fb/memory_reg_r2_76032_76159_0_0 is implemented as distributed LUT RAM for the following reason: The timing constraints suggest that the chosen mapping will yield a better timing.
Related violations: <none>

SYNTH-5#1187 Warning
Mapped onto distributed RAM because of timing constraints  
The instance canvas_fb/memory_reg_r2_76160_76287_0_0 is implemented as distributed LUT RAM for the following reason: The timing constraints suggest that the chosen mapping will yield a better timing.
Related violations: <none>

SYNTH-5#1188 Warning
Mapped onto distributed RAM because of timing constraints  
The instance canvas_fb/memory_reg_r2_76288_76415_0_0 is implemented as distributed LUT RAM for the following reason: The timing constraints suggest that the chosen mapping will yield a better timing.
Related violations: <none>

SYNTH-5#1189 Warning
Mapped onto distributed RAM because of timing constraints  
The instance canvas_fb/memory_reg_r2_76416_76543_0_0 is implemented as distributed LUT RAM for the following reason: The timing constraints suggest that the chosen mapping will yield a better timing.
Related violations: <none>

SYNTH-5#1190 Warning
Mapped onto distributed RAM because of timing constraints  
The instance canvas_fb/memory_reg_r2_76544_76671_0_0 is implemented as distributed LUT RAM for the following reason: The timing constraints suggest that the chosen mapping will yield a better timing.
Related violations: <none>

SYNTH-5#1191 Warning
Mapped onto distributed RAM because of timing constraints  
The instance canvas_fb/memory_reg_r2_76672_76799_0_0 is implemented as distributed LUT RAM for the following reason: The timing constraints suggest that the chosen mapping will yield a better timing.
Related violations: <none>

SYNTH-5#1192 Warning
Mapped onto distributed RAM because of timing constraints  
The instance canvas_fb/memory_reg_r2_76800_76927_0_0 is implemented as distributed LUT RAM for the following reason: The timing constraints suggest that the chosen mapping will yield a better timing.
Related violations: <none>

SYNTH-5#1193 Warning
Mapped onto distributed RAM because of timing constraints  
The instance canvas_fb/memory_reg_r2_7680_7807_0_0 is implemented as distributed LUT RAM for the following reason: The timing constraints suggest that the chosen mapping will yield a better timing.
Related violations: <none>

SYNTH-5#1194 Warning
Mapped onto distributed RAM because of timing constraints  
The instance canvas_fb/memory_reg_r2_768_895_0_0 is implemented as distributed LUT RAM for the following reason: The timing constraints suggest that the chosen mapping will yield a better timing.
Related violations: <none>

SYNTH-5#1195 Warning
Mapped onto distributed RAM because of timing constraints  
The instance canvas_fb/memory_reg_r2_76928_77055_0_0 is implemented as distributed LUT RAM for the following reason: The timing constraints suggest that the chosen mapping will yield a better timing.
Related violations: <none>

SYNTH-5#1196 Warning
Mapped onto distributed RAM because of timing constraints  
The instance canvas_fb/memory_reg_r2_77056_77183_0_0 is implemented as distributed LUT RAM for the following reason: The timing constraints suggest that the chosen mapping will yield a better timing.
Related violations: <none>

SYNTH-5#1197 Warning
Mapped onto distributed RAM because of timing constraints  
The instance canvas_fb/memory_reg_r2_77184_77311_0_0 is implemented as distributed LUT RAM for the following reason: The timing constraints suggest that the chosen mapping will yield a better timing.
Related violations: <none>

SYNTH-5#1198 Warning
Mapped onto distributed RAM because of timing constraints  
The instance canvas_fb/memory_reg_r2_77312_77439_0_0 is implemented as distributed LUT RAM for the following reason: The timing constraints suggest that the chosen mapping will yield a better timing.
Related violations: <none>

SYNTH-5#1199 Warning
Mapped onto distributed RAM because of timing constraints  
The instance canvas_fb/memory_reg_r2_77440_77567_0_0 is implemented as distributed LUT RAM for the following reason: The timing constraints suggest that the chosen mapping will yield a better timing.
Related violations: <none>

SYNTH-5#1200 Warning
Mapped onto distributed RAM because of timing constraints  
The instance canvas_fb/memory_reg_r2_77568_77695_0_0 is implemented as distributed LUT RAM for the following reason: The timing constraints suggest that the chosen mapping will yield a better timing.
Related violations: <none>

SYNTH-5#1201 Warning
Mapped onto distributed RAM because of timing constraints  
The instance canvas_fb/memory_reg_r2_77696_77823_0_0 is implemented as distributed LUT RAM for the following reason: The timing constraints suggest that the chosen mapping will yield a better timing.
Related violations: <none>

SYNTH-5#1202 Warning
Mapped onto distributed RAM because of timing constraints  
The instance canvas_fb/memory_reg_r2_77824_77951_0_0 is implemented as distributed LUT RAM for the following reason: The timing constraints suggest that the chosen mapping will yield a better timing.
Related violations: <none>

SYNTH-5#1203 Warning
Mapped onto distributed RAM because of timing constraints  
The instance canvas_fb/memory_reg_r2_77952_78079_0_0 is implemented as distributed LUT RAM for the following reason: The timing constraints suggest that the chosen mapping will yield a better timing.
Related violations: <none>

SYNTH-5#1204 Warning
Mapped onto distributed RAM because of timing constraints  
The instance canvas_fb/memory_reg_r2_78080_78207_0_0 is implemented as distributed LUT RAM for the following reason: The timing constraints suggest that the chosen mapping will yield a better timing.
Related violations: <none>

SYNTH-5#1205 Warning
Mapped onto distributed RAM because of timing constraints  
The instance canvas_fb/memory_reg_r2_7808_7935_0_0 is implemented as distributed LUT RAM for the following reason: The timing constraints suggest that the chosen mapping will yield a better timing.
Related violations: <none>

SYNTH-5#1206 Warning
Mapped onto distributed RAM because of timing constraints  
The instance canvas_fb/memory_reg_r2_78208_78335_0_0 is implemented as distributed LUT RAM for the following reason: The timing constraints suggest that the chosen mapping will yield a better timing.
Related violations: <none>

SYNTH-5#1207 Warning
Mapped onto distributed RAM because of timing constraints  
The instance canvas_fb/memory_reg_r2_7936_8063_0_0 is implemented as distributed LUT RAM for the following reason: The timing constraints suggest that the chosen mapping will yield a better timing.
Related violations: <none>

SYNTH-5#1208 Warning
Mapped onto distributed RAM because of timing constraints  
The instance canvas_fb/memory_reg_r2_8064_8191_0_0 is implemented as distributed LUT RAM for the following reason: The timing constraints suggest that the chosen mapping will yield a better timing.
Related violations: <none>

SYNTH-5#1209 Warning
Mapped onto distributed RAM because of timing constraints  
The instance canvas_fb/memory_reg_r2_8192_8319_0_0 is implemented as distributed LUT RAM for the following reason: The timing constraints suggest that the chosen mapping will yield a better timing.
Related violations: <none>

SYNTH-5#1210 Warning
Mapped onto distributed RAM because of timing constraints  
The instance canvas_fb/memory_reg_r2_8320_8447_0_0 is implemented as distributed LUT RAM for the following reason: The timing constraints suggest that the chosen mapping will yield a better timing.
Related violations: <none>

SYNTH-5#1211 Warning
Mapped onto distributed RAM because of timing constraints  
The instance canvas_fb/memory_reg_r2_8448_8575_0_0 is implemented as distributed LUT RAM for the following reason: The timing constraints suggest that the chosen mapping will yield a better timing.
Related violations: <none>

SYNTH-5#1212 Warning
Mapped onto distributed RAM because of timing constraints  
The instance canvas_fb/memory_reg_r2_8576_8703_0_0 is implemented as distributed LUT RAM for the following reason: The timing constraints suggest that the chosen mapping will yield a better timing.
Related violations: <none>

SYNTH-5#1213 Warning
Mapped onto distributed RAM because of timing constraints  
The instance canvas_fb/memory_reg_r2_8704_8831_0_0 is implemented as distributed LUT RAM for the following reason: The timing constraints suggest that the chosen mapping will yield a better timing.
Related violations: <none>

SYNTH-5#1214 Warning
Mapped onto distributed RAM because of timing constraints  
The instance canvas_fb/memory_reg_r2_8832_8959_0_0 is implemented as distributed LUT RAM for the following reason: The timing constraints suggest that the chosen mapping will yield a better timing.
Related violations: <none>

SYNTH-5#1215 Warning
Mapped onto distributed RAM because of timing constraints  
The instance canvas_fb/memory_reg_r2_8960_9087_0_0 is implemented as distributed LUT RAM for the following reason: The timing constraints suggest that the chosen mapping will yield a better timing.
Related violations: <none>

SYNTH-5#1216 Warning
Mapped onto distributed RAM because of timing constraints  
The instance canvas_fb/memory_reg_r2_896_1023_0_0 is implemented as distributed LUT RAM for the following reason: The timing constraints suggest that the chosen mapping will yield a better timing.
Related violations: <none>

SYNTH-5#1217 Warning
Mapped onto distributed RAM because of timing constraints  
The instance canvas_fb/memory_reg_r2_9088_9215_0_0 is implemented as distributed LUT RAM for the following reason: The timing constraints suggest that the chosen mapping will yield a better timing.
Related violations: <none>

SYNTH-5#1218 Warning
Mapped onto distributed RAM because of timing constraints  
The instance canvas_fb/memory_reg_r2_9216_9343_0_0 is implemented as distributed LUT RAM for the following reason: The timing constraints suggest that the chosen mapping will yield a better timing.
Related violations: <none>

SYNTH-5#1219 Warning
Mapped onto distributed RAM because of timing constraints  
The instance canvas_fb/memory_reg_r2_9344_9471_0_0 is implemented as distributed LUT RAM for the following reason: The timing constraints suggest that the chosen mapping will yield a better timing.
Related violations: <none>

SYNTH-5#1220 Warning
Mapped onto distributed RAM because of timing constraints  
The instance canvas_fb/memory_reg_r2_9472_9599_0_0 is implemented as distributed LUT RAM for the following reason: The timing constraints suggest that the chosen mapping will yield a better timing.
Related violations: <none>

SYNTH-5#1221 Warning
Mapped onto distributed RAM because of timing constraints  
The instance canvas_fb/memory_reg_r2_9600_9727_0_0 is implemented as distributed LUT RAM for the following reason: The timing constraints suggest that the chosen mapping will yield a better timing.
Related violations: <none>

SYNTH-5#1222 Warning
Mapped onto distributed RAM because of timing constraints  
The instance canvas_fb/memory_reg_r2_9728_9855_0_0 is implemented as distributed LUT RAM for the following reason: The timing constraints suggest that the chosen mapping will yield a better timing.
Related violations: <none>

SYNTH-5#1223 Warning
Mapped onto distributed RAM because of timing constraints  
The instance canvas_fb/memory_reg_r2_9856_9983_0_0 is implemented as distributed LUT RAM for the following reason: The timing constraints suggest that the chosen mapping will yield a better timing.
Related violations: <none>

SYNTH-5#1224 Warning
Mapped onto distributed RAM because of timing constraints  
The instance canvas_fb/memory_reg_r2_9984_10111_0_0 is implemented as distributed LUT RAM for the following reason: The timing constraints suggest that the chosen mapping will yield a better timing.
Related violations: <none>

SYNTH-10#1 Warning
Wide multiplier  
Detected multiplier at neural_net/p_2_out of size 14x16, it is decomposed from a wide multipler into 3 DSP blocks.
Related violations: <none>

SYNTH-10#2 Warning
Wide multiplier  
Detected multiplier at neural_net/p_2_out__0 of size 18x16, it is decomposed from a wide multipler into 3 DSP blocks.
Related violations: <none>

SYNTH-10#3 Warning
Wide multiplier  
Detected multiplier at neural_net/p_2_out__1 of size 18x16, it is decomposed from a wide multipler into 3 DSP blocks.
Related violations: <none>

ULMTCS-1#1 Warning
Control Sets use limits recommend reduction  
This design uses 787 control sets (vs. available limit of 8150, determined by 1 control set per CLB). This exceeds the control set use guideline of 7.5 percent. This is at a level where reduction is RECOMMENDED (see UG949). Use report_control_sets to get more details.
Related violations: <none>

XDCC-4#1 Warning
User Clock constraint overwritten with the same name  
A new clock constraint create_clock overrides a previous user clock constraint with the same name.
New: create_clock -period 10.000 -name sys_clk [get_ports clk_100mhz] (Source: C:/Users/vorte/ECE385/fpga_final_project/lab_final_ml/lab_final_ml.srcs/constrs_1/imports/xdc/drawing_canvas.xdc (Line: 9))
Previous: create_clock -period 10.000 -name sys_clk -waveform {0.000 5.000} [get_ports clk_100mhz] (Source: C:/Users/vorte/ECE385/fpga_final_project/lab_final_ml/lab_final_ml.srcs/constrs_1/new/digit_recognizer.xdc (Line: 11))
Related violations: <none>

XDCC-7#1 Warning
Scoped Clock constraint overwritten on the same source  
A new clock constraint create_clock overrides a previous scoped clock constraint defined on the same source. It is not recommended to override a scoped (typically an IP) clock constraint and could result in unexpected behaviors.
New: create_clock -period 10.000 -name sys_clk -waveform {0.000 5.000} [get_ports clk_100mhz] (Source: C:/Users/vorte/ECE385/fpga_final_project/lab_final_ml/lab_final_ml.srcs/constrs_1/new/digit_recognizer.xdc (Line: 11))
Previous: create_clock -period 10.000 [get_ports clk_100mhz] (Source: c:/Users/vorte/ECE385/fpga_final_project/lab_final_ml/lab_final_ml.gen/sources_1/ip/clk_wiz_0/clk_wiz_0.xdc (Line: 56))
Related violations: <none>

XDCC-8#1 Warning
User Clock constraint overwritten on the same source  
A new clock constraint create_clock overrides a previous user clock constraint defined on the same source.
New: create_clock -period 10.000 -name sys_clk [get_ports clk_100mhz] (Source: C:/Users/vorte/ECE385/fpga_final_project/lab_final_ml/lab_final_ml.srcs/constrs_1/imports/xdc/drawing_canvas.xdc (Line: 9))
Previous: create_clock -period 10.000 -name sys_clk -waveform {0.000 5.000} [get_ports clk_100mhz] (Source: C:/Users/vorte/ECE385/fpga_final_project/lab_final_ml/lab_final_ml.srcs/constrs_1/new/digit_recognizer.xdc (Line: 11))
Related violations: <none>


