Copyright 1986-2022 Xilinx, Inc. All Rights Reserved.
--------------------------------------------------------------------------------------------------------------------------------------------------------------------------------------------
| Tool Version : Vivado v.2022.2 (win64) Build 3671981 Fri Oct 14 05:00:03 MDT 2022
| Date         : Mon Dec  1 19:51:51 2025
| Host         : SirJason running 64-bit major release  (build 9200)
| Command      : report_methodology -file drawing_canvas_top_methodology_drc_routed.rpt -pb drawing_canvas_top_methodology_drc_routed.pb -rpx drawing_canvas_top_methodology_drc_routed.rpx
| Design       : drawing_canvas_top
| Device       : xc7s50csga324-1
| Speed File   : -1
| Design State : Fully Routed
--------------------------------------------------------------------------------------------------------------------------------------------------------------------------------------------

Report Methodology

Table of Contents
-----------------
1. REPORT SUMMARY
2. REPORT DETAILS

1. REPORT SUMMARY
-----------------
            Netlist: netlist
          Floorplan: design_1
      Design limits: <entire design considered>
             Max violations: <unlimited>
             Violations found: 618
+----------+----------+-----------------------------------------------------------+------------+
| Rule     | Severity | Description                                               | Violations |
+----------+----------+-----------------------------------------------------------+------------+
| LUTAR-1  | Warning  | LUT drives async reset alert                              | 2          |
| SYNTH-5  | Warning  | Mapped onto distributed RAM because of timing constraints | 612        |
| ULMTCS-1 | Warning  | Control Sets use limits recommend reduction               | 1          |
| XDCC-4   | Warning  | User Clock constraint overwritten with the same name      | 1          |
| XDCC-7   | Warning  | Scoped Clock constraint overwritten on the same source    | 1          |
| XDCC-8   | Warning  | User Clock constraint overwritten on the same source      | 1          |
+----------+----------+-----------------------------------------------------------+------------+

2. REPORT DETAILS
-----------------
LUTAR-1#1 Warning
LUT drives async reset alert  
LUT cell drawer/hdmi_transmitter_i_1, with 2 or more inputs, drives asynchronous preset/clear pin(s) heartbeat_counter_reg[21]/CLR, heartbeat_counter_reg[22]/CLR,
heartbeat_counter_reg[23]/CLR, heartbeat_counter_reg[2]/CLR,
heartbeat_counter_reg[3]/CLR, heartbeat_counter_reg[4]/CLR,
heartbeat_counter_reg[5]/CLR, heartbeat_counter_reg[6]/CLR,
heartbeat_counter_reg[7]/CLR, heartbeat_counter_reg[8]/CLR,
heartbeat_counter_reg[9]/CLR, move_counter_reg[0]/CLR,
move_counter_reg[1]/CLR, move_counter_reg[2]/CLR, move_counter_reg[3]/CLR
 (the first 15 of 182 listed). The LUT may glitch and trigger an unexpected reset, even if it is a properly timed path.
Related violations: <none>

LUTAR-1#2 Warning
LUT drives async reset alert  
LUT cell hdmi_transmitter/inst/encr/oserdes_m_i_1, with 2 or more inputs, drives asynchronous preset/clear pin(s) hdmi_transmitter/inst/encg/dout_reg[9]/CLR,
hdmi_transmitter/inst/encr/cnt_reg[1]/CLR,
hdmi_transmitter/inst/encr/cnt_reg[2]/CLR,
hdmi_transmitter/inst/encr/cnt_reg[3]/CLR,
hdmi_transmitter/inst/encr/cnt_reg[4]/CLR,
hdmi_transmitter/inst/encr/dout_reg[0]/CLR,
hdmi_transmitter/inst/encr/dout_reg[1]/CLR,
hdmi_transmitter/inst/encr/dout_reg[2]/CLR,
hdmi_transmitter/inst/encr/dout_reg[3]/CLR,
hdmi_transmitter/inst/encr/dout_reg[4]/CLR,
hdmi_transmitter/inst/encr/dout_reg[5]/CLR,
hdmi_transmitter/inst/encr/dout_reg[6]/CLR,
hdmi_transmitter/inst/encr/dout_reg[7]/CLR,
hdmi_transmitter/inst/encr/dout_reg[8]/CLR,
hdmi_transmitter/inst/encr/dout_reg[9]/CLR (the first 15 of 42 listed). The LUT may glitch and trigger an unexpected reset, even if it is a properly timed path.
Related violations: <none>

SYNTH-5#1 Warning
Mapped onto distributed RAM because of timing constraints  
The instance canvas_fb/memory_reg_0_127_0_0 is implemented as distributed LUT RAM for the following reason: The timing constraints suggest that the chosen mapping will yield a better timing.
Related violations: <none>

SYNTH-5#2 Warning
Mapped onto distributed RAM because of timing constraints  
The instance canvas_fb/memory_reg_10112_10239_0_0 is implemented as distributed LUT RAM for the following reason: The timing constraints suggest that the chosen mapping will yield a better timing.
Related violations: <none>

SYNTH-5#3 Warning
Mapped onto distributed RAM because of timing constraints  
The instance canvas_fb/memory_reg_10240_10367_0_0 is implemented as distributed LUT RAM for the following reason: The timing constraints suggest that the chosen mapping will yield a better timing.
Related violations: <none>

SYNTH-5#4 Warning
Mapped onto distributed RAM because of timing constraints  
The instance canvas_fb/memory_reg_1024_1151_0_0 is implemented as distributed LUT RAM for the following reason: The timing constraints suggest that the chosen mapping will yield a better timing.
Related violations: <none>

SYNTH-5#5 Warning
Mapped onto distributed RAM because of timing constraints  
The instance canvas_fb/memory_reg_10368_10495_0_0 is implemented as distributed LUT RAM for the following reason: The timing constraints suggest that the chosen mapping will yield a better timing.
Related violations: <none>

SYNTH-5#6 Warning
Mapped onto distributed RAM because of timing constraints  
The instance canvas_fb/memory_reg_10496_10623_0_0 is implemented as distributed LUT RAM for the following reason: The timing constraints suggest that the chosen mapping will yield a better timing.
Related violations: <none>

SYNTH-5#7 Warning
Mapped onto distributed RAM because of timing constraints  
The instance canvas_fb/memory_reg_10624_10751_0_0 is implemented as distributed LUT RAM for the following reason: The timing constraints suggest that the chosen mapping will yield a better timing.
Related violations: <none>

SYNTH-5#8 Warning
Mapped onto distributed RAM because of timing constraints  
The instance canvas_fb/memory_reg_10752_10879_0_0 is implemented as distributed LUT RAM for the following reason: The timing constraints suggest that the chosen mapping will yield a better timing.
Related violations: <none>

SYNTH-5#9 Warning
Mapped onto distributed RAM because of timing constraints  
The instance canvas_fb/memory_reg_10880_11007_0_0 is implemented as distributed LUT RAM for the following reason: The timing constraints suggest that the chosen mapping will yield a better timing.
Related violations: <none>

SYNTH-5#10 Warning
Mapped onto distributed RAM because of timing constraints  
The instance canvas_fb/memory_reg_11008_11135_0_0 is implemented as distributed LUT RAM for the following reason: The timing constraints suggest that the chosen mapping will yield a better timing.
Related violations: <none>

SYNTH-5#11 Warning
Mapped onto distributed RAM because of timing constraints  
The instance canvas_fb/memory_reg_11136_11263_0_0 is implemented as distributed LUT RAM for the following reason: The timing constraints suggest that the chosen mapping will yield a better timing.
Related violations: <none>

SYNTH-5#12 Warning
Mapped onto distributed RAM because of timing constraints  
The instance canvas_fb/memory_reg_11264_11391_0_0 is implemented as distributed LUT RAM for the following reason: The timing constraints suggest that the chosen mapping will yield a better timing.
Related violations: <none>

SYNTH-5#13 Warning
Mapped onto distributed RAM because of timing constraints  
The instance canvas_fb/memory_reg_11392_11519_0_0 is implemented as distributed LUT RAM for the following reason: The timing constraints suggest that the chosen mapping will yield a better timing.
Related violations: <none>

SYNTH-5#14 Warning
Mapped onto distributed RAM because of timing constraints  
The instance canvas_fb/memory_reg_11520_11647_0_0 is implemented as distributed LUT RAM for the following reason: The timing constraints suggest that the chosen mapping will yield a better timing.
Related violations: <none>

SYNTH-5#15 Warning
Mapped onto distributed RAM because of timing constraints  
The instance canvas_fb/memory_reg_1152_1279_0_0 is implemented as distributed LUT RAM for the following reason: The timing constraints suggest that the chosen mapping will yield a better timing.
Related violations: <none>

SYNTH-5#16 Warning
Mapped onto distributed RAM because of timing constraints  
The instance canvas_fb/memory_reg_11648_11775_0_0 is implemented as distributed LUT RAM for the following reason: The timing constraints suggest that the chosen mapping will yield a better timing.
Related violations: <none>

SYNTH-5#17 Warning
Mapped onto distributed RAM because of timing constraints  
The instance canvas_fb/memory_reg_11776_11903_0_0 is implemented as distributed LUT RAM for the following reason: The timing constraints suggest that the chosen mapping will yield a better timing.
Related violations: <none>

SYNTH-5#18 Warning
Mapped onto distributed RAM because of timing constraints  
The instance canvas_fb/memory_reg_11904_12031_0_0 is implemented as distributed LUT RAM for the following reason: The timing constraints suggest that the chosen mapping will yield a better timing.
Related violations: <none>

SYNTH-5#19 Warning
Mapped onto distributed RAM because of timing constraints  
The instance canvas_fb/memory_reg_12032_12159_0_0 is implemented as distributed LUT RAM for the following reason: The timing constraints suggest that the chosen mapping will yield a better timing.
Related violations: <none>

SYNTH-5#20 Warning
Mapped onto distributed RAM because of timing constraints  
The instance canvas_fb/memory_reg_12160_12287_0_0 is implemented as distributed LUT RAM for the following reason: The timing constraints suggest that the chosen mapping will yield a better timing.
Related violations: <none>

SYNTH-5#21 Warning
Mapped onto distributed RAM because of timing constraints  
The instance canvas_fb/memory_reg_12288_12415_0_0 is implemented as distributed LUT RAM for the following reason: The timing constraints suggest that the chosen mapping will yield a better timing.
Related violations: <none>

SYNTH-5#22 Warning
Mapped onto distributed RAM because of timing constraints  
The instance canvas_fb/memory_reg_12416_12543_0_0 is implemented as distributed LUT RAM for the following reason: The timing constraints suggest that the chosen mapping will yield a better timing.
Related violations: <none>

SYNTH-5#23 Warning
Mapped onto distributed RAM because of timing constraints  
The instance canvas_fb/memory_reg_12544_12671_0_0 is implemented as distributed LUT RAM for the following reason: The timing constraints suggest that the chosen mapping will yield a better timing.
Related violations: <none>

SYNTH-5#24 Warning
Mapped onto distributed RAM because of timing constraints  
The instance canvas_fb/memory_reg_12672_12799_0_0 is implemented as distributed LUT RAM for the following reason: The timing constraints suggest that the chosen mapping will yield a better timing.
Related violations: <none>

SYNTH-5#25 Warning
Mapped onto distributed RAM because of timing constraints  
The instance canvas_fb/memory_reg_12800_12927_0_0 is implemented as distributed LUT RAM for the following reason: The timing constraints suggest that the chosen mapping will yield a better timing.
Related violations: <none>

SYNTH-5#26 Warning
Mapped onto distributed RAM because of timing constraints  
The instance canvas_fb/memory_reg_1280_1407_0_0 is implemented as distributed LUT RAM for the following reason: The timing constraints suggest that the chosen mapping will yield a better timing.
Related violations: <none>

SYNTH-5#27 Warning
Mapped onto distributed RAM because of timing constraints  
The instance canvas_fb/memory_reg_128_255_0_0 is implemented as distributed LUT RAM for the following reason: The timing constraints suggest that the chosen mapping will yield a better timing.
Related violations: <none>

SYNTH-5#28 Warning
Mapped onto distributed RAM because of timing constraints  
The instance canvas_fb/memory_reg_12928_13055_0_0 is implemented as distributed LUT RAM for the following reason: The timing constraints suggest that the chosen mapping will yield a better timing.
Related violations: <none>

SYNTH-5#29 Warning
Mapped onto distributed RAM because of timing constraints  
The instance canvas_fb/memory_reg_13056_13183_0_0 is implemented as distributed LUT RAM for the following reason: The timing constraints suggest that the chosen mapping will yield a better timing.
Related violations: <none>

SYNTH-5#30 Warning
Mapped onto distributed RAM because of timing constraints  
The instance canvas_fb/memory_reg_13184_13311_0_0 is implemented as distributed LUT RAM for the following reason: The timing constraints suggest that the chosen mapping will yield a better timing.
Related violations: <none>

SYNTH-5#31 Warning
Mapped onto distributed RAM because of timing constraints  
The instance canvas_fb/memory_reg_13312_13439_0_0 is implemented as distributed LUT RAM for the following reason: The timing constraints suggest that the chosen mapping will yield a better timing.
Related violations: <none>

SYNTH-5#32 Warning
Mapped onto distributed RAM because of timing constraints  
The instance canvas_fb/memory_reg_13440_13567_0_0 is implemented as distributed LUT RAM for the following reason: The timing constraints suggest that the chosen mapping will yield a better timing.
Related violations: <none>

SYNTH-5#33 Warning
Mapped onto distributed RAM because of timing constraints  
The instance canvas_fb/memory_reg_13568_13695_0_0 is implemented as distributed LUT RAM for the following reason: The timing constraints suggest that the chosen mapping will yield a better timing.
Related violations: <none>

SYNTH-5#34 Warning
Mapped onto distributed RAM because of timing constraints  
The instance canvas_fb/memory_reg_13696_13823_0_0 is implemented as distributed LUT RAM for the following reason: The timing constraints suggest that the chosen mapping will yield a better timing.
Related violations: <none>

SYNTH-5#35 Warning
Mapped onto distributed RAM because of timing constraints  
The instance canvas_fb/memory_reg_13824_13951_0_0 is implemented as distributed LUT RAM for the following reason: The timing constraints suggest that the chosen mapping will yield a better timing.
Related violations: <none>

SYNTH-5#36 Warning
Mapped onto distributed RAM because of timing constraints  
The instance canvas_fb/memory_reg_13952_14079_0_0 is implemented as distributed LUT RAM for the following reason: The timing constraints suggest that the chosen mapping will yield a better timing.
Related violations: <none>

SYNTH-5#37 Warning
Mapped onto distributed RAM because of timing constraints  
The instance canvas_fb/memory_reg_14080_14207_0_0 is implemented as distributed LUT RAM for the following reason: The timing constraints suggest that the chosen mapping will yield a better timing.
Related violations: <none>

SYNTH-5#38 Warning
Mapped onto distributed RAM because of timing constraints  
The instance canvas_fb/memory_reg_1408_1535_0_0 is implemented as distributed LUT RAM for the following reason: The timing constraints suggest that the chosen mapping will yield a better timing.
Related violations: <none>

SYNTH-5#39 Warning
Mapped onto distributed RAM because of timing constraints  
The instance canvas_fb/memory_reg_14208_14335_0_0 is implemented as distributed LUT RAM for the following reason: The timing constraints suggest that the chosen mapping will yield a better timing.
Related violations: <none>

SYNTH-5#40 Warning
Mapped onto distributed RAM because of timing constraints  
The instance canvas_fb/memory_reg_14336_14463_0_0 is implemented as distributed LUT RAM for the following reason: The timing constraints suggest that the chosen mapping will yield a better timing.
Related violations: <none>

SYNTH-5#41 Warning
Mapped onto distributed RAM because of timing constraints  
The instance canvas_fb/memory_reg_14464_14591_0_0 is implemented as distributed LUT RAM for the following reason: The timing constraints suggest that the chosen mapping will yield a better timing.
Related violations: <none>

SYNTH-5#42 Warning
Mapped onto distributed RAM because of timing constraints  
The instance canvas_fb/memory_reg_14592_14719_0_0 is implemented as distributed LUT RAM for the following reason: The timing constraints suggest that the chosen mapping will yield a better timing.
Related violations: <none>

SYNTH-5#43 Warning
Mapped onto distributed RAM because of timing constraints  
The instance canvas_fb/memory_reg_14720_14847_0_0 is implemented as distributed LUT RAM for the following reason: The timing constraints suggest that the chosen mapping will yield a better timing.
Related violations: <none>

SYNTH-5#44 Warning
Mapped onto distributed RAM because of timing constraints  
The instance canvas_fb/memory_reg_14848_14975_0_0 is implemented as distributed LUT RAM for the following reason: The timing constraints suggest that the chosen mapping will yield a better timing.
Related violations: <none>

SYNTH-5#45 Warning
Mapped onto distributed RAM because of timing constraints  
The instance canvas_fb/memory_reg_14976_15103_0_0 is implemented as distributed LUT RAM for the following reason: The timing constraints suggest that the chosen mapping will yield a better timing.
Related violations: <none>

SYNTH-5#46 Warning
Mapped onto distributed RAM because of timing constraints  
The instance canvas_fb/memory_reg_15104_15231_0_0 is implemented as distributed LUT RAM for the following reason: The timing constraints suggest that the chosen mapping will yield a better timing.
Related violations: <none>

SYNTH-5#47 Warning
Mapped onto distributed RAM because of timing constraints  
The instance canvas_fb/memory_reg_15232_15359_0_0 is implemented as distributed LUT RAM for the following reason: The timing constraints suggest that the chosen mapping will yield a better timing.
Related violations: <none>

SYNTH-5#48 Warning
Mapped onto distributed RAM because of timing constraints  
The instance canvas_fb/memory_reg_15360_15487_0_0 is implemented as distributed LUT RAM for the following reason: The timing constraints suggest that the chosen mapping will yield a better timing.
Related violations: <none>

SYNTH-5#49 Warning
Mapped onto distributed RAM because of timing constraints  
The instance canvas_fb/memory_reg_1536_1663_0_0 is implemented as distributed LUT RAM for the following reason: The timing constraints suggest that the chosen mapping will yield a better timing.
Related violations: <none>

SYNTH-5#50 Warning
Mapped onto distributed RAM because of timing constraints  
The instance canvas_fb/memory_reg_15488_15615_0_0 is implemented as distributed LUT RAM for the following reason: The timing constraints suggest that the chosen mapping will yield a better timing.
Related violations: <none>

SYNTH-5#51 Warning
Mapped onto distributed RAM because of timing constraints  
The instance canvas_fb/memory_reg_15616_15743_0_0 is implemented as distributed LUT RAM for the following reason: The timing constraints suggest that the chosen mapping will yield a better timing.
Related violations: <none>

SYNTH-5#52 Warning
Mapped onto distributed RAM because of timing constraints  
The instance canvas_fb/memory_reg_15744_15871_0_0 is implemented as distributed LUT RAM for the following reason: The timing constraints suggest that the chosen mapping will yield a better timing.
Related violations: <none>

SYNTH-5#53 Warning
Mapped onto distributed RAM because of timing constraints  
The instance canvas_fb/memory_reg_15872_15999_0_0 is implemented as distributed LUT RAM for the following reason: The timing constraints suggest that the chosen mapping will yield a better timing.
Related violations: <none>

SYNTH-5#54 Warning
Mapped onto distributed RAM because of timing constraints  
The instance canvas_fb/memory_reg_16000_16127_0_0 is implemented as distributed LUT RAM for the following reason: The timing constraints suggest that the chosen mapping will yield a better timing.
Related violations: <none>

SYNTH-5#55 Warning
Mapped onto distributed RAM because of timing constraints  
The instance canvas_fb/memory_reg_16128_16255_0_0 is implemented as distributed LUT RAM for the following reason: The timing constraints suggest that the chosen mapping will yield a better timing.
Related violations: <none>

SYNTH-5#56 Warning
Mapped onto distributed RAM because of timing constraints  
The instance canvas_fb/memory_reg_16256_16383_0_0 is implemented as distributed LUT RAM for the following reason: The timing constraints suggest that the chosen mapping will yield a better timing.
Related violations: <none>

SYNTH-5#57 Warning
Mapped onto distributed RAM because of timing constraints  
The instance canvas_fb/memory_reg_16384_16511_0_0 is implemented as distributed LUT RAM for the following reason: The timing constraints suggest that the chosen mapping will yield a better timing.
Related violations: <none>

SYNTH-5#58 Warning
Mapped onto distributed RAM because of timing constraints  
The instance canvas_fb/memory_reg_16512_16639_0_0 is implemented as distributed LUT RAM for the following reason: The timing constraints suggest that the chosen mapping will yield a better timing.
Related violations: <none>

SYNTH-5#59 Warning
Mapped onto distributed RAM because of timing constraints  
The instance canvas_fb/memory_reg_16640_16767_0_0 is implemented as distributed LUT RAM for the following reason: The timing constraints suggest that the chosen mapping will yield a better timing.
Related violations: <none>

SYNTH-5#60 Warning
Mapped onto distributed RAM because of timing constraints  
The instance canvas_fb/memory_reg_1664_1791_0_0 is implemented as distributed LUT RAM for the following reason: The timing constraints suggest that the chosen mapping will yield a better timing.
Related violations: <none>

SYNTH-5#61 Warning
Mapped onto distributed RAM because of timing constraints  
The instance canvas_fb/memory_reg_16768_16895_0_0 is implemented as distributed LUT RAM for the following reason: The timing constraints suggest that the chosen mapping will yield a better timing.
Related violations: <none>

SYNTH-5#62 Warning
Mapped onto distributed RAM because of timing constraints  
The instance canvas_fb/memory_reg_16896_17023_0_0 is implemented as distributed LUT RAM for the following reason: The timing constraints suggest that the chosen mapping will yield a better timing.
Related violations: <none>

SYNTH-5#63 Warning
Mapped onto distributed RAM because of timing constraints  
The instance canvas_fb/memory_reg_17024_17151_0_0 is implemented as distributed LUT RAM for the following reason: The timing constraints suggest that the chosen mapping will yield a better timing.
Related violations: <none>

SYNTH-5#64 Warning
Mapped onto distributed RAM because of timing constraints  
The instance canvas_fb/memory_reg_17152_17279_0_0 is implemented as distributed LUT RAM for the following reason: The timing constraints suggest that the chosen mapping will yield a better timing.
Related violations: <none>

SYNTH-5#65 Warning
Mapped onto distributed RAM because of timing constraints  
The instance canvas_fb/memory_reg_17280_17407_0_0 is implemented as distributed LUT RAM for the following reason: The timing constraints suggest that the chosen mapping will yield a better timing.
Related violations: <none>

SYNTH-5#66 Warning
Mapped onto distributed RAM because of timing constraints  
The instance canvas_fb/memory_reg_17408_17535_0_0 is implemented as distributed LUT RAM for the following reason: The timing constraints suggest that the chosen mapping will yield a better timing.
Related violations: <none>

SYNTH-5#67 Warning
Mapped onto distributed RAM because of timing constraints  
The instance canvas_fb/memory_reg_17536_17663_0_0 is implemented as distributed LUT RAM for the following reason: The timing constraints suggest that the chosen mapping will yield a better timing.
Related violations: <none>

SYNTH-5#68 Warning
Mapped onto distributed RAM because of timing constraints  
The instance canvas_fb/memory_reg_17664_17791_0_0 is implemented as distributed LUT RAM for the following reason: The timing constraints suggest that the chosen mapping will yield a better timing.
Related violations: <none>

SYNTH-5#69 Warning
Mapped onto distributed RAM because of timing constraints  
The instance canvas_fb/memory_reg_17792_17919_0_0 is implemented as distributed LUT RAM for the following reason: The timing constraints suggest that the chosen mapping will yield a better timing.
Related violations: <none>

SYNTH-5#70 Warning
Mapped onto distributed RAM because of timing constraints  
The instance canvas_fb/memory_reg_17920_18047_0_0 is implemented as distributed LUT RAM for the following reason: The timing constraints suggest that the chosen mapping will yield a better timing.
Related violations: <none>

SYNTH-5#71 Warning
Mapped onto distributed RAM because of timing constraints  
The instance canvas_fb/memory_reg_1792_1919_0_0 is implemented as distributed LUT RAM for the following reason: The timing constraints suggest that the chosen mapping will yield a better timing.
Related violations: <none>

SYNTH-5#72 Warning
Mapped onto distributed RAM because of timing constraints  
The instance canvas_fb/memory_reg_18048_18175_0_0 is implemented as distributed LUT RAM for the following reason: The timing constraints suggest that the chosen mapping will yield a better timing.
Related violations: <none>

SYNTH-5#73 Warning
Mapped onto distributed RAM because of timing constraints  
The instance canvas_fb/memory_reg_18176_18303_0_0 is implemented as distributed LUT RAM for the following reason: The timing constraints suggest that the chosen mapping will yield a better timing.
Related violations: <none>

SYNTH-5#74 Warning
Mapped onto distributed RAM because of timing constraints  
The instance canvas_fb/memory_reg_18304_18431_0_0 is implemented as distributed LUT RAM for the following reason: The timing constraints suggest that the chosen mapping will yield a better timing.
Related violations: <none>

SYNTH-5#75 Warning
Mapped onto distributed RAM because of timing constraints  
The instance canvas_fb/memory_reg_18432_18559_0_0 is implemented as distributed LUT RAM for the following reason: The timing constraints suggest that the chosen mapping will yield a better timing.
Related violations: <none>

SYNTH-5#76 Warning
Mapped onto distributed RAM because of timing constraints  
The instance canvas_fb/memory_reg_18560_18687_0_0 is implemented as distributed LUT RAM for the following reason: The timing constraints suggest that the chosen mapping will yield a better timing.
Related violations: <none>

SYNTH-5#77 Warning
Mapped onto distributed RAM because of timing constraints  
The instance canvas_fb/memory_reg_18688_18815_0_0 is implemented as distributed LUT RAM for the following reason: The timing constraints suggest that the chosen mapping will yield a better timing.
Related violations: <none>

SYNTH-5#78 Warning
Mapped onto distributed RAM because of timing constraints  
The instance canvas_fb/memory_reg_18816_18943_0_0 is implemented as distributed LUT RAM for the following reason: The timing constraints suggest that the chosen mapping will yield a better timing.
Related violations: <none>

SYNTH-5#79 Warning
Mapped onto distributed RAM because of timing constraints  
The instance canvas_fb/memory_reg_18944_19071_0_0 is implemented as distributed LUT RAM for the following reason: The timing constraints suggest that the chosen mapping will yield a better timing.
Related violations: <none>

SYNTH-5#80 Warning
Mapped onto distributed RAM because of timing constraints  
The instance canvas_fb/memory_reg_19072_19199_0_0 is implemented as distributed LUT RAM for the following reason: The timing constraints suggest that the chosen mapping will yield a better timing.
Related violations: <none>

SYNTH-5#81 Warning
Mapped onto distributed RAM because of timing constraints  
The instance canvas_fb/memory_reg_19200_19327_0_0 is implemented as distributed LUT RAM for the following reason: The timing constraints suggest that the chosen mapping will yield a better timing.
Related violations: <none>

SYNTH-5#82 Warning
Mapped onto distributed RAM because of timing constraints  
The instance canvas_fb/memory_reg_1920_2047_0_0 is implemented as distributed LUT RAM for the following reason: The timing constraints suggest that the chosen mapping will yield a better timing.
Related violations: <none>

SYNTH-5#83 Warning
Mapped onto distributed RAM because of timing constraints  
The instance canvas_fb/memory_reg_19328_19455_0_0 is implemented as distributed LUT RAM for the following reason: The timing constraints suggest that the chosen mapping will yield a better timing.
Related violations: <none>

SYNTH-5#84 Warning
Mapped onto distributed RAM because of timing constraints  
The instance canvas_fb/memory_reg_19456_19583_0_0 is implemented as distributed LUT RAM for the following reason: The timing constraints suggest that the chosen mapping will yield a better timing.
Related violations: <none>

SYNTH-5#85 Warning
Mapped onto distributed RAM because of timing constraints  
The instance canvas_fb/memory_reg_19584_19711_0_0 is implemented as distributed LUT RAM for the following reason: The timing constraints suggest that the chosen mapping will yield a better timing.
Related violations: <none>

SYNTH-5#86 Warning
Mapped onto distributed RAM because of timing constraints  
The instance canvas_fb/memory_reg_19712_19839_0_0 is implemented as distributed LUT RAM for the following reason: The timing constraints suggest that the chosen mapping will yield a better timing.
Related violations: <none>

SYNTH-5#87 Warning
Mapped onto distributed RAM because of timing constraints  
The instance canvas_fb/memory_reg_19840_19967_0_0 is implemented as distributed LUT RAM for the following reason: The timing constraints suggest that the chosen mapping will yield a better timing.
Related violations: <none>

SYNTH-5#88 Warning
Mapped onto distributed RAM because of timing constraints  
The instance canvas_fb/memory_reg_19968_20095_0_0 is implemented as distributed LUT RAM for the following reason: The timing constraints suggest that the chosen mapping will yield a better timing.
Related violations: <none>

SYNTH-5#89 Warning
Mapped onto distributed RAM because of timing constraints  
The instance canvas_fb/memory_reg_20096_20223_0_0 is implemented as distributed LUT RAM for the following reason: The timing constraints suggest that the chosen mapping will yield a better timing.
Related violations: <none>

SYNTH-5#90 Warning
Mapped onto distributed RAM because of timing constraints  
The instance canvas_fb/memory_reg_20224_20351_0_0 is implemented as distributed LUT RAM for the following reason: The timing constraints suggest that the chosen mapping will yield a better timing.
Related violations: <none>

SYNTH-5#91 Warning
Mapped onto distributed RAM because of timing constraints  
The instance canvas_fb/memory_reg_20352_20479_0_0 is implemented as distributed LUT RAM for the following reason: The timing constraints suggest that the chosen mapping will yield a better timing.
Related violations: <none>

SYNTH-5#92 Warning
Mapped onto distributed RAM because of timing constraints  
The instance canvas_fb/memory_reg_20480_20607_0_0 is implemented as distributed LUT RAM for the following reason: The timing constraints suggest that the chosen mapping will yield a better timing.
Related violations: <none>

SYNTH-5#93 Warning
Mapped onto distributed RAM because of timing constraints  
The instance canvas_fb/memory_reg_2048_2175_0_0 is implemented as distributed LUT RAM for the following reason: The timing constraints suggest that the chosen mapping will yield a better timing.
Related violations: <none>

SYNTH-5#94 Warning
Mapped onto distributed RAM because of timing constraints  
The instance canvas_fb/memory_reg_20608_20735_0_0 is implemented as distributed LUT RAM for the following reason: The timing constraints suggest that the chosen mapping will yield a better timing.
Related violations: <none>

SYNTH-5#95 Warning
Mapped onto distributed RAM because of timing constraints  
The instance canvas_fb/memory_reg_20736_20863_0_0 is implemented as distributed LUT RAM for the following reason: The timing constraints suggest that the chosen mapping will yield a better timing.
Related violations: <none>

SYNTH-5#96 Warning
Mapped onto distributed RAM because of timing constraints  
The instance canvas_fb/memory_reg_20864_20991_0_0 is implemented as distributed LUT RAM for the following reason: The timing constraints suggest that the chosen mapping will yield a better timing.
Related violations: <none>

SYNTH-5#97 Warning
Mapped onto distributed RAM because of timing constraints  
The instance canvas_fb/memory_reg_20992_21119_0_0 is implemented as distributed LUT RAM for the following reason: The timing constraints suggest that the chosen mapping will yield a better timing.
Related violations: <none>

SYNTH-5#98 Warning
Mapped onto distributed RAM because of timing constraints  
The instance canvas_fb/memory_reg_21120_21247_0_0 is implemented as distributed LUT RAM for the following reason: The timing constraints suggest that the chosen mapping will yield a better timing.
Related violations: <none>

SYNTH-5#99 Warning
Mapped onto distributed RAM because of timing constraints  
The instance canvas_fb/memory_reg_21248_21375_0_0 is implemented as distributed LUT RAM for the following reason: The timing constraints suggest that the chosen mapping will yield a better timing.
Related violations: <none>

SYNTH-5#100 Warning
Mapped onto distributed RAM because of timing constraints  
The instance canvas_fb/memory_reg_21376_21503_0_0 is implemented as distributed LUT RAM for the following reason: The timing constraints suggest that the chosen mapping will yield a better timing.
Related violations: <none>

SYNTH-5#101 Warning
Mapped onto distributed RAM because of timing constraints  
The instance canvas_fb/memory_reg_21504_21631_0_0 is implemented as distributed LUT RAM for the following reason: The timing constraints suggest that the chosen mapping will yield a better timing.
Related violations: <none>

SYNTH-5#102 Warning
Mapped onto distributed RAM because of timing constraints  
The instance canvas_fb/memory_reg_21632_21759_0_0 is implemented as distributed LUT RAM for the following reason: The timing constraints suggest that the chosen mapping will yield a better timing.
Related violations: <none>

SYNTH-5#103 Warning
Mapped onto distributed RAM because of timing constraints  
The instance canvas_fb/memory_reg_21760_21887_0_0 is implemented as distributed LUT RAM for the following reason: The timing constraints suggest that the chosen mapping will yield a better timing.
Related violations: <none>

SYNTH-5#104 Warning
Mapped onto distributed RAM because of timing constraints  
The instance canvas_fb/memory_reg_2176_2303_0_0 is implemented as distributed LUT RAM for the following reason: The timing constraints suggest that the chosen mapping will yield a better timing.
Related violations: <none>

SYNTH-5#105 Warning
Mapped onto distributed RAM because of timing constraints  
The instance canvas_fb/memory_reg_21888_22015_0_0 is implemented as distributed LUT RAM for the following reason: The timing constraints suggest that the chosen mapping will yield a better timing.
Related violations: <none>

SYNTH-5#106 Warning
Mapped onto distributed RAM because of timing constraints  
The instance canvas_fb/memory_reg_22016_22143_0_0 is implemented as distributed LUT RAM for the following reason: The timing constraints suggest that the chosen mapping will yield a better timing.
Related violations: <none>

SYNTH-5#107 Warning
Mapped onto distributed RAM because of timing constraints  
The instance canvas_fb/memory_reg_22144_22271_0_0 is implemented as distributed LUT RAM for the following reason: The timing constraints suggest that the chosen mapping will yield a better timing.
Related violations: <none>

SYNTH-5#108 Warning
Mapped onto distributed RAM because of timing constraints  
The instance canvas_fb/memory_reg_22272_22399_0_0 is implemented as distributed LUT RAM for the following reason: The timing constraints suggest that the chosen mapping will yield a better timing.
Related violations: <none>

SYNTH-5#109 Warning
Mapped onto distributed RAM because of timing constraints  
The instance canvas_fb/memory_reg_22400_22527_0_0 is implemented as distributed LUT RAM for the following reason: The timing constraints suggest that the chosen mapping will yield a better timing.
Related violations: <none>

SYNTH-5#110 Warning
Mapped onto distributed RAM because of timing constraints  
The instance canvas_fb/memory_reg_22528_22655_0_0 is implemented as distributed LUT RAM for the following reason: The timing constraints suggest that the chosen mapping will yield a better timing.
Related violations: <none>

SYNTH-5#111 Warning
Mapped onto distributed RAM because of timing constraints  
The instance canvas_fb/memory_reg_22656_22783_0_0 is implemented as distributed LUT RAM for the following reason: The timing constraints suggest that the chosen mapping will yield a better timing.
Related violations: <none>

SYNTH-5#112 Warning
Mapped onto distributed RAM because of timing constraints  
The instance canvas_fb/memory_reg_22784_22911_0_0 is implemented as distributed LUT RAM for the following reason: The timing constraints suggest that the chosen mapping will yield a better timing.
Related violations: <none>

SYNTH-5#113 Warning
Mapped onto distributed RAM because of timing constraints  
The instance canvas_fb/memory_reg_22912_23039_0_0 is implemented as distributed LUT RAM for the following reason: The timing constraints suggest that the chosen mapping will yield a better timing.
Related violations: <none>

SYNTH-5#114 Warning
Mapped onto distributed RAM because of timing constraints  
The instance canvas_fb/memory_reg_23040_23167_0_0 is implemented as distributed LUT RAM for the following reason: The timing constraints suggest that the chosen mapping will yield a better timing.
Related violations: <none>

SYNTH-5#115 Warning
Mapped onto distributed RAM because of timing constraints  
The instance canvas_fb/memory_reg_2304_2431_0_0 is implemented as distributed LUT RAM for the following reason: The timing constraints suggest that the chosen mapping will yield a better timing.
Related violations: <none>

SYNTH-5#116 Warning
Mapped onto distributed RAM because of timing constraints  
The instance canvas_fb/memory_reg_23168_23295_0_0 is implemented as distributed LUT RAM for the following reason: The timing constraints suggest that the chosen mapping will yield a better timing.
Related violations: <none>

SYNTH-5#117 Warning
Mapped onto distributed RAM because of timing constraints  
The instance canvas_fb/memory_reg_23296_23423_0_0 is implemented as distributed LUT RAM for the following reason: The timing constraints suggest that the chosen mapping will yield a better timing.
Related violations: <none>

SYNTH-5#118 Warning
Mapped onto distributed RAM because of timing constraints  
The instance canvas_fb/memory_reg_23424_23551_0_0 is implemented as distributed LUT RAM for the following reason: The timing constraints suggest that the chosen mapping will yield a better timing.
Related violations: <none>

SYNTH-5#119 Warning
Mapped onto distributed RAM because of timing constraints  
The instance canvas_fb/memory_reg_23552_23679_0_0 is implemented as distributed LUT RAM for the following reason: The timing constraints suggest that the chosen mapping will yield a better timing.
Related violations: <none>

SYNTH-5#120 Warning
Mapped onto distributed RAM because of timing constraints  
The instance canvas_fb/memory_reg_23680_23807_0_0 is implemented as distributed LUT RAM for the following reason: The timing constraints suggest that the chosen mapping will yield a better timing.
Related violations: <none>

SYNTH-5#121 Warning
Mapped onto distributed RAM because of timing constraints  
The instance canvas_fb/memory_reg_23808_23935_0_0 is implemented as distributed LUT RAM for the following reason: The timing constraints suggest that the chosen mapping will yield a better timing.
Related violations: <none>

SYNTH-5#122 Warning
Mapped onto distributed RAM because of timing constraints  
The instance canvas_fb/memory_reg_23936_24063_0_0 is implemented as distributed LUT RAM for the following reason: The timing constraints suggest that the chosen mapping will yield a better timing.
Related violations: <none>

SYNTH-5#123 Warning
Mapped onto distributed RAM because of timing constraints  
The instance canvas_fb/memory_reg_24064_24191_0_0 is implemented as distributed LUT RAM for the following reason: The timing constraints suggest that the chosen mapping will yield a better timing.
Related violations: <none>

SYNTH-5#124 Warning
Mapped onto distributed RAM because of timing constraints  
The instance canvas_fb/memory_reg_24192_24319_0_0 is implemented as distributed LUT RAM for the following reason: The timing constraints suggest that the chosen mapping will yield a better timing.
Related violations: <none>

SYNTH-5#125 Warning
Mapped onto distributed RAM because of timing constraints  
The instance canvas_fb/memory_reg_24320_24447_0_0 is implemented as distributed LUT RAM for the following reason: The timing constraints suggest that the chosen mapping will yield a better timing.
Related violations: <none>

SYNTH-5#126 Warning
Mapped onto distributed RAM because of timing constraints  
The instance canvas_fb/memory_reg_2432_2559_0_0 is implemented as distributed LUT RAM for the following reason: The timing constraints suggest that the chosen mapping will yield a better timing.
Related violations: <none>

SYNTH-5#127 Warning
Mapped onto distributed RAM because of timing constraints  
The instance canvas_fb/memory_reg_24448_24575_0_0 is implemented as distributed LUT RAM for the following reason: The timing constraints suggest that the chosen mapping will yield a better timing.
Related violations: <none>

SYNTH-5#128 Warning
Mapped onto distributed RAM because of timing constraints  
The instance canvas_fb/memory_reg_24576_24703_0_0 is implemented as distributed LUT RAM for the following reason: The timing constraints suggest that the chosen mapping will yield a better timing.
Related violations: <none>

SYNTH-5#129 Warning
Mapped onto distributed RAM because of timing constraints  
The instance canvas_fb/memory_reg_24704_24831_0_0 is implemented as distributed LUT RAM for the following reason: The timing constraints suggest that the chosen mapping will yield a better timing.
Related violations: <none>

SYNTH-5#130 Warning
Mapped onto distributed RAM because of timing constraints  
The instance canvas_fb/memory_reg_24832_24959_0_0 is implemented as distributed LUT RAM for the following reason: The timing constraints suggest that the chosen mapping will yield a better timing.
Related violations: <none>

SYNTH-5#131 Warning
Mapped onto distributed RAM because of timing constraints  
The instance canvas_fb/memory_reg_24960_25087_0_0 is implemented as distributed LUT RAM for the following reason: The timing constraints suggest that the chosen mapping will yield a better timing.
Related violations: <none>

SYNTH-5#132 Warning
Mapped onto distributed RAM because of timing constraints  
The instance canvas_fb/memory_reg_25088_25215_0_0 is implemented as distributed LUT RAM for the following reason: The timing constraints suggest that the chosen mapping will yield a better timing.
Related violations: <none>

SYNTH-5#133 Warning
Mapped onto distributed RAM because of timing constraints  
The instance canvas_fb/memory_reg_25216_25343_0_0 is implemented as distributed LUT RAM for the following reason: The timing constraints suggest that the chosen mapping will yield a better timing.
Related violations: <none>

SYNTH-5#134 Warning
Mapped onto distributed RAM because of timing constraints  
The instance canvas_fb/memory_reg_25344_25471_0_0 is implemented as distributed LUT RAM for the following reason: The timing constraints suggest that the chosen mapping will yield a better timing.
Related violations: <none>

SYNTH-5#135 Warning
Mapped onto distributed RAM because of timing constraints  
The instance canvas_fb/memory_reg_25472_25599_0_0 is implemented as distributed LUT RAM for the following reason: The timing constraints suggest that the chosen mapping will yield a better timing.
Related violations: <none>

SYNTH-5#136 Warning
Mapped onto distributed RAM because of timing constraints  
The instance canvas_fb/memory_reg_25600_25727_0_0 is implemented as distributed LUT RAM for the following reason: The timing constraints suggest that the chosen mapping will yield a better timing.
Related violations: <none>

SYNTH-5#137 Warning
Mapped onto distributed RAM because of timing constraints  
The instance canvas_fb/memory_reg_2560_2687_0_0 is implemented as distributed LUT RAM for the following reason: The timing constraints suggest that the chosen mapping will yield a better timing.
Related violations: <none>

SYNTH-5#138 Warning
Mapped onto distributed RAM because of timing constraints  
The instance canvas_fb/memory_reg_256_383_0_0 is implemented as distributed LUT RAM for the following reason: The timing constraints suggest that the chosen mapping will yield a better timing.
Related violations: <none>

SYNTH-5#139 Warning
Mapped onto distributed RAM because of timing constraints  
The instance canvas_fb/memory_reg_25728_25855_0_0 is implemented as distributed LUT RAM for the following reason: The timing constraints suggest that the chosen mapping will yield a better timing.
Related violations: <none>

SYNTH-5#140 Warning
Mapped onto distributed RAM because of timing constraints  
The instance canvas_fb/memory_reg_25856_25983_0_0 is implemented as distributed LUT RAM for the following reason: The timing constraints suggest that the chosen mapping will yield a better timing.
Related violations: <none>

SYNTH-5#141 Warning
Mapped onto distributed RAM because of timing constraints  
The instance canvas_fb/memory_reg_25984_26111_0_0 is implemented as distributed LUT RAM for the following reason: The timing constraints suggest that the chosen mapping will yield a better timing.
Related violations: <none>

SYNTH-5#142 Warning
Mapped onto distributed RAM because of timing constraints  
The instance canvas_fb/memory_reg_26112_26239_0_0 is implemented as distributed LUT RAM for the following reason: The timing constraints suggest that the chosen mapping will yield a better timing.
Related violations: <none>

SYNTH-5#143 Warning
Mapped onto distributed RAM because of timing constraints  
The instance canvas_fb/memory_reg_26240_26367_0_0 is implemented as distributed LUT RAM for the following reason: The timing constraints suggest that the chosen mapping will yield a better timing.
Related violations: <none>

SYNTH-5#144 Warning
Mapped onto distributed RAM because of timing constraints  
The instance canvas_fb/memory_reg_26368_26495_0_0 is implemented as distributed LUT RAM for the following reason: The timing constraints suggest that the chosen mapping will yield a better timing.
Related violations: <none>

SYNTH-5#145 Warning
Mapped onto distributed RAM because of timing constraints  
The instance canvas_fb/memory_reg_26496_26623_0_0 is implemented as distributed LUT RAM for the following reason: The timing constraints suggest that the chosen mapping will yield a better timing.
Related violations: <none>

SYNTH-5#146 Warning
Mapped onto distributed RAM because of timing constraints  
The instance canvas_fb/memory_reg_26624_26751_0_0 is implemented as distributed LUT RAM for the following reason: The timing constraints suggest that the chosen mapping will yield a better timing.
Related violations: <none>

SYNTH-5#147 Warning
Mapped onto distributed RAM because of timing constraints  
The instance canvas_fb/memory_reg_26752_26879_0_0 is implemented as distributed LUT RAM for the following reason: The timing constraints suggest that the chosen mapping will yield a better timing.
Related violations: <none>

SYNTH-5#148 Warning
Mapped onto distributed RAM because of timing constraints  
The instance canvas_fb/memory_reg_26880_27007_0_0 is implemented as distributed LUT RAM for the following reason: The timing constraints suggest that the chosen mapping will yield a better timing.
Related violations: <none>

SYNTH-5#149 Warning
Mapped onto distributed RAM because of timing constraints  
The instance canvas_fb/memory_reg_2688_2815_0_0 is implemented as distributed LUT RAM for the following reason: The timing constraints suggest that the chosen mapping will yield a better timing.
Related violations: <none>

SYNTH-5#150 Warning
Mapped onto distributed RAM because of timing constraints  
The instance canvas_fb/memory_reg_27008_27135_0_0 is implemented as distributed LUT RAM for the following reason: The timing constraints suggest that the chosen mapping will yield a better timing.
Related violations: <none>

SYNTH-5#151 Warning
Mapped onto distributed RAM because of timing constraints  
The instance canvas_fb/memory_reg_27136_27263_0_0 is implemented as distributed LUT RAM for the following reason: The timing constraints suggest that the chosen mapping will yield a better timing.
Related violations: <none>

SYNTH-5#152 Warning
Mapped onto distributed RAM because of timing constraints  
The instance canvas_fb/memory_reg_27264_27391_0_0 is implemented as distributed LUT RAM for the following reason: The timing constraints suggest that the chosen mapping will yield a better timing.
Related violations: <none>

SYNTH-5#153 Warning
Mapped onto distributed RAM because of timing constraints  
The instance canvas_fb/memory_reg_27392_27519_0_0 is implemented as distributed LUT RAM for the following reason: The timing constraints suggest that the chosen mapping will yield a better timing.
Related violations: <none>

SYNTH-5#154 Warning
Mapped onto distributed RAM because of timing constraints  
The instance canvas_fb/memory_reg_27520_27647_0_0 is implemented as distributed LUT RAM for the following reason: The timing constraints suggest that the chosen mapping will yield a better timing.
Related violations: <none>

SYNTH-5#155 Warning
Mapped onto distributed RAM because of timing constraints  
The instance canvas_fb/memory_reg_27648_27775_0_0 is implemented as distributed LUT RAM for the following reason: The timing constraints suggest that the chosen mapping will yield a better timing.
Related violations: <none>

SYNTH-5#156 Warning
Mapped onto distributed RAM because of timing constraints  
The instance canvas_fb/memory_reg_27776_27903_0_0 is implemented as distributed LUT RAM for the following reason: The timing constraints suggest that the chosen mapping will yield a better timing.
Related violations: <none>

SYNTH-5#157 Warning
Mapped onto distributed RAM because of timing constraints  
The instance canvas_fb/memory_reg_27904_28031_0_0 is implemented as distributed LUT RAM for the following reason: The timing constraints suggest that the chosen mapping will yield a better timing.
Related violations: <none>

SYNTH-5#158 Warning
Mapped onto distributed RAM because of timing constraints  
The instance canvas_fb/memory_reg_28032_28159_0_0 is implemented as distributed LUT RAM for the following reason: The timing constraints suggest that the chosen mapping will yield a better timing.
Related violations: <none>

SYNTH-5#159 Warning
Mapped onto distributed RAM because of timing constraints  
The instance canvas_fb/memory_reg_28160_28287_0_0 is implemented as distributed LUT RAM for the following reason: The timing constraints suggest that the chosen mapping will yield a better timing.
Related violations: <none>

SYNTH-5#160 Warning
Mapped onto distributed RAM because of timing constraints  
The instance canvas_fb/memory_reg_2816_2943_0_0 is implemented as distributed LUT RAM for the following reason: The timing constraints suggest that the chosen mapping will yield a better timing.
Related violations: <none>

SYNTH-5#161 Warning
Mapped onto distributed RAM because of timing constraints  
The instance canvas_fb/memory_reg_28288_28415_0_0 is implemented as distributed LUT RAM for the following reason: The timing constraints suggest that the chosen mapping will yield a better timing.
Related violations: <none>

SYNTH-5#162 Warning
Mapped onto distributed RAM because of timing constraints  
The instance canvas_fb/memory_reg_28416_28543_0_0 is implemented as distributed LUT RAM for the following reason: The timing constraints suggest that the chosen mapping will yield a better timing.
Related violations: <none>

SYNTH-5#163 Warning
Mapped onto distributed RAM because of timing constraints  
The instance canvas_fb/memory_reg_28544_28671_0_0 is implemented as distributed LUT RAM for the following reason: The timing constraints suggest that the chosen mapping will yield a better timing.
Related violations: <none>

SYNTH-5#164 Warning
Mapped onto distributed RAM because of timing constraints  
The instance canvas_fb/memory_reg_28672_28799_0_0 is implemented as distributed LUT RAM for the following reason: The timing constraints suggest that the chosen mapping will yield a better timing.
Related violations: <none>

SYNTH-5#165 Warning
Mapped onto distributed RAM because of timing constraints  
The instance canvas_fb/memory_reg_28800_28927_0_0 is implemented as distributed LUT RAM for the following reason: The timing constraints suggest that the chosen mapping will yield a better timing.
Related violations: <none>

SYNTH-5#166 Warning
Mapped onto distributed RAM because of timing constraints  
The instance canvas_fb/memory_reg_28928_29055_0_0 is implemented as distributed LUT RAM for the following reason: The timing constraints suggest that the chosen mapping will yield a better timing.
Related violations: <none>

SYNTH-5#167 Warning
Mapped onto distributed RAM because of timing constraints  
The instance canvas_fb/memory_reg_29056_29183_0_0 is implemented as distributed LUT RAM for the following reason: The timing constraints suggest that the chosen mapping will yield a better timing.
Related violations: <none>

SYNTH-5#168 Warning
Mapped onto distributed RAM because of timing constraints  
The instance canvas_fb/memory_reg_29184_29311_0_0 is implemented as distributed LUT RAM for the following reason: The timing constraints suggest that the chosen mapping will yield a better timing.
Related violations: <none>

SYNTH-5#169 Warning
Mapped onto distributed RAM because of timing constraints  
The instance canvas_fb/memory_reg_29312_29439_0_0 is implemented as distributed LUT RAM for the following reason: The timing constraints suggest that the chosen mapping will yield a better timing.
Related violations: <none>

SYNTH-5#170 Warning
Mapped onto distributed RAM because of timing constraints  
The instance canvas_fb/memory_reg_29440_29567_0_0 is implemented as distributed LUT RAM for the following reason: The timing constraints suggest that the chosen mapping will yield a better timing.
Related violations: <none>

SYNTH-5#171 Warning
Mapped onto distributed RAM because of timing constraints  
The instance canvas_fb/memory_reg_2944_3071_0_0 is implemented as distributed LUT RAM for the following reason: The timing constraints suggest that the chosen mapping will yield a better timing.
Related violations: <none>

SYNTH-5#172 Warning
Mapped onto distributed RAM because of timing constraints  
The instance canvas_fb/memory_reg_29568_29695_0_0 is implemented as distributed LUT RAM for the following reason: The timing constraints suggest that the chosen mapping will yield a better timing.
Related violations: <none>

SYNTH-5#173 Warning
Mapped onto distributed RAM because of timing constraints  
The instance canvas_fb/memory_reg_29696_29823_0_0 is implemented as distributed LUT RAM for the following reason: The timing constraints suggest that the chosen mapping will yield a better timing.
Related violations: <none>

SYNTH-5#174 Warning
Mapped onto distributed RAM because of timing constraints  
The instance canvas_fb/memory_reg_29824_29951_0_0 is implemented as distributed LUT RAM for the following reason: The timing constraints suggest that the chosen mapping will yield a better timing.
Related violations: <none>

SYNTH-5#175 Warning
Mapped onto distributed RAM because of timing constraints  
The instance canvas_fb/memory_reg_29952_30079_0_0 is implemented as distributed LUT RAM for the following reason: The timing constraints suggest that the chosen mapping will yield a better timing.
Related violations: <none>

SYNTH-5#176 Warning
Mapped onto distributed RAM because of timing constraints  
The instance canvas_fb/memory_reg_30080_30207_0_0 is implemented as distributed LUT RAM for the following reason: The timing constraints suggest that the chosen mapping will yield a better timing.
Related violations: <none>

SYNTH-5#177 Warning
Mapped onto distributed RAM because of timing constraints  
The instance canvas_fb/memory_reg_30208_30335_0_0 is implemented as distributed LUT RAM for the following reason: The timing constraints suggest that the chosen mapping will yield a better timing.
Related violations: <none>

SYNTH-5#178 Warning
Mapped onto distributed RAM because of timing constraints  
The instance canvas_fb/memory_reg_30336_30463_0_0 is implemented as distributed LUT RAM for the following reason: The timing constraints suggest that the chosen mapping will yield a better timing.
Related violations: <none>

SYNTH-5#179 Warning
Mapped onto distributed RAM because of timing constraints  
The instance canvas_fb/memory_reg_30464_30591_0_0 is implemented as distributed LUT RAM for the following reason: The timing constraints suggest that the chosen mapping will yield a better timing.
Related violations: <none>

SYNTH-5#180 Warning
Mapped onto distributed RAM because of timing constraints  
The instance canvas_fb/memory_reg_30592_30719_0_0 is implemented as distributed LUT RAM for the following reason: The timing constraints suggest that the chosen mapping will yield a better timing.
Related violations: <none>

SYNTH-5#181 Warning
Mapped onto distributed RAM because of timing constraints  
The instance canvas_fb/memory_reg_30720_30847_0_0 is implemented as distributed LUT RAM for the following reason: The timing constraints suggest that the chosen mapping will yield a better timing.
Related violations: <none>

SYNTH-5#182 Warning
Mapped onto distributed RAM because of timing constraints  
The instance canvas_fb/memory_reg_3072_3199_0_0 is implemented as distributed LUT RAM for the following reason: The timing constraints suggest that the chosen mapping will yield a better timing.
Related violations: <none>

SYNTH-5#183 Warning
Mapped onto distributed RAM because of timing constraints  
The instance canvas_fb/memory_reg_30848_30975_0_0 is implemented as distributed LUT RAM for the following reason: The timing constraints suggest that the chosen mapping will yield a better timing.
Related violations: <none>

SYNTH-5#184 Warning
Mapped onto distributed RAM because of timing constraints  
The instance canvas_fb/memory_reg_30976_31103_0_0 is implemented as distributed LUT RAM for the following reason: The timing constraints suggest that the chosen mapping will yield a better timing.
Related violations: <none>

SYNTH-5#185 Warning
Mapped onto distributed RAM because of timing constraints  
The instance canvas_fb/memory_reg_31104_31231_0_0 is implemented as distributed LUT RAM for the following reason: The timing constraints suggest that the chosen mapping will yield a better timing.
Related violations: <none>

SYNTH-5#186 Warning
Mapped onto distributed RAM because of timing constraints  
The instance canvas_fb/memory_reg_31232_31359_0_0 is implemented as distributed LUT RAM for the following reason: The timing constraints suggest that the chosen mapping will yield a better timing.
Related violations: <none>

SYNTH-5#187 Warning
Mapped onto distributed RAM because of timing constraints  
The instance canvas_fb/memory_reg_31360_31487_0_0 is implemented as distributed LUT RAM for the following reason: The timing constraints suggest that the chosen mapping will yield a better timing.
Related violations: <none>

SYNTH-5#188 Warning
Mapped onto distributed RAM because of timing constraints  
The instance canvas_fb/memory_reg_31488_31615_0_0 is implemented as distributed LUT RAM for the following reason: The timing constraints suggest that the chosen mapping will yield a better timing.
Related violations: <none>

SYNTH-5#189 Warning
Mapped onto distributed RAM because of timing constraints  
The instance canvas_fb/memory_reg_31616_31743_0_0 is implemented as distributed LUT RAM for the following reason: The timing constraints suggest that the chosen mapping will yield a better timing.
Related violations: <none>

SYNTH-5#190 Warning
Mapped onto distributed RAM because of timing constraints  
The instance canvas_fb/memory_reg_31744_31871_0_0 is implemented as distributed LUT RAM for the following reason: The timing constraints suggest that the chosen mapping will yield a better timing.
Related violations: <none>

SYNTH-5#191 Warning
Mapped onto distributed RAM because of timing constraints  
The instance canvas_fb/memory_reg_31872_31999_0_0 is implemented as distributed LUT RAM for the following reason: The timing constraints suggest that the chosen mapping will yield a better timing.
Related violations: <none>

SYNTH-5#192 Warning
Mapped onto distributed RAM because of timing constraints  
The instance canvas_fb/memory_reg_32000_32127_0_0 is implemented as distributed LUT RAM for the following reason: The timing constraints suggest that the chosen mapping will yield a better timing.
Related violations: <none>

SYNTH-5#193 Warning
Mapped onto distributed RAM because of timing constraints  
The instance canvas_fb/memory_reg_3200_3327_0_0 is implemented as distributed LUT RAM for the following reason: The timing constraints suggest that the chosen mapping will yield a better timing.
Related violations: <none>

SYNTH-5#194 Warning
Mapped onto distributed RAM because of timing constraints  
The instance canvas_fb/memory_reg_32128_32255_0_0 is implemented as distributed LUT RAM for the following reason: The timing constraints suggest that the chosen mapping will yield a better timing.
Related violations: <none>

SYNTH-5#195 Warning
Mapped onto distributed RAM because of timing constraints  
The instance canvas_fb/memory_reg_32256_32383_0_0 is implemented as distributed LUT RAM for the following reason: The timing constraints suggest that the chosen mapping will yield a better timing.
Related violations: <none>

SYNTH-5#196 Warning
Mapped onto distributed RAM because of timing constraints  
The instance canvas_fb/memory_reg_32384_32511_0_0 is implemented as distributed LUT RAM for the following reason: The timing constraints suggest that the chosen mapping will yield a better timing.
Related violations: <none>

SYNTH-5#197 Warning
Mapped onto distributed RAM because of timing constraints  
The instance canvas_fb/memory_reg_32512_32639_0_0 is implemented as distributed LUT RAM for the following reason: The timing constraints suggest that the chosen mapping will yield a better timing.
Related violations: <none>

SYNTH-5#198 Warning
Mapped onto distributed RAM because of timing constraints  
The instance canvas_fb/memory_reg_32640_32767_0_0 is implemented as distributed LUT RAM for the following reason: The timing constraints suggest that the chosen mapping will yield a better timing.
Related violations: <none>

SYNTH-5#199 Warning
Mapped onto distributed RAM because of timing constraints  
The instance canvas_fb/memory_reg_32768_32895_0_0 is implemented as distributed LUT RAM for the following reason: The timing constraints suggest that the chosen mapping will yield a better timing.
Related violations: <none>

SYNTH-5#200 Warning
Mapped onto distributed RAM because of timing constraints  
The instance canvas_fb/memory_reg_32896_33023_0_0 is implemented as distributed LUT RAM for the following reason: The timing constraints suggest that the chosen mapping will yield a better timing.
Related violations: <none>

SYNTH-5#201 Warning
Mapped onto distributed RAM because of timing constraints  
The instance canvas_fb/memory_reg_33024_33151_0_0 is implemented as distributed LUT RAM for the following reason: The timing constraints suggest that the chosen mapping will yield a better timing.
Related violations: <none>

SYNTH-5#202 Warning
Mapped onto distributed RAM because of timing constraints  
The instance canvas_fb/memory_reg_33152_33279_0_0 is implemented as distributed LUT RAM for the following reason: The timing constraints suggest that the chosen mapping will yield a better timing.
Related violations: <none>

SYNTH-5#203 Warning
Mapped onto distributed RAM because of timing constraints  
The instance canvas_fb/memory_reg_33280_33407_0_0 is implemented as distributed LUT RAM for the following reason: The timing constraints suggest that the chosen mapping will yield a better timing.
Related violations: <none>

SYNTH-5#204 Warning
Mapped onto distributed RAM because of timing constraints  
The instance canvas_fb/memory_reg_3328_3455_0_0 is implemented as distributed LUT RAM for the following reason: The timing constraints suggest that the chosen mapping will yield a better timing.
Related violations: <none>

SYNTH-5#205 Warning
Mapped onto distributed RAM because of timing constraints  
The instance canvas_fb/memory_reg_33408_33535_0_0 is implemented as distributed LUT RAM for the following reason: The timing constraints suggest that the chosen mapping will yield a better timing.
Related violations: <none>

SYNTH-5#206 Warning
Mapped onto distributed RAM because of timing constraints  
The instance canvas_fb/memory_reg_33536_33663_0_0 is implemented as distributed LUT RAM for the following reason: The timing constraints suggest that the chosen mapping will yield a better timing.
Related violations: <none>

SYNTH-5#207 Warning
Mapped onto distributed RAM because of timing constraints  
The instance canvas_fb/memory_reg_33664_33791_0_0 is implemented as distributed LUT RAM for the following reason: The timing constraints suggest that the chosen mapping will yield a better timing.
Related violations: <none>

SYNTH-5#208 Warning
Mapped onto distributed RAM because of timing constraints  
The instance canvas_fb/memory_reg_33792_33919_0_0 is implemented as distributed LUT RAM for the following reason: The timing constraints suggest that the chosen mapping will yield a better timing.
Related violations: <none>

SYNTH-5#209 Warning
Mapped onto distributed RAM because of timing constraints  
The instance canvas_fb/memory_reg_33920_34047_0_0 is implemented as distributed LUT RAM for the following reason: The timing constraints suggest that the chosen mapping will yield a better timing.
Related violations: <none>

SYNTH-5#210 Warning
Mapped onto distributed RAM because of timing constraints  
The instance canvas_fb/memory_reg_34048_34175_0_0 is implemented as distributed LUT RAM for the following reason: The timing constraints suggest that the chosen mapping will yield a better timing.
Related violations: <none>

SYNTH-5#211 Warning
Mapped onto distributed RAM because of timing constraints  
The instance canvas_fb/memory_reg_34176_34303_0_0 is implemented as distributed LUT RAM for the following reason: The timing constraints suggest that the chosen mapping will yield a better timing.
Related violations: <none>

SYNTH-5#212 Warning
Mapped onto distributed RAM because of timing constraints  
The instance canvas_fb/memory_reg_34304_34431_0_0 is implemented as distributed LUT RAM for the following reason: The timing constraints suggest that the chosen mapping will yield a better timing.
Related violations: <none>

SYNTH-5#213 Warning
Mapped onto distributed RAM because of timing constraints  
The instance canvas_fb/memory_reg_34432_34559_0_0 is implemented as distributed LUT RAM for the following reason: The timing constraints suggest that the chosen mapping will yield a better timing.
Related violations: <none>

SYNTH-5#214 Warning
Mapped onto distributed RAM because of timing constraints  
The instance canvas_fb/memory_reg_34560_34687_0_0 is implemented as distributed LUT RAM for the following reason: The timing constraints suggest that the chosen mapping will yield a better timing.
Related violations: <none>

SYNTH-5#215 Warning
Mapped onto distributed RAM because of timing constraints  
The instance canvas_fb/memory_reg_3456_3583_0_0 is implemented as distributed LUT RAM for the following reason: The timing constraints suggest that the chosen mapping will yield a better timing.
Related violations: <none>

SYNTH-5#216 Warning
Mapped onto distributed RAM because of timing constraints  
The instance canvas_fb/memory_reg_34688_34815_0_0 is implemented as distributed LUT RAM for the following reason: The timing constraints suggest that the chosen mapping will yield a better timing.
Related violations: <none>

SYNTH-5#217 Warning
Mapped onto distributed RAM because of timing constraints  
The instance canvas_fb/memory_reg_34816_34943_0_0 is implemented as distributed LUT RAM for the following reason: The timing constraints suggest that the chosen mapping will yield a better timing.
Related violations: <none>

SYNTH-5#218 Warning
Mapped onto distributed RAM because of timing constraints  
The instance canvas_fb/memory_reg_34944_35071_0_0 is implemented as distributed LUT RAM for the following reason: The timing constraints suggest that the chosen mapping will yield a better timing.
Related violations: <none>

SYNTH-5#219 Warning
Mapped onto distributed RAM because of timing constraints  
The instance canvas_fb/memory_reg_35072_35199_0_0 is implemented as distributed LUT RAM for the following reason: The timing constraints suggest that the chosen mapping will yield a better timing.
Related violations: <none>

SYNTH-5#220 Warning
Mapped onto distributed RAM because of timing constraints  
The instance canvas_fb/memory_reg_35200_35327_0_0 is implemented as distributed LUT RAM for the following reason: The timing constraints suggest that the chosen mapping will yield a better timing.
Related violations: <none>

SYNTH-5#221 Warning
Mapped onto distributed RAM because of timing constraints  
The instance canvas_fb/memory_reg_35328_35455_0_0 is implemented as distributed LUT RAM for the following reason: The timing constraints suggest that the chosen mapping will yield a better timing.
Related violations: <none>

SYNTH-5#222 Warning
Mapped onto distributed RAM because of timing constraints  
The instance canvas_fb/memory_reg_35456_35583_0_0 is implemented as distributed LUT RAM for the following reason: The timing constraints suggest that the chosen mapping will yield a better timing.
Related violations: <none>

SYNTH-5#223 Warning
Mapped onto distributed RAM because of timing constraints  
The instance canvas_fb/memory_reg_35584_35711_0_0 is implemented as distributed LUT RAM for the following reason: The timing constraints suggest that the chosen mapping will yield a better timing.
Related violations: <none>

SYNTH-5#224 Warning
Mapped onto distributed RAM because of timing constraints  
The instance canvas_fb/memory_reg_35712_35839_0_0 is implemented as distributed LUT RAM for the following reason: The timing constraints suggest that the chosen mapping will yield a better timing.
Related violations: <none>

SYNTH-5#225 Warning
Mapped onto distributed RAM because of timing constraints  
The instance canvas_fb/memory_reg_35840_35967_0_0 is implemented as distributed LUT RAM for the following reason: The timing constraints suggest that the chosen mapping will yield a better timing.
Related violations: <none>

SYNTH-5#226 Warning
Mapped onto distributed RAM because of timing constraints  
The instance canvas_fb/memory_reg_3584_3711_0_0 is implemented as distributed LUT RAM for the following reason: The timing constraints suggest that the chosen mapping will yield a better timing.
Related violations: <none>

SYNTH-5#227 Warning
Mapped onto distributed RAM because of timing constraints  
The instance canvas_fb/memory_reg_35968_36095_0_0 is implemented as distributed LUT RAM for the following reason: The timing constraints suggest that the chosen mapping will yield a better timing.
Related violations: <none>

SYNTH-5#228 Warning
Mapped onto distributed RAM because of timing constraints  
The instance canvas_fb/memory_reg_36096_36223_0_0 is implemented as distributed LUT RAM for the following reason: The timing constraints suggest that the chosen mapping will yield a better timing.
Related violations: <none>

SYNTH-5#229 Warning
Mapped onto distributed RAM because of timing constraints  
The instance canvas_fb/memory_reg_36224_36351_0_0 is implemented as distributed LUT RAM for the following reason: The timing constraints suggest that the chosen mapping will yield a better timing.
Related violations: <none>

SYNTH-5#230 Warning
Mapped onto distributed RAM because of timing constraints  
The instance canvas_fb/memory_reg_36352_36479_0_0 is implemented as distributed LUT RAM for the following reason: The timing constraints suggest that the chosen mapping will yield a better timing.
Related violations: <none>

SYNTH-5#231 Warning
Mapped onto distributed RAM because of timing constraints  
The instance canvas_fb/memory_reg_36480_36607_0_0 is implemented as distributed LUT RAM for the following reason: The timing constraints suggest that the chosen mapping will yield a better timing.
Related violations: <none>

SYNTH-5#232 Warning
Mapped onto distributed RAM because of timing constraints  
The instance canvas_fb/memory_reg_36608_36735_0_0 is implemented as distributed LUT RAM for the following reason: The timing constraints suggest that the chosen mapping will yield a better timing.
Related violations: <none>

SYNTH-5#233 Warning
Mapped onto distributed RAM because of timing constraints  
The instance canvas_fb/memory_reg_36736_36863_0_0 is implemented as distributed LUT RAM for the following reason: The timing constraints suggest that the chosen mapping will yield a better timing.
Related violations: <none>

SYNTH-5#234 Warning
Mapped onto distributed RAM because of timing constraints  
The instance canvas_fb/memory_reg_36864_36991_0_0 is implemented as distributed LUT RAM for the following reason: The timing constraints suggest that the chosen mapping will yield a better timing.
Related violations: <none>

SYNTH-5#235 Warning
Mapped onto distributed RAM because of timing constraints  
The instance canvas_fb/memory_reg_36992_37119_0_0 is implemented as distributed LUT RAM for the following reason: The timing constraints suggest that the chosen mapping will yield a better timing.
Related violations: <none>

SYNTH-5#236 Warning
Mapped onto distributed RAM because of timing constraints  
The instance canvas_fb/memory_reg_37120_37247_0_0 is implemented as distributed LUT RAM for the following reason: The timing constraints suggest that the chosen mapping will yield a better timing.
Related violations: <none>

SYNTH-5#237 Warning
Mapped onto distributed RAM because of timing constraints  
The instance canvas_fb/memory_reg_3712_3839_0_0 is implemented as distributed LUT RAM for the following reason: The timing constraints suggest that the chosen mapping will yield a better timing.
Related violations: <none>

SYNTH-5#238 Warning
Mapped onto distributed RAM because of timing constraints  
The instance canvas_fb/memory_reg_37248_37375_0_0 is implemented as distributed LUT RAM for the following reason: The timing constraints suggest that the chosen mapping will yield a better timing.
Related violations: <none>

SYNTH-5#239 Warning
Mapped onto distributed RAM because of timing constraints  
The instance canvas_fb/memory_reg_37376_37503_0_0 is implemented as distributed LUT RAM for the following reason: The timing constraints suggest that the chosen mapping will yield a better timing.
Related violations: <none>

SYNTH-5#240 Warning
Mapped onto distributed RAM because of timing constraints  
The instance canvas_fb/memory_reg_37504_37631_0_0 is implemented as distributed LUT RAM for the following reason: The timing constraints suggest that the chosen mapping will yield a better timing.
Related violations: <none>

SYNTH-5#241 Warning
Mapped onto distributed RAM because of timing constraints  
The instance canvas_fb/memory_reg_37632_37759_0_0 is implemented as distributed LUT RAM for the following reason: The timing constraints suggest that the chosen mapping will yield a better timing.
Related violations: <none>

SYNTH-5#242 Warning
Mapped onto distributed RAM because of timing constraints  
The instance canvas_fb/memory_reg_37760_37887_0_0 is implemented as distributed LUT RAM for the following reason: The timing constraints suggest that the chosen mapping will yield a better timing.
Related violations: <none>

SYNTH-5#243 Warning
Mapped onto distributed RAM because of timing constraints  
The instance canvas_fb/memory_reg_37888_38015_0_0 is implemented as distributed LUT RAM for the following reason: The timing constraints suggest that the chosen mapping will yield a better timing.
Related violations: <none>

SYNTH-5#244 Warning
Mapped onto distributed RAM because of timing constraints  
The instance canvas_fb/memory_reg_38016_38143_0_0 is implemented as distributed LUT RAM for the following reason: The timing constraints suggest that the chosen mapping will yield a better timing.
Related violations: <none>

SYNTH-5#245 Warning
Mapped onto distributed RAM because of timing constraints  
The instance canvas_fb/memory_reg_38144_38271_0_0 is implemented as distributed LUT RAM for the following reason: The timing constraints suggest that the chosen mapping will yield a better timing.
Related violations: <none>

SYNTH-5#246 Warning
Mapped onto distributed RAM because of timing constraints  
The instance canvas_fb/memory_reg_38272_38399_0_0 is implemented as distributed LUT RAM for the following reason: The timing constraints suggest that the chosen mapping will yield a better timing.
Related violations: <none>

SYNTH-5#247 Warning
Mapped onto distributed RAM because of timing constraints  
The instance canvas_fb/memory_reg_38400_38527_0_0 is implemented as distributed LUT RAM for the following reason: The timing constraints suggest that the chosen mapping will yield a better timing.
Related violations: <none>

SYNTH-5#248 Warning
Mapped onto distributed RAM because of timing constraints  
The instance canvas_fb/memory_reg_3840_3967_0_0 is implemented as distributed LUT RAM for the following reason: The timing constraints suggest that the chosen mapping will yield a better timing.
Related violations: <none>

SYNTH-5#249 Warning
Mapped onto distributed RAM because of timing constraints  
The instance canvas_fb/memory_reg_384_511_0_0 is implemented as distributed LUT RAM for the following reason: The timing constraints suggest that the chosen mapping will yield a better timing.
Related violations: <none>

SYNTH-5#250 Warning
Mapped onto distributed RAM because of timing constraints  
The instance canvas_fb/memory_reg_38528_38655_0_0 is implemented as distributed LUT RAM for the following reason: The timing constraints suggest that the chosen mapping will yield a better timing.
Related violations: <none>

SYNTH-5#251 Warning
Mapped onto distributed RAM because of timing constraints  
The instance canvas_fb/memory_reg_38656_38783_0_0 is implemented as distributed LUT RAM for the following reason: The timing constraints suggest that the chosen mapping will yield a better timing.
Related violations: <none>

SYNTH-5#252 Warning
Mapped onto distributed RAM because of timing constraints  
The instance canvas_fb/memory_reg_38784_38911_0_0 is implemented as distributed LUT RAM for the following reason: The timing constraints suggest that the chosen mapping will yield a better timing.
Related violations: <none>

SYNTH-5#253 Warning
Mapped onto distributed RAM because of timing constraints  
The instance canvas_fb/memory_reg_38912_39039_0_0 is implemented as distributed LUT RAM for the following reason: The timing constraints suggest that the chosen mapping will yield a better timing.
Related violations: <none>

SYNTH-5#254 Warning
Mapped onto distributed RAM because of timing constraints  
The instance canvas_fb/memory_reg_39040_39167_0_0 is implemented as distributed LUT RAM for the following reason: The timing constraints suggest that the chosen mapping will yield a better timing.
Related violations: <none>

SYNTH-5#255 Warning
Mapped onto distributed RAM because of timing constraints  
The instance canvas_fb/memory_reg_39168_39295_0_0 is implemented as distributed LUT RAM for the following reason: The timing constraints suggest that the chosen mapping will yield a better timing.
Related violations: <none>

SYNTH-5#256 Warning
Mapped onto distributed RAM because of timing constraints  
The instance canvas_fb/memory_reg_39296_39423_0_0 is implemented as distributed LUT RAM for the following reason: The timing constraints suggest that the chosen mapping will yield a better timing.
Related violations: <none>

SYNTH-5#257 Warning
Mapped onto distributed RAM because of timing constraints  
The instance canvas_fb/memory_reg_39424_39551_0_0 is implemented as distributed LUT RAM for the following reason: The timing constraints suggest that the chosen mapping will yield a better timing.
Related violations: <none>

SYNTH-5#258 Warning
Mapped onto distributed RAM because of timing constraints  
The instance canvas_fb/memory_reg_39552_39679_0_0 is implemented as distributed LUT RAM for the following reason: The timing constraints suggest that the chosen mapping will yield a better timing.
Related violations: <none>

SYNTH-5#259 Warning
Mapped onto distributed RAM because of timing constraints  
The instance canvas_fb/memory_reg_39680_39807_0_0 is implemented as distributed LUT RAM for the following reason: The timing constraints suggest that the chosen mapping will yield a better timing.
Related violations: <none>

SYNTH-5#260 Warning
Mapped onto distributed RAM because of timing constraints  
The instance canvas_fb/memory_reg_3968_4095_0_0 is implemented as distributed LUT RAM for the following reason: The timing constraints suggest that the chosen mapping will yield a better timing.
Related violations: <none>

SYNTH-5#261 Warning
Mapped onto distributed RAM because of timing constraints  
The instance canvas_fb/memory_reg_39808_39935_0_0 is implemented as distributed LUT RAM for the following reason: The timing constraints suggest that the chosen mapping will yield a better timing.
Related violations: <none>

SYNTH-5#262 Warning
Mapped onto distributed RAM because of timing constraints  
The instance canvas_fb/memory_reg_39936_40063_0_0 is implemented as distributed LUT RAM for the following reason: The timing constraints suggest that the chosen mapping will yield a better timing.
Related violations: <none>

SYNTH-5#263 Warning
Mapped onto distributed RAM because of timing constraints  
The instance canvas_fb/memory_reg_40064_40191_0_0 is implemented as distributed LUT RAM for the following reason: The timing constraints suggest that the chosen mapping will yield a better timing.
Related violations: <none>

SYNTH-5#264 Warning
Mapped onto distributed RAM because of timing constraints  
The instance canvas_fb/memory_reg_40192_40319_0_0 is implemented as distributed LUT RAM for the following reason: The timing constraints suggest that the chosen mapping will yield a better timing.
Related violations: <none>

SYNTH-5#265 Warning
Mapped onto distributed RAM because of timing constraints  
The instance canvas_fb/memory_reg_40320_40447_0_0 is implemented as distributed LUT RAM for the following reason: The timing constraints suggest that the chosen mapping will yield a better timing.
Related violations: <none>

SYNTH-5#266 Warning
Mapped onto distributed RAM because of timing constraints  
The instance canvas_fb/memory_reg_40448_40575_0_0 is implemented as distributed LUT RAM for the following reason: The timing constraints suggest that the chosen mapping will yield a better timing.
Related violations: <none>

SYNTH-5#267 Warning
Mapped onto distributed RAM because of timing constraints  
The instance canvas_fb/memory_reg_40576_40703_0_0 is implemented as distributed LUT RAM for the following reason: The timing constraints suggest that the chosen mapping will yield a better timing.
Related violations: <none>

SYNTH-5#268 Warning
Mapped onto distributed RAM because of timing constraints  
The instance canvas_fb/memory_reg_40704_40831_0_0 is implemented as distributed LUT RAM for the following reason: The timing constraints suggest that the chosen mapping will yield a better timing.
Related violations: <none>

SYNTH-5#269 Warning
Mapped onto distributed RAM because of timing constraints  
The instance canvas_fb/memory_reg_40832_40959_0_0 is implemented as distributed LUT RAM for the following reason: The timing constraints suggest that the chosen mapping will yield a better timing.
Related violations: <none>

SYNTH-5#270 Warning
Mapped onto distributed RAM because of timing constraints  
The instance canvas_fb/memory_reg_40960_41087_0_0 is implemented as distributed LUT RAM for the following reason: The timing constraints suggest that the chosen mapping will yield a better timing.
Related violations: <none>

SYNTH-5#271 Warning
Mapped onto distributed RAM because of timing constraints  
The instance canvas_fb/memory_reg_4096_4223_0_0 is implemented as distributed LUT RAM for the following reason: The timing constraints suggest that the chosen mapping will yield a better timing.
Related violations: <none>

SYNTH-5#272 Warning
Mapped onto distributed RAM because of timing constraints  
The instance canvas_fb/memory_reg_41088_41215_0_0 is implemented as distributed LUT RAM for the following reason: The timing constraints suggest that the chosen mapping will yield a better timing.
Related violations: <none>

SYNTH-5#273 Warning
Mapped onto distributed RAM because of timing constraints  
The instance canvas_fb/memory_reg_41216_41343_0_0 is implemented as distributed LUT RAM for the following reason: The timing constraints suggest that the chosen mapping will yield a better timing.
Related violations: <none>

SYNTH-5#274 Warning
Mapped onto distributed RAM because of timing constraints  
The instance canvas_fb/memory_reg_41344_41471_0_0 is implemented as distributed LUT RAM for the following reason: The timing constraints suggest that the chosen mapping will yield a better timing.
Related violations: <none>

SYNTH-5#275 Warning
Mapped onto distributed RAM because of timing constraints  
The instance canvas_fb/memory_reg_41472_41599_0_0 is implemented as distributed LUT RAM for the following reason: The timing constraints suggest that the chosen mapping will yield a better timing.
Related violations: <none>

SYNTH-5#276 Warning
Mapped onto distributed RAM because of timing constraints  
The instance canvas_fb/memory_reg_41600_41727_0_0 is implemented as distributed LUT RAM for the following reason: The timing constraints suggest that the chosen mapping will yield a better timing.
Related violations: <none>

SYNTH-5#277 Warning
Mapped onto distributed RAM because of timing constraints  
The instance canvas_fb/memory_reg_41728_41855_0_0 is implemented as distributed LUT RAM for the following reason: The timing constraints suggest that the chosen mapping will yield a better timing.
Related violations: <none>

SYNTH-5#278 Warning
Mapped onto distributed RAM because of timing constraints  
The instance canvas_fb/memory_reg_41856_41983_0_0 is implemented as distributed LUT RAM for the following reason: The timing constraints suggest that the chosen mapping will yield a better timing.
Related violations: <none>

SYNTH-5#279 Warning
Mapped onto distributed RAM because of timing constraints  
The instance canvas_fb/memory_reg_41984_42111_0_0 is implemented as distributed LUT RAM for the following reason: The timing constraints suggest that the chosen mapping will yield a better timing.
Related violations: <none>

SYNTH-5#280 Warning
Mapped onto distributed RAM because of timing constraints  
The instance canvas_fb/memory_reg_42112_42239_0_0 is implemented as distributed LUT RAM for the following reason: The timing constraints suggest that the chosen mapping will yield a better timing.
Related violations: <none>

SYNTH-5#281 Warning
Mapped onto distributed RAM because of timing constraints  
The instance canvas_fb/memory_reg_42240_42367_0_0 is implemented as distributed LUT RAM for the following reason: The timing constraints suggest that the chosen mapping will yield a better timing.
Related violations: <none>

SYNTH-5#282 Warning
Mapped onto distributed RAM because of timing constraints  
The instance canvas_fb/memory_reg_4224_4351_0_0 is implemented as distributed LUT RAM for the following reason: The timing constraints suggest that the chosen mapping will yield a better timing.
Related violations: <none>

SYNTH-5#283 Warning
Mapped onto distributed RAM because of timing constraints  
The instance canvas_fb/memory_reg_42368_42495_0_0 is implemented as distributed LUT RAM for the following reason: The timing constraints suggest that the chosen mapping will yield a better timing.
Related violations: <none>

SYNTH-5#284 Warning
Mapped onto distributed RAM because of timing constraints  
The instance canvas_fb/memory_reg_42496_42623_0_0 is implemented as distributed LUT RAM for the following reason: The timing constraints suggest that the chosen mapping will yield a better timing.
Related violations: <none>

SYNTH-5#285 Warning
Mapped onto distributed RAM because of timing constraints  
The instance canvas_fb/memory_reg_42624_42751_0_0 is implemented as distributed LUT RAM for the following reason: The timing constraints suggest that the chosen mapping will yield a better timing.
Related violations: <none>

SYNTH-5#286 Warning
Mapped onto distributed RAM because of timing constraints  
The instance canvas_fb/memory_reg_42752_42879_0_0 is implemented as distributed LUT RAM for the following reason: The timing constraints suggest that the chosen mapping will yield a better timing.
Related violations: <none>

SYNTH-5#287 Warning
Mapped onto distributed RAM because of timing constraints  
The instance canvas_fb/memory_reg_42880_43007_0_0 is implemented as distributed LUT RAM for the following reason: The timing constraints suggest that the chosen mapping will yield a better timing.
Related violations: <none>

SYNTH-5#288 Warning
Mapped onto distributed RAM because of timing constraints  
The instance canvas_fb/memory_reg_43008_43135_0_0 is implemented as distributed LUT RAM for the following reason: The timing constraints suggest that the chosen mapping will yield a better timing.
Related violations: <none>

SYNTH-5#289 Warning
Mapped onto distributed RAM because of timing constraints  
The instance canvas_fb/memory_reg_43136_43263_0_0 is implemented as distributed LUT RAM for the following reason: The timing constraints suggest that the chosen mapping will yield a better timing.
Related violations: <none>

SYNTH-5#290 Warning
Mapped onto distributed RAM because of timing constraints  
The instance canvas_fb/memory_reg_43264_43391_0_0 is implemented as distributed LUT RAM for the following reason: The timing constraints suggest that the chosen mapping will yield a better timing.
Related violations: <none>

SYNTH-5#291 Warning
Mapped onto distributed RAM because of timing constraints  
The instance canvas_fb/memory_reg_43392_43519_0_0 is implemented as distributed LUT RAM for the following reason: The timing constraints suggest that the chosen mapping will yield a better timing.
Related violations: <none>

SYNTH-5#292 Warning
Mapped onto distributed RAM because of timing constraints  
The instance canvas_fb/memory_reg_43520_43647_0_0 is implemented as distributed LUT RAM for the following reason: The timing constraints suggest that the chosen mapping will yield a better timing.
Related violations: <none>

SYNTH-5#293 Warning
Mapped onto distributed RAM because of timing constraints  
The instance canvas_fb/memory_reg_4352_4479_0_0 is implemented as distributed LUT RAM for the following reason: The timing constraints suggest that the chosen mapping will yield a better timing.
Related violations: <none>

SYNTH-5#294 Warning
Mapped onto distributed RAM because of timing constraints  
The instance canvas_fb/memory_reg_43648_43775_0_0 is implemented as distributed LUT RAM for the following reason: The timing constraints suggest that the chosen mapping will yield a better timing.
Related violations: <none>

SYNTH-5#295 Warning
Mapped onto distributed RAM because of timing constraints  
The instance canvas_fb/memory_reg_43776_43903_0_0 is implemented as distributed LUT RAM for the following reason: The timing constraints suggest that the chosen mapping will yield a better timing.
Related violations: <none>

SYNTH-5#296 Warning
Mapped onto distributed RAM because of timing constraints  
The instance canvas_fb/memory_reg_43904_44031_0_0 is implemented as distributed LUT RAM for the following reason: The timing constraints suggest that the chosen mapping will yield a better timing.
Related violations: <none>

SYNTH-5#297 Warning
Mapped onto distributed RAM because of timing constraints  
The instance canvas_fb/memory_reg_44032_44159_0_0 is implemented as distributed LUT RAM for the following reason: The timing constraints suggest that the chosen mapping will yield a better timing.
Related violations: <none>

SYNTH-5#298 Warning
Mapped onto distributed RAM because of timing constraints  
The instance canvas_fb/memory_reg_44160_44287_0_0 is implemented as distributed LUT RAM for the following reason: The timing constraints suggest that the chosen mapping will yield a better timing.
Related violations: <none>

SYNTH-5#299 Warning
Mapped onto distributed RAM because of timing constraints  
The instance canvas_fb/memory_reg_44288_44415_0_0 is implemented as distributed LUT RAM for the following reason: The timing constraints suggest that the chosen mapping will yield a better timing.
Related violations: <none>

SYNTH-5#300 Warning
Mapped onto distributed RAM because of timing constraints  
The instance canvas_fb/memory_reg_44416_44543_0_0 is implemented as distributed LUT RAM for the following reason: The timing constraints suggest that the chosen mapping will yield a better timing.
Related violations: <none>

SYNTH-5#301 Warning
Mapped onto distributed RAM because of timing constraints  
The instance canvas_fb/memory_reg_44544_44671_0_0 is implemented as distributed LUT RAM for the following reason: The timing constraints suggest that the chosen mapping will yield a better timing.
Related violations: <none>

SYNTH-5#302 Warning
Mapped onto distributed RAM because of timing constraints  
The instance canvas_fb/memory_reg_44672_44799_0_0 is implemented as distributed LUT RAM for the following reason: The timing constraints suggest that the chosen mapping will yield a better timing.
Related violations: <none>

SYNTH-5#303 Warning
Mapped onto distributed RAM because of timing constraints  
The instance canvas_fb/memory_reg_44800_44927_0_0 is implemented as distributed LUT RAM for the following reason: The timing constraints suggest that the chosen mapping will yield a better timing.
Related violations: <none>

SYNTH-5#304 Warning
Mapped onto distributed RAM because of timing constraints  
The instance canvas_fb/memory_reg_4480_4607_0_0 is implemented as distributed LUT RAM for the following reason: The timing constraints suggest that the chosen mapping will yield a better timing.
Related violations: <none>

SYNTH-5#305 Warning
Mapped onto distributed RAM because of timing constraints  
The instance canvas_fb/memory_reg_44928_45055_0_0 is implemented as distributed LUT RAM for the following reason: The timing constraints suggest that the chosen mapping will yield a better timing.
Related violations: <none>

SYNTH-5#306 Warning
Mapped onto distributed RAM because of timing constraints  
The instance canvas_fb/memory_reg_45056_45183_0_0 is implemented as distributed LUT RAM for the following reason: The timing constraints suggest that the chosen mapping will yield a better timing.
Related violations: <none>

SYNTH-5#307 Warning
Mapped onto distributed RAM because of timing constraints  
The instance canvas_fb/memory_reg_45184_45311_0_0 is implemented as distributed LUT RAM for the following reason: The timing constraints suggest that the chosen mapping will yield a better timing.
Related violations: <none>

SYNTH-5#308 Warning
Mapped onto distributed RAM because of timing constraints  
The instance canvas_fb/memory_reg_45312_45439_0_0 is implemented as distributed LUT RAM for the following reason: The timing constraints suggest that the chosen mapping will yield a better timing.
Related violations: <none>

SYNTH-5#309 Warning
Mapped onto distributed RAM because of timing constraints  
The instance canvas_fb/memory_reg_45440_45567_0_0 is implemented as distributed LUT RAM for the following reason: The timing constraints suggest that the chosen mapping will yield a better timing.
Related violations: <none>

SYNTH-5#310 Warning
Mapped onto distributed RAM because of timing constraints  
The instance canvas_fb/memory_reg_45568_45695_0_0 is implemented as distributed LUT RAM for the following reason: The timing constraints suggest that the chosen mapping will yield a better timing.
Related violations: <none>

SYNTH-5#311 Warning
Mapped onto distributed RAM because of timing constraints  
The instance canvas_fb/memory_reg_45696_45823_0_0 is implemented as distributed LUT RAM for the following reason: The timing constraints suggest that the chosen mapping will yield a better timing.
Related violations: <none>

SYNTH-5#312 Warning
Mapped onto distributed RAM because of timing constraints  
The instance canvas_fb/memory_reg_45824_45951_0_0 is implemented as distributed LUT RAM for the following reason: The timing constraints suggest that the chosen mapping will yield a better timing.
Related violations: <none>

SYNTH-5#313 Warning
Mapped onto distributed RAM because of timing constraints  
The instance canvas_fb/memory_reg_45952_46079_0_0 is implemented as distributed LUT RAM for the following reason: The timing constraints suggest that the chosen mapping will yield a better timing.
Related violations: <none>

SYNTH-5#314 Warning
Mapped onto distributed RAM because of timing constraints  
The instance canvas_fb/memory_reg_46080_46207_0_0 is implemented as distributed LUT RAM for the following reason: The timing constraints suggest that the chosen mapping will yield a better timing.
Related violations: <none>

SYNTH-5#315 Warning
Mapped onto distributed RAM because of timing constraints  
The instance canvas_fb/memory_reg_4608_4735_0_0 is implemented as distributed LUT RAM for the following reason: The timing constraints suggest that the chosen mapping will yield a better timing.
Related violations: <none>

SYNTH-5#316 Warning
Mapped onto distributed RAM because of timing constraints  
The instance canvas_fb/memory_reg_46208_46335_0_0 is implemented as distributed LUT RAM for the following reason: The timing constraints suggest that the chosen mapping will yield a better timing.
Related violations: <none>

SYNTH-5#317 Warning
Mapped onto distributed RAM because of timing constraints  
The instance canvas_fb/memory_reg_46336_46463_0_0 is implemented as distributed LUT RAM for the following reason: The timing constraints suggest that the chosen mapping will yield a better timing.
Related violations: <none>

SYNTH-5#318 Warning
Mapped onto distributed RAM because of timing constraints  
The instance canvas_fb/memory_reg_46464_46591_0_0 is implemented as distributed LUT RAM for the following reason: The timing constraints suggest that the chosen mapping will yield a better timing.
Related violations: <none>

SYNTH-5#319 Warning
Mapped onto distributed RAM because of timing constraints  
The instance canvas_fb/memory_reg_46592_46719_0_0 is implemented as distributed LUT RAM for the following reason: The timing constraints suggest that the chosen mapping will yield a better timing.
Related violations: <none>

SYNTH-5#320 Warning
Mapped onto distributed RAM because of timing constraints  
The instance canvas_fb/memory_reg_46720_46847_0_0 is implemented as distributed LUT RAM for the following reason: The timing constraints suggest that the chosen mapping will yield a better timing.
Related violations: <none>

SYNTH-5#321 Warning
Mapped onto distributed RAM because of timing constraints  
The instance canvas_fb/memory_reg_46848_46975_0_0 is implemented as distributed LUT RAM for the following reason: The timing constraints suggest that the chosen mapping will yield a better timing.
Related violations: <none>

SYNTH-5#322 Warning
Mapped onto distributed RAM because of timing constraints  
The instance canvas_fb/memory_reg_46976_47103_0_0 is implemented as distributed LUT RAM for the following reason: The timing constraints suggest that the chosen mapping will yield a better timing.
Related violations: <none>

SYNTH-5#323 Warning
Mapped onto distributed RAM because of timing constraints  
The instance canvas_fb/memory_reg_47104_47231_0_0 is implemented as distributed LUT RAM for the following reason: The timing constraints suggest that the chosen mapping will yield a better timing.
Related violations: <none>

SYNTH-5#324 Warning
Mapped onto distributed RAM because of timing constraints  
The instance canvas_fb/memory_reg_47232_47359_0_0 is implemented as distributed LUT RAM for the following reason: The timing constraints suggest that the chosen mapping will yield a better timing.
Related violations: <none>

SYNTH-5#325 Warning
Mapped onto distributed RAM because of timing constraints  
The instance canvas_fb/memory_reg_47360_47487_0_0 is implemented as distributed LUT RAM for the following reason: The timing constraints suggest that the chosen mapping will yield a better timing.
Related violations: <none>

SYNTH-5#326 Warning
Mapped onto distributed RAM because of timing constraints  
The instance canvas_fb/memory_reg_4736_4863_0_0 is implemented as distributed LUT RAM for the following reason: The timing constraints suggest that the chosen mapping will yield a better timing.
Related violations: <none>

SYNTH-5#327 Warning
Mapped onto distributed RAM because of timing constraints  
The instance canvas_fb/memory_reg_47488_47615_0_0 is implemented as distributed LUT RAM for the following reason: The timing constraints suggest that the chosen mapping will yield a better timing.
Related violations: <none>

SYNTH-5#328 Warning
Mapped onto distributed RAM because of timing constraints  
The instance canvas_fb/memory_reg_47616_47743_0_0 is implemented as distributed LUT RAM for the following reason: The timing constraints suggest that the chosen mapping will yield a better timing.
Related violations: <none>

SYNTH-5#329 Warning
Mapped onto distributed RAM because of timing constraints  
The instance canvas_fb/memory_reg_47744_47871_0_0 is implemented as distributed LUT RAM for the following reason: The timing constraints suggest that the chosen mapping will yield a better timing.
Related violations: <none>

SYNTH-5#330 Warning
Mapped onto distributed RAM because of timing constraints  
The instance canvas_fb/memory_reg_47872_47999_0_0 is implemented as distributed LUT RAM for the following reason: The timing constraints suggest that the chosen mapping will yield a better timing.
Related violations: <none>

SYNTH-5#331 Warning
Mapped onto distributed RAM because of timing constraints  
The instance canvas_fb/memory_reg_48000_48127_0_0 is implemented as distributed LUT RAM for the following reason: The timing constraints suggest that the chosen mapping will yield a better timing.
Related violations: <none>

SYNTH-5#332 Warning
Mapped onto distributed RAM because of timing constraints  
The instance canvas_fb/memory_reg_48128_48255_0_0 is implemented as distributed LUT RAM for the following reason: The timing constraints suggest that the chosen mapping will yield a better timing.
Related violations: <none>

SYNTH-5#333 Warning
Mapped onto distributed RAM because of timing constraints  
The instance canvas_fb/memory_reg_48256_48383_0_0 is implemented as distributed LUT RAM for the following reason: The timing constraints suggest that the chosen mapping will yield a better timing.
Related violations: <none>

SYNTH-5#334 Warning
Mapped onto distributed RAM because of timing constraints  
The instance canvas_fb/memory_reg_48384_48511_0_0 is implemented as distributed LUT RAM for the following reason: The timing constraints suggest that the chosen mapping will yield a better timing.
Related violations: <none>

SYNTH-5#335 Warning
Mapped onto distributed RAM because of timing constraints  
The instance canvas_fb/memory_reg_48512_48639_0_0 is implemented as distributed LUT RAM for the following reason: The timing constraints suggest that the chosen mapping will yield a better timing.
Related violations: <none>

SYNTH-5#336 Warning
Mapped onto distributed RAM because of timing constraints  
The instance canvas_fb/memory_reg_48640_48767_0_0 is implemented as distributed LUT RAM for the following reason: The timing constraints suggest that the chosen mapping will yield a better timing.
Related violations: <none>

SYNTH-5#337 Warning
Mapped onto distributed RAM because of timing constraints  
The instance canvas_fb/memory_reg_4864_4991_0_0 is implemented as distributed LUT RAM for the following reason: The timing constraints suggest that the chosen mapping will yield a better timing.
Related violations: <none>

SYNTH-5#338 Warning
Mapped onto distributed RAM because of timing constraints  
The instance canvas_fb/memory_reg_48768_48895_0_0 is implemented as distributed LUT RAM for the following reason: The timing constraints suggest that the chosen mapping will yield a better timing.
Related violations: <none>

SYNTH-5#339 Warning
Mapped onto distributed RAM because of timing constraints  
The instance canvas_fb/memory_reg_48896_49023_0_0 is implemented as distributed LUT RAM for the following reason: The timing constraints suggest that the chosen mapping will yield a better timing.
Related violations: <none>

SYNTH-5#340 Warning
Mapped onto distributed RAM because of timing constraints  
The instance canvas_fb/memory_reg_49024_49151_0_0 is implemented as distributed LUT RAM for the following reason: The timing constraints suggest that the chosen mapping will yield a better timing.
Related violations: <none>

SYNTH-5#341 Warning
Mapped onto distributed RAM because of timing constraints  
The instance canvas_fb/memory_reg_49152_49279_0_0 is implemented as distributed LUT RAM for the following reason: The timing constraints suggest that the chosen mapping will yield a better timing.
Related violations: <none>

SYNTH-5#342 Warning
Mapped onto distributed RAM because of timing constraints  
The instance canvas_fb/memory_reg_49280_49407_0_0 is implemented as distributed LUT RAM for the following reason: The timing constraints suggest that the chosen mapping will yield a better timing.
Related violations: <none>

SYNTH-5#343 Warning
Mapped onto distributed RAM because of timing constraints  
The instance canvas_fb/memory_reg_49408_49535_0_0 is implemented as distributed LUT RAM for the following reason: The timing constraints suggest that the chosen mapping will yield a better timing.
Related violations: <none>

SYNTH-5#344 Warning
Mapped onto distributed RAM because of timing constraints  
The instance canvas_fb/memory_reg_49536_49663_0_0 is implemented as distributed LUT RAM for the following reason: The timing constraints suggest that the chosen mapping will yield a better timing.
Related violations: <none>

SYNTH-5#345 Warning
Mapped onto distributed RAM because of timing constraints  
The instance canvas_fb/memory_reg_49664_49791_0_0 is implemented as distributed LUT RAM for the following reason: The timing constraints suggest that the chosen mapping will yield a better timing.
Related violations: <none>

SYNTH-5#346 Warning
Mapped onto distributed RAM because of timing constraints  
The instance canvas_fb/memory_reg_49792_49919_0_0 is implemented as distributed LUT RAM for the following reason: The timing constraints suggest that the chosen mapping will yield a better timing.
Related violations: <none>

SYNTH-5#347 Warning
Mapped onto distributed RAM because of timing constraints  
The instance canvas_fb/memory_reg_49920_50047_0_0 is implemented as distributed LUT RAM for the following reason: The timing constraints suggest that the chosen mapping will yield a better timing.
Related violations: <none>

SYNTH-5#348 Warning
Mapped onto distributed RAM because of timing constraints  
The instance canvas_fb/memory_reg_4992_5119_0_0 is implemented as distributed LUT RAM for the following reason: The timing constraints suggest that the chosen mapping will yield a better timing.
Related violations: <none>

SYNTH-5#349 Warning
Mapped onto distributed RAM because of timing constraints  
The instance canvas_fb/memory_reg_50048_50175_0_0 is implemented as distributed LUT RAM for the following reason: The timing constraints suggest that the chosen mapping will yield a better timing.
Related violations: <none>

SYNTH-5#350 Warning
Mapped onto distributed RAM because of timing constraints  
The instance canvas_fb/memory_reg_50176_50303_0_0 is implemented as distributed LUT RAM for the following reason: The timing constraints suggest that the chosen mapping will yield a better timing.
Related violations: <none>

SYNTH-5#351 Warning
Mapped onto distributed RAM because of timing constraints  
The instance canvas_fb/memory_reg_50304_50431_0_0 is implemented as distributed LUT RAM for the following reason: The timing constraints suggest that the chosen mapping will yield a better timing.
Related violations: <none>

SYNTH-5#352 Warning
Mapped onto distributed RAM because of timing constraints  
The instance canvas_fb/memory_reg_50432_50559_0_0 is implemented as distributed LUT RAM for the following reason: The timing constraints suggest that the chosen mapping will yield a better timing.
Related violations: <none>

SYNTH-5#353 Warning
Mapped onto distributed RAM because of timing constraints  
The instance canvas_fb/memory_reg_50560_50687_0_0 is implemented as distributed LUT RAM for the following reason: The timing constraints suggest that the chosen mapping will yield a better timing.
Related violations: <none>

SYNTH-5#354 Warning
Mapped onto distributed RAM because of timing constraints  
The instance canvas_fb/memory_reg_50688_50815_0_0 is implemented as distributed LUT RAM for the following reason: The timing constraints suggest that the chosen mapping will yield a better timing.
Related violations: <none>

SYNTH-5#355 Warning
Mapped onto distributed RAM because of timing constraints  
The instance canvas_fb/memory_reg_50816_50943_0_0 is implemented as distributed LUT RAM for the following reason: The timing constraints suggest that the chosen mapping will yield a better timing.
Related violations: <none>

SYNTH-5#356 Warning
Mapped onto distributed RAM because of timing constraints  
The instance canvas_fb/memory_reg_50944_51071_0_0 is implemented as distributed LUT RAM for the following reason: The timing constraints suggest that the chosen mapping will yield a better timing.
Related violations: <none>

SYNTH-5#357 Warning
Mapped onto distributed RAM because of timing constraints  
The instance canvas_fb/memory_reg_51072_51199_0_0 is implemented as distributed LUT RAM for the following reason: The timing constraints suggest that the chosen mapping will yield a better timing.
Related violations: <none>

SYNTH-5#358 Warning
Mapped onto distributed RAM because of timing constraints  
The instance canvas_fb/memory_reg_51200_51327_0_0 is implemented as distributed LUT RAM for the following reason: The timing constraints suggest that the chosen mapping will yield a better timing.
Related violations: <none>

SYNTH-5#359 Warning
Mapped onto distributed RAM because of timing constraints  
The instance canvas_fb/memory_reg_5120_5247_0_0 is implemented as distributed LUT RAM for the following reason: The timing constraints suggest that the chosen mapping will yield a better timing.
Related violations: <none>

SYNTH-5#360 Warning
Mapped onto distributed RAM because of timing constraints  
The instance canvas_fb/memory_reg_512_639_0_0 is implemented as distributed LUT RAM for the following reason: The timing constraints suggest that the chosen mapping will yield a better timing.
Related violations: <none>

SYNTH-5#361 Warning
Mapped onto distributed RAM because of timing constraints  
The instance canvas_fb/memory_reg_51328_51455_0_0 is implemented as distributed LUT RAM for the following reason: The timing constraints suggest that the chosen mapping will yield a better timing.
Related violations: <none>

SYNTH-5#362 Warning
Mapped onto distributed RAM because of timing constraints  
The instance canvas_fb/memory_reg_51456_51583_0_0 is implemented as distributed LUT RAM for the following reason: The timing constraints suggest that the chosen mapping will yield a better timing.
Related violations: <none>

SYNTH-5#363 Warning
Mapped onto distributed RAM because of timing constraints  
The instance canvas_fb/memory_reg_51584_51711_0_0 is implemented as distributed LUT RAM for the following reason: The timing constraints suggest that the chosen mapping will yield a better timing.
Related violations: <none>

SYNTH-5#364 Warning
Mapped onto distributed RAM because of timing constraints  
The instance canvas_fb/memory_reg_51712_51839_0_0 is implemented as distributed LUT RAM for the following reason: The timing constraints suggest that the chosen mapping will yield a better timing.
Related violations: <none>

SYNTH-5#365 Warning
Mapped onto distributed RAM because of timing constraints  
The instance canvas_fb/memory_reg_51840_51967_0_0 is implemented as distributed LUT RAM for the following reason: The timing constraints suggest that the chosen mapping will yield a better timing.
Related violations: <none>

SYNTH-5#366 Warning
Mapped onto distributed RAM because of timing constraints  
The instance canvas_fb/memory_reg_51968_52095_0_0 is implemented as distributed LUT RAM for the following reason: The timing constraints suggest that the chosen mapping will yield a better timing.
Related violations: <none>

SYNTH-5#367 Warning
Mapped onto distributed RAM because of timing constraints  
The instance canvas_fb/memory_reg_52096_52223_0_0 is implemented as distributed LUT RAM for the following reason: The timing constraints suggest that the chosen mapping will yield a better timing.
Related violations: <none>

SYNTH-5#368 Warning
Mapped onto distributed RAM because of timing constraints  
The instance canvas_fb/memory_reg_52224_52351_0_0 is implemented as distributed LUT RAM for the following reason: The timing constraints suggest that the chosen mapping will yield a better timing.
Related violations: <none>

SYNTH-5#369 Warning
Mapped onto distributed RAM because of timing constraints  
The instance canvas_fb/memory_reg_52352_52479_0_0 is implemented as distributed LUT RAM for the following reason: The timing constraints suggest that the chosen mapping will yield a better timing.
Related violations: <none>

SYNTH-5#370 Warning
Mapped onto distributed RAM because of timing constraints  
The instance canvas_fb/memory_reg_52480_52607_0_0 is implemented as distributed LUT RAM for the following reason: The timing constraints suggest that the chosen mapping will yield a better timing.
Related violations: <none>

SYNTH-5#371 Warning
Mapped onto distributed RAM because of timing constraints  
The instance canvas_fb/memory_reg_5248_5375_0_0 is implemented as distributed LUT RAM for the following reason: The timing constraints suggest that the chosen mapping will yield a better timing.
Related violations: <none>

SYNTH-5#372 Warning
Mapped onto distributed RAM because of timing constraints  
The instance canvas_fb/memory_reg_52608_52735_0_0 is implemented as distributed LUT RAM for the following reason: The timing constraints suggest that the chosen mapping will yield a better timing.
Related violations: <none>

SYNTH-5#373 Warning
Mapped onto distributed RAM because of timing constraints  
The instance canvas_fb/memory_reg_52736_52863_0_0 is implemented as distributed LUT RAM for the following reason: The timing constraints suggest that the chosen mapping will yield a better timing.
Related violations: <none>

SYNTH-5#374 Warning
Mapped onto distributed RAM because of timing constraints  
The instance canvas_fb/memory_reg_52864_52991_0_0 is implemented as distributed LUT RAM for the following reason: The timing constraints suggest that the chosen mapping will yield a better timing.
Related violations: <none>

SYNTH-5#375 Warning
Mapped onto distributed RAM because of timing constraints  
The instance canvas_fb/memory_reg_52992_53119_0_0 is implemented as distributed LUT RAM for the following reason: The timing constraints suggest that the chosen mapping will yield a better timing.
Related violations: <none>

SYNTH-5#376 Warning
Mapped onto distributed RAM because of timing constraints  
The instance canvas_fb/memory_reg_53120_53247_0_0 is implemented as distributed LUT RAM for the following reason: The timing constraints suggest that the chosen mapping will yield a better timing.
Related violations: <none>

SYNTH-5#377 Warning
Mapped onto distributed RAM because of timing constraints  
The instance canvas_fb/memory_reg_53248_53375_0_0 is implemented as distributed LUT RAM for the following reason: The timing constraints suggest that the chosen mapping will yield a better timing.
Related violations: <none>

SYNTH-5#378 Warning
Mapped onto distributed RAM because of timing constraints  
The instance canvas_fb/memory_reg_53376_53503_0_0 is implemented as distributed LUT RAM for the following reason: The timing constraints suggest that the chosen mapping will yield a better timing.
Related violations: <none>

SYNTH-5#379 Warning
Mapped onto distributed RAM because of timing constraints  
The instance canvas_fb/memory_reg_53504_53631_0_0 is implemented as distributed LUT RAM for the following reason: The timing constraints suggest that the chosen mapping will yield a better timing.
Related violations: <none>

SYNTH-5#380 Warning
Mapped onto distributed RAM because of timing constraints  
The instance canvas_fb/memory_reg_53632_53759_0_0 is implemented as distributed LUT RAM for the following reason: The timing constraints suggest that the chosen mapping will yield a better timing.
Related violations: <none>

SYNTH-5#381 Warning
Mapped onto distributed RAM because of timing constraints  
The instance canvas_fb/memory_reg_53760_53887_0_0 is implemented as distributed LUT RAM for the following reason: The timing constraints suggest that the chosen mapping will yield a better timing.
Related violations: <none>

SYNTH-5#382 Warning
Mapped onto distributed RAM because of timing constraints  
The instance canvas_fb/memory_reg_5376_5503_0_0 is implemented as distributed LUT RAM for the following reason: The timing constraints suggest that the chosen mapping will yield a better timing.
Related violations: <none>

SYNTH-5#383 Warning
Mapped onto distributed RAM because of timing constraints  
The instance canvas_fb/memory_reg_53888_54015_0_0 is implemented as distributed LUT RAM for the following reason: The timing constraints suggest that the chosen mapping will yield a better timing.
Related violations: <none>

SYNTH-5#384 Warning
Mapped onto distributed RAM because of timing constraints  
The instance canvas_fb/memory_reg_54016_54143_0_0 is implemented as distributed LUT RAM for the following reason: The timing constraints suggest that the chosen mapping will yield a better timing.
Related violations: <none>

SYNTH-5#385 Warning
Mapped onto distributed RAM because of timing constraints  
The instance canvas_fb/memory_reg_54144_54271_0_0 is implemented as distributed LUT RAM for the following reason: The timing constraints suggest that the chosen mapping will yield a better timing.
Related violations: <none>

SYNTH-5#386 Warning
Mapped onto distributed RAM because of timing constraints  
The instance canvas_fb/memory_reg_54272_54399_0_0 is implemented as distributed LUT RAM for the following reason: The timing constraints suggest that the chosen mapping will yield a better timing.
Related violations: <none>

SYNTH-5#387 Warning
Mapped onto distributed RAM because of timing constraints  
The instance canvas_fb/memory_reg_54400_54527_0_0 is implemented as distributed LUT RAM for the following reason: The timing constraints suggest that the chosen mapping will yield a better timing.
Related violations: <none>

SYNTH-5#388 Warning
Mapped onto distributed RAM because of timing constraints  
The instance canvas_fb/memory_reg_54528_54655_0_0 is implemented as distributed LUT RAM for the following reason: The timing constraints suggest that the chosen mapping will yield a better timing.
Related violations: <none>

SYNTH-5#389 Warning
Mapped onto distributed RAM because of timing constraints  
The instance canvas_fb/memory_reg_54656_54783_0_0 is implemented as distributed LUT RAM for the following reason: The timing constraints suggest that the chosen mapping will yield a better timing.
Related violations: <none>

SYNTH-5#390 Warning
Mapped onto distributed RAM because of timing constraints  
The instance canvas_fb/memory_reg_54784_54911_0_0 is implemented as distributed LUT RAM for the following reason: The timing constraints suggest that the chosen mapping will yield a better timing.
Related violations: <none>

SYNTH-5#391 Warning
Mapped onto distributed RAM because of timing constraints  
The instance canvas_fb/memory_reg_54912_55039_0_0 is implemented as distributed LUT RAM for the following reason: The timing constraints suggest that the chosen mapping will yield a better timing.
Related violations: <none>

SYNTH-5#392 Warning
Mapped onto distributed RAM because of timing constraints  
The instance canvas_fb/memory_reg_55040_55167_0_0 is implemented as distributed LUT RAM for the following reason: The timing constraints suggest that the chosen mapping will yield a better timing.
Related violations: <none>

SYNTH-5#393 Warning
Mapped onto distributed RAM because of timing constraints  
The instance canvas_fb/memory_reg_5504_5631_0_0 is implemented as distributed LUT RAM for the following reason: The timing constraints suggest that the chosen mapping will yield a better timing.
Related violations: <none>

SYNTH-5#394 Warning
Mapped onto distributed RAM because of timing constraints  
The instance canvas_fb/memory_reg_55168_55295_0_0 is implemented as distributed LUT RAM for the following reason: The timing constraints suggest that the chosen mapping will yield a better timing.
Related violations: <none>

SYNTH-5#395 Warning
Mapped onto distributed RAM because of timing constraints  
The instance canvas_fb/memory_reg_55296_55423_0_0 is implemented as distributed LUT RAM for the following reason: The timing constraints suggest that the chosen mapping will yield a better timing.
Related violations: <none>

SYNTH-5#396 Warning
Mapped onto distributed RAM because of timing constraints  
The instance canvas_fb/memory_reg_55424_55551_0_0 is implemented as distributed LUT RAM for the following reason: The timing constraints suggest that the chosen mapping will yield a better timing.
Related violations: <none>

SYNTH-5#397 Warning
Mapped onto distributed RAM because of timing constraints  
The instance canvas_fb/memory_reg_55552_55679_0_0 is implemented as distributed LUT RAM for the following reason: The timing constraints suggest that the chosen mapping will yield a better timing.
Related violations: <none>

SYNTH-5#398 Warning
Mapped onto distributed RAM because of timing constraints  
The instance canvas_fb/memory_reg_55680_55807_0_0 is implemented as distributed LUT RAM for the following reason: The timing constraints suggest that the chosen mapping will yield a better timing.
Related violations: <none>

SYNTH-5#399 Warning
Mapped onto distributed RAM because of timing constraints  
The instance canvas_fb/memory_reg_55808_55935_0_0 is implemented as distributed LUT RAM for the following reason: The timing constraints suggest that the chosen mapping will yield a better timing.
Related violations: <none>

SYNTH-5#400 Warning
Mapped onto distributed RAM because of timing constraints  
The instance canvas_fb/memory_reg_55936_56063_0_0 is implemented as distributed LUT RAM for the following reason: The timing constraints suggest that the chosen mapping will yield a better timing.
Related violations: <none>

SYNTH-5#401 Warning
Mapped onto distributed RAM because of timing constraints  
The instance canvas_fb/memory_reg_56064_56191_0_0 is implemented as distributed LUT RAM for the following reason: The timing constraints suggest that the chosen mapping will yield a better timing.
Related violations: <none>

SYNTH-5#402 Warning
Mapped onto distributed RAM because of timing constraints  
The instance canvas_fb/memory_reg_56192_56319_0_0 is implemented as distributed LUT RAM for the following reason: The timing constraints suggest that the chosen mapping will yield a better timing.
Related violations: <none>

SYNTH-5#403 Warning
Mapped onto distributed RAM because of timing constraints  
The instance canvas_fb/memory_reg_56320_56447_0_0 is implemented as distributed LUT RAM for the following reason: The timing constraints suggest that the chosen mapping will yield a better timing.
Related violations: <none>

SYNTH-5#404 Warning
Mapped onto distributed RAM because of timing constraints  
The instance canvas_fb/memory_reg_5632_5759_0_0 is implemented as distributed LUT RAM for the following reason: The timing constraints suggest that the chosen mapping will yield a better timing.
Related violations: <none>

SYNTH-5#405 Warning
Mapped onto distributed RAM because of timing constraints  
The instance canvas_fb/memory_reg_56448_56575_0_0 is implemented as distributed LUT RAM for the following reason: The timing constraints suggest that the chosen mapping will yield a better timing.
Related violations: <none>

SYNTH-5#406 Warning
Mapped onto distributed RAM because of timing constraints  
The instance canvas_fb/memory_reg_56576_56703_0_0 is implemented as distributed LUT RAM for the following reason: The timing constraints suggest that the chosen mapping will yield a better timing.
Related violations: <none>

SYNTH-5#407 Warning
Mapped onto distributed RAM because of timing constraints  
The instance canvas_fb/memory_reg_56704_56831_0_0 is implemented as distributed LUT RAM for the following reason: The timing constraints suggest that the chosen mapping will yield a better timing.
Related violations: <none>

SYNTH-5#408 Warning
Mapped onto distributed RAM because of timing constraints  
The instance canvas_fb/memory_reg_56832_56959_0_0 is implemented as distributed LUT RAM for the following reason: The timing constraints suggest that the chosen mapping will yield a better timing.
Related violations: <none>

SYNTH-5#409 Warning
Mapped onto distributed RAM because of timing constraints  
The instance canvas_fb/memory_reg_56960_57087_0_0 is implemented as distributed LUT RAM for the following reason: The timing constraints suggest that the chosen mapping will yield a better timing.
Related violations: <none>

SYNTH-5#410 Warning
Mapped onto distributed RAM because of timing constraints  
The instance canvas_fb/memory_reg_57088_57215_0_0 is implemented as distributed LUT RAM for the following reason: The timing constraints suggest that the chosen mapping will yield a better timing.
Related violations: <none>

SYNTH-5#411 Warning
Mapped onto distributed RAM because of timing constraints  
The instance canvas_fb/memory_reg_57216_57343_0_0 is implemented as distributed LUT RAM for the following reason: The timing constraints suggest that the chosen mapping will yield a better timing.
Related violations: <none>

SYNTH-5#412 Warning
Mapped onto distributed RAM because of timing constraints  
The instance canvas_fb/memory_reg_57344_57471_0_0 is implemented as distributed LUT RAM for the following reason: The timing constraints suggest that the chosen mapping will yield a better timing.
Related violations: <none>

SYNTH-5#413 Warning
Mapped onto distributed RAM because of timing constraints  
The instance canvas_fb/memory_reg_57472_57599_0_0 is implemented as distributed LUT RAM for the following reason: The timing constraints suggest that the chosen mapping will yield a better timing.
Related violations: <none>

SYNTH-5#414 Warning
Mapped onto distributed RAM because of timing constraints  
The instance canvas_fb/memory_reg_57600_57727_0_0 is implemented as distributed LUT RAM for the following reason: The timing constraints suggest that the chosen mapping will yield a better timing.
Related violations: <none>

SYNTH-5#415 Warning
Mapped onto distributed RAM because of timing constraints  
The instance canvas_fb/memory_reg_5760_5887_0_0 is implemented as distributed LUT RAM for the following reason: The timing constraints suggest that the chosen mapping will yield a better timing.
Related violations: <none>

SYNTH-5#416 Warning
Mapped onto distributed RAM because of timing constraints  
The instance canvas_fb/memory_reg_57728_57855_0_0 is implemented as distributed LUT RAM for the following reason: The timing constraints suggest that the chosen mapping will yield a better timing.
Related violations: <none>

SYNTH-5#417 Warning
Mapped onto distributed RAM because of timing constraints  
The instance canvas_fb/memory_reg_57856_57983_0_0 is implemented as distributed LUT RAM for the following reason: The timing constraints suggest that the chosen mapping will yield a better timing.
Related violations: <none>

SYNTH-5#418 Warning
Mapped onto distributed RAM because of timing constraints  
The instance canvas_fb/memory_reg_57984_58111_0_0 is implemented as distributed LUT RAM for the following reason: The timing constraints suggest that the chosen mapping will yield a better timing.
Related violations: <none>

SYNTH-5#419 Warning
Mapped onto distributed RAM because of timing constraints  
The instance canvas_fb/memory_reg_58112_58239_0_0 is implemented as distributed LUT RAM for the following reason: The timing constraints suggest that the chosen mapping will yield a better timing.
Related violations: <none>

SYNTH-5#420 Warning
Mapped onto distributed RAM because of timing constraints  
The instance canvas_fb/memory_reg_58240_58367_0_0 is implemented as distributed LUT RAM for the following reason: The timing constraints suggest that the chosen mapping will yield a better timing.
Related violations: <none>

SYNTH-5#421 Warning
Mapped onto distributed RAM because of timing constraints  
The instance canvas_fb/memory_reg_58368_58495_0_0 is implemented as distributed LUT RAM for the following reason: The timing constraints suggest that the chosen mapping will yield a better timing.
Related violations: <none>

SYNTH-5#422 Warning
Mapped onto distributed RAM because of timing constraints  
The instance canvas_fb/memory_reg_58496_58623_0_0 is implemented as distributed LUT RAM for the following reason: The timing constraints suggest that the chosen mapping will yield a better timing.
Related violations: <none>

SYNTH-5#423 Warning
Mapped onto distributed RAM because of timing constraints  
The instance canvas_fb/memory_reg_58624_58751_0_0 is implemented as distributed LUT RAM for the following reason: The timing constraints suggest that the chosen mapping will yield a better timing.
Related violations: <none>

SYNTH-5#424 Warning
Mapped onto distributed RAM because of timing constraints  
The instance canvas_fb/memory_reg_58752_58879_0_0 is implemented as distributed LUT RAM for the following reason: The timing constraints suggest that the chosen mapping will yield a better timing.
Related violations: <none>

SYNTH-5#425 Warning
Mapped onto distributed RAM because of timing constraints  
The instance canvas_fb/memory_reg_58880_59007_0_0 is implemented as distributed LUT RAM for the following reason: The timing constraints suggest that the chosen mapping will yield a better timing.
Related violations: <none>

SYNTH-5#426 Warning
Mapped onto distributed RAM because of timing constraints  
The instance canvas_fb/memory_reg_5888_6015_0_0 is implemented as distributed LUT RAM for the following reason: The timing constraints suggest that the chosen mapping will yield a better timing.
Related violations: <none>

SYNTH-5#427 Warning
Mapped onto distributed RAM because of timing constraints  
The instance canvas_fb/memory_reg_59008_59135_0_0 is implemented as distributed LUT RAM for the following reason: The timing constraints suggest that the chosen mapping will yield a better timing.
Related violations: <none>

SYNTH-5#428 Warning
Mapped onto distributed RAM because of timing constraints  
The instance canvas_fb/memory_reg_59136_59263_0_0 is implemented as distributed LUT RAM for the following reason: The timing constraints suggest that the chosen mapping will yield a better timing.
Related violations: <none>

SYNTH-5#429 Warning
Mapped onto distributed RAM because of timing constraints  
The instance canvas_fb/memory_reg_59264_59391_0_0 is implemented as distributed LUT RAM for the following reason: The timing constraints suggest that the chosen mapping will yield a better timing.
Related violations: <none>

SYNTH-5#430 Warning
Mapped onto distributed RAM because of timing constraints  
The instance canvas_fb/memory_reg_59392_59519_0_0 is implemented as distributed LUT RAM for the following reason: The timing constraints suggest that the chosen mapping will yield a better timing.
Related violations: <none>

SYNTH-5#431 Warning
Mapped onto distributed RAM because of timing constraints  
The instance canvas_fb/memory_reg_59520_59647_0_0 is implemented as distributed LUT RAM for the following reason: The timing constraints suggest that the chosen mapping will yield a better timing.
Related violations: <none>

SYNTH-5#432 Warning
Mapped onto distributed RAM because of timing constraints  
The instance canvas_fb/memory_reg_59648_59775_0_0 is implemented as distributed LUT RAM for the following reason: The timing constraints suggest that the chosen mapping will yield a better timing.
Related violations: <none>

SYNTH-5#433 Warning
Mapped onto distributed RAM because of timing constraints  
The instance canvas_fb/memory_reg_59776_59903_0_0 is implemented as distributed LUT RAM for the following reason: The timing constraints suggest that the chosen mapping will yield a better timing.
Related violations: <none>

SYNTH-5#434 Warning
Mapped onto distributed RAM because of timing constraints  
The instance canvas_fb/memory_reg_59904_60031_0_0 is implemented as distributed LUT RAM for the following reason: The timing constraints suggest that the chosen mapping will yield a better timing.
Related violations: <none>

SYNTH-5#435 Warning
Mapped onto distributed RAM because of timing constraints  
The instance canvas_fb/memory_reg_60032_60159_0_0 is implemented as distributed LUT RAM for the following reason: The timing constraints suggest that the chosen mapping will yield a better timing.
Related violations: <none>

SYNTH-5#436 Warning
Mapped onto distributed RAM because of timing constraints  
The instance canvas_fb/memory_reg_60160_60287_0_0 is implemented as distributed LUT RAM for the following reason: The timing constraints suggest that the chosen mapping will yield a better timing.
Related violations: <none>

SYNTH-5#437 Warning
Mapped onto distributed RAM because of timing constraints  
The instance canvas_fb/memory_reg_6016_6143_0_0 is implemented as distributed LUT RAM for the following reason: The timing constraints suggest that the chosen mapping will yield a better timing.
Related violations: <none>

SYNTH-5#438 Warning
Mapped onto distributed RAM because of timing constraints  
The instance canvas_fb/memory_reg_60288_60415_0_0 is implemented as distributed LUT RAM for the following reason: The timing constraints suggest that the chosen mapping will yield a better timing.
Related violations: <none>

SYNTH-5#439 Warning
Mapped onto distributed RAM because of timing constraints  
The instance canvas_fb/memory_reg_60416_60543_0_0 is implemented as distributed LUT RAM for the following reason: The timing constraints suggest that the chosen mapping will yield a better timing.
Related violations: <none>

SYNTH-5#440 Warning
Mapped onto distributed RAM because of timing constraints  
The instance canvas_fb/memory_reg_60544_60671_0_0 is implemented as distributed LUT RAM for the following reason: The timing constraints suggest that the chosen mapping will yield a better timing.
Related violations: <none>

SYNTH-5#441 Warning
Mapped onto distributed RAM because of timing constraints  
The instance canvas_fb/memory_reg_60672_60799_0_0 is implemented as distributed LUT RAM for the following reason: The timing constraints suggest that the chosen mapping will yield a better timing.
Related violations: <none>

SYNTH-5#442 Warning
Mapped onto distributed RAM because of timing constraints  
The instance canvas_fb/memory_reg_60800_60927_0_0 is implemented as distributed LUT RAM for the following reason: The timing constraints suggest that the chosen mapping will yield a better timing.
Related violations: <none>

SYNTH-5#443 Warning
Mapped onto distributed RAM because of timing constraints  
The instance canvas_fb/memory_reg_60928_61055_0_0 is implemented as distributed LUT RAM for the following reason: The timing constraints suggest that the chosen mapping will yield a better timing.
Related violations: <none>

SYNTH-5#444 Warning
Mapped onto distributed RAM because of timing constraints  
The instance canvas_fb/memory_reg_61056_61183_0_0 is implemented as distributed LUT RAM for the following reason: The timing constraints suggest that the chosen mapping will yield a better timing.
Related violations: <none>

SYNTH-5#445 Warning
Mapped onto distributed RAM because of timing constraints  
The instance canvas_fb/memory_reg_61184_61311_0_0 is implemented as distributed LUT RAM for the following reason: The timing constraints suggest that the chosen mapping will yield a better timing.
Related violations: <none>

SYNTH-5#446 Warning
Mapped onto distributed RAM because of timing constraints  
The instance canvas_fb/memory_reg_61312_61439_0_0 is implemented as distributed LUT RAM for the following reason: The timing constraints suggest that the chosen mapping will yield a better timing.
Related violations: <none>

SYNTH-5#447 Warning
Mapped onto distributed RAM because of timing constraints  
The instance canvas_fb/memory_reg_61440_61567_0_0 is implemented as distributed LUT RAM for the following reason: The timing constraints suggest that the chosen mapping will yield a better timing.
Related violations: <none>

SYNTH-5#448 Warning
Mapped onto distributed RAM because of timing constraints  
The instance canvas_fb/memory_reg_6144_6271_0_0 is implemented as distributed LUT RAM for the following reason: The timing constraints suggest that the chosen mapping will yield a better timing.
Related violations: <none>

SYNTH-5#449 Warning
Mapped onto distributed RAM because of timing constraints  
The instance canvas_fb/memory_reg_61568_61695_0_0 is implemented as distributed LUT RAM for the following reason: The timing constraints suggest that the chosen mapping will yield a better timing.
Related violations: <none>

SYNTH-5#450 Warning
Mapped onto distributed RAM because of timing constraints  
The instance canvas_fb/memory_reg_61696_61823_0_0 is implemented as distributed LUT RAM for the following reason: The timing constraints suggest that the chosen mapping will yield a better timing.
Related violations: <none>

SYNTH-5#451 Warning
Mapped onto distributed RAM because of timing constraints  
The instance canvas_fb/memory_reg_61824_61951_0_0 is implemented as distributed LUT RAM for the following reason: The timing constraints suggest that the chosen mapping will yield a better timing.
Related violations: <none>

SYNTH-5#452 Warning
Mapped onto distributed RAM because of timing constraints  
The instance canvas_fb/memory_reg_61952_62079_0_0 is implemented as distributed LUT RAM for the following reason: The timing constraints suggest that the chosen mapping will yield a better timing.
Related violations: <none>

SYNTH-5#453 Warning
Mapped onto distributed RAM because of timing constraints  
The instance canvas_fb/memory_reg_62080_62207_0_0 is implemented as distributed LUT RAM for the following reason: The timing constraints suggest that the chosen mapping will yield a better timing.
Related violations: <none>

SYNTH-5#454 Warning
Mapped onto distributed RAM because of timing constraints  
The instance canvas_fb/memory_reg_62208_62335_0_0 is implemented as distributed LUT RAM for the following reason: The timing constraints suggest that the chosen mapping will yield a better timing.
Related violations: <none>

SYNTH-5#455 Warning
Mapped onto distributed RAM because of timing constraints  
The instance canvas_fb/memory_reg_62336_62463_0_0 is implemented as distributed LUT RAM for the following reason: The timing constraints suggest that the chosen mapping will yield a better timing.
Related violations: <none>

SYNTH-5#456 Warning
Mapped onto distributed RAM because of timing constraints  
The instance canvas_fb/memory_reg_62464_62591_0_0 is implemented as distributed LUT RAM for the following reason: The timing constraints suggest that the chosen mapping will yield a better timing.
Related violations: <none>

SYNTH-5#457 Warning
Mapped onto distributed RAM because of timing constraints  
The instance canvas_fb/memory_reg_62592_62719_0_0 is implemented as distributed LUT RAM for the following reason: The timing constraints suggest that the chosen mapping will yield a better timing.
Related violations: <none>

SYNTH-5#458 Warning
Mapped onto distributed RAM because of timing constraints  
The instance canvas_fb/memory_reg_62720_62847_0_0 is implemented as distributed LUT RAM for the following reason: The timing constraints suggest that the chosen mapping will yield a better timing.
Related violations: <none>

SYNTH-5#459 Warning
Mapped onto distributed RAM because of timing constraints  
The instance canvas_fb/memory_reg_6272_6399_0_0 is implemented as distributed LUT RAM for the following reason: The timing constraints suggest that the chosen mapping will yield a better timing.
Related violations: <none>

SYNTH-5#460 Warning
Mapped onto distributed RAM because of timing constraints  
The instance canvas_fb/memory_reg_62848_62975_0_0 is implemented as distributed LUT RAM for the following reason: The timing constraints suggest that the chosen mapping will yield a better timing.
Related violations: <none>

SYNTH-5#461 Warning
Mapped onto distributed RAM because of timing constraints  
The instance canvas_fb/memory_reg_62976_63103_0_0 is implemented as distributed LUT RAM for the following reason: The timing constraints suggest that the chosen mapping will yield a better timing.
Related violations: <none>

SYNTH-5#462 Warning
Mapped onto distributed RAM because of timing constraints  
The instance canvas_fb/memory_reg_63104_63231_0_0 is implemented as distributed LUT RAM for the following reason: The timing constraints suggest that the chosen mapping will yield a better timing.
Related violations: <none>

SYNTH-5#463 Warning
Mapped onto distributed RAM because of timing constraints  
The instance canvas_fb/memory_reg_63232_63359_0_0 is implemented as distributed LUT RAM for the following reason: The timing constraints suggest that the chosen mapping will yield a better timing.
Related violations: <none>

SYNTH-5#464 Warning
Mapped onto distributed RAM because of timing constraints  
The instance canvas_fb/memory_reg_63360_63487_0_0 is implemented as distributed LUT RAM for the following reason: The timing constraints suggest that the chosen mapping will yield a better timing.
Related violations: <none>

SYNTH-5#465 Warning
Mapped onto distributed RAM because of timing constraints  
The instance canvas_fb/memory_reg_63488_63615_0_0 is implemented as distributed LUT RAM for the following reason: The timing constraints suggest that the chosen mapping will yield a better timing.
Related violations: <none>

SYNTH-5#466 Warning
Mapped onto distributed RAM because of timing constraints  
The instance canvas_fb/memory_reg_63616_63743_0_0 is implemented as distributed LUT RAM for the following reason: The timing constraints suggest that the chosen mapping will yield a better timing.
Related violations: <none>

SYNTH-5#467 Warning
Mapped onto distributed RAM because of timing constraints  
The instance canvas_fb/memory_reg_63744_63871_0_0 is implemented as distributed LUT RAM for the following reason: The timing constraints suggest that the chosen mapping will yield a better timing.
Related violations: <none>

SYNTH-5#468 Warning
Mapped onto distributed RAM because of timing constraints  
The instance canvas_fb/memory_reg_63872_63999_0_0 is implemented as distributed LUT RAM for the following reason: The timing constraints suggest that the chosen mapping will yield a better timing.
Related violations: <none>

SYNTH-5#469 Warning
Mapped onto distributed RAM because of timing constraints  
The instance canvas_fb/memory_reg_64000_64127_0_0 is implemented as distributed LUT RAM for the following reason: The timing constraints suggest that the chosen mapping will yield a better timing.
Related violations: <none>

SYNTH-5#470 Warning
Mapped onto distributed RAM because of timing constraints  
The instance canvas_fb/memory_reg_6400_6527_0_0 is implemented as distributed LUT RAM for the following reason: The timing constraints suggest that the chosen mapping will yield a better timing.
Related violations: <none>

SYNTH-5#471 Warning
Mapped onto distributed RAM because of timing constraints  
The instance canvas_fb/memory_reg_640_767_0_0 is implemented as distributed LUT RAM for the following reason: The timing constraints suggest that the chosen mapping will yield a better timing.
Related violations: <none>

SYNTH-5#472 Warning
Mapped onto distributed RAM because of timing constraints  
The instance canvas_fb/memory_reg_64128_64255_0_0 is implemented as distributed LUT RAM for the following reason: The timing constraints suggest that the chosen mapping will yield a better timing.
Related violations: <none>

SYNTH-5#473 Warning
Mapped onto distributed RAM because of timing constraints  
The instance canvas_fb/memory_reg_64256_64383_0_0 is implemented as distributed LUT RAM for the following reason: The timing constraints suggest that the chosen mapping will yield a better timing.
Related violations: <none>

SYNTH-5#474 Warning
Mapped onto distributed RAM because of timing constraints  
The instance canvas_fb/memory_reg_64384_64511_0_0 is implemented as distributed LUT RAM for the following reason: The timing constraints suggest that the chosen mapping will yield a better timing.
Related violations: <none>

SYNTH-5#475 Warning
Mapped onto distributed RAM because of timing constraints  
The instance canvas_fb/memory_reg_64512_64639_0_0 is implemented as distributed LUT RAM for the following reason: The timing constraints suggest that the chosen mapping will yield a better timing.
Related violations: <none>

SYNTH-5#476 Warning
Mapped onto distributed RAM because of timing constraints  
The instance canvas_fb/memory_reg_64640_64767_0_0 is implemented as distributed LUT RAM for the following reason: The timing constraints suggest that the chosen mapping will yield a better timing.
Related violations: <none>

SYNTH-5#477 Warning
Mapped onto distributed RAM because of timing constraints  
The instance canvas_fb/memory_reg_64768_64895_0_0 is implemented as distributed LUT RAM for the following reason: The timing constraints suggest that the chosen mapping will yield a better timing.
Related violations: <none>

SYNTH-5#478 Warning
Mapped onto distributed RAM because of timing constraints  
The instance canvas_fb/memory_reg_64896_65023_0_0 is implemented as distributed LUT RAM for the following reason: The timing constraints suggest that the chosen mapping will yield a better timing.
Related violations: <none>

SYNTH-5#479 Warning
Mapped onto distributed RAM because of timing constraints  
The instance canvas_fb/memory_reg_65024_65151_0_0 is implemented as distributed LUT RAM for the following reason: The timing constraints suggest that the chosen mapping will yield a better timing.
Related violations: <none>

SYNTH-5#480 Warning
Mapped onto distributed RAM because of timing constraints  
The instance canvas_fb/memory_reg_65152_65279_0_0 is implemented as distributed LUT RAM for the following reason: The timing constraints suggest that the chosen mapping will yield a better timing.
Related violations: <none>

SYNTH-5#481 Warning
Mapped onto distributed RAM because of timing constraints  
The instance canvas_fb/memory_reg_65280_65407_0_0 is implemented as distributed LUT RAM for the following reason: The timing constraints suggest that the chosen mapping will yield a better timing.
Related violations: <none>

SYNTH-5#482 Warning
Mapped onto distributed RAM because of timing constraints  
The instance canvas_fb/memory_reg_6528_6655_0_0 is implemented as distributed LUT RAM for the following reason: The timing constraints suggest that the chosen mapping will yield a better timing.
Related violations: <none>

SYNTH-5#483 Warning
Mapped onto distributed RAM because of timing constraints  
The instance canvas_fb/memory_reg_65408_65535_0_0 is implemented as distributed LUT RAM for the following reason: The timing constraints suggest that the chosen mapping will yield a better timing.
Related violations: <none>

SYNTH-5#484 Warning
Mapped onto distributed RAM because of timing constraints  
The instance canvas_fb/memory_reg_65536_65663_0_0 is implemented as distributed LUT RAM for the following reason: The timing constraints suggest that the chosen mapping will yield a better timing.
Related violations: <none>

SYNTH-5#485 Warning
Mapped onto distributed RAM because of timing constraints  
The instance canvas_fb/memory_reg_65664_65791_0_0 is implemented as distributed LUT RAM for the following reason: The timing constraints suggest that the chosen mapping will yield a better timing.
Related violations: <none>

SYNTH-5#486 Warning
Mapped onto distributed RAM because of timing constraints  
The instance canvas_fb/memory_reg_65792_65919_0_0 is implemented as distributed LUT RAM for the following reason: The timing constraints suggest that the chosen mapping will yield a better timing.
Related violations: <none>

SYNTH-5#487 Warning
Mapped onto distributed RAM because of timing constraints  
The instance canvas_fb/memory_reg_65920_66047_0_0 is implemented as distributed LUT RAM for the following reason: The timing constraints suggest that the chosen mapping will yield a better timing.
Related violations: <none>

SYNTH-5#488 Warning
Mapped onto distributed RAM because of timing constraints  
The instance canvas_fb/memory_reg_66048_66175_0_0 is implemented as distributed LUT RAM for the following reason: The timing constraints suggest that the chosen mapping will yield a better timing.
Related violations: <none>

SYNTH-5#489 Warning
Mapped onto distributed RAM because of timing constraints  
The instance canvas_fb/memory_reg_66176_66303_0_0 is implemented as distributed LUT RAM for the following reason: The timing constraints suggest that the chosen mapping will yield a better timing.
Related violations: <none>

SYNTH-5#490 Warning
Mapped onto distributed RAM because of timing constraints  
The instance canvas_fb/memory_reg_66304_66431_0_0 is implemented as distributed LUT RAM for the following reason: The timing constraints suggest that the chosen mapping will yield a better timing.
Related violations: <none>

SYNTH-5#491 Warning
Mapped onto distributed RAM because of timing constraints  
The instance canvas_fb/memory_reg_66432_66559_0_0 is implemented as distributed LUT RAM for the following reason: The timing constraints suggest that the chosen mapping will yield a better timing.
Related violations: <none>

SYNTH-5#492 Warning
Mapped onto distributed RAM because of timing constraints  
The instance canvas_fb/memory_reg_66560_66687_0_0 is implemented as distributed LUT RAM for the following reason: The timing constraints suggest that the chosen mapping will yield a better timing.
Related violations: <none>

SYNTH-5#493 Warning
Mapped onto distributed RAM because of timing constraints  
The instance canvas_fb/memory_reg_6656_6783_0_0 is implemented as distributed LUT RAM for the following reason: The timing constraints suggest that the chosen mapping will yield a better timing.
Related violations: <none>

SYNTH-5#494 Warning
Mapped onto distributed RAM because of timing constraints  
The instance canvas_fb/memory_reg_66688_66815_0_0 is implemented as distributed LUT RAM for the following reason: The timing constraints suggest that the chosen mapping will yield a better timing.
Related violations: <none>

SYNTH-5#495 Warning
Mapped onto distributed RAM because of timing constraints  
The instance canvas_fb/memory_reg_66816_66943_0_0 is implemented as distributed LUT RAM for the following reason: The timing constraints suggest that the chosen mapping will yield a better timing.
Related violations: <none>

SYNTH-5#496 Warning
Mapped onto distributed RAM because of timing constraints  
The instance canvas_fb/memory_reg_66944_67071_0_0 is implemented as distributed LUT RAM for the following reason: The timing constraints suggest that the chosen mapping will yield a better timing.
Related violations: <none>

SYNTH-5#497 Warning
Mapped onto distributed RAM because of timing constraints  
The instance canvas_fb/memory_reg_67072_67199_0_0 is implemented as distributed LUT RAM for the following reason: The timing constraints suggest that the chosen mapping will yield a better timing.
Related violations: <none>

SYNTH-5#498 Warning
Mapped onto distributed RAM because of timing constraints  
The instance canvas_fb/memory_reg_67200_67327_0_0 is implemented as distributed LUT RAM for the following reason: The timing constraints suggest that the chosen mapping will yield a better timing.
Related violations: <none>

SYNTH-5#499 Warning
Mapped onto distributed RAM because of timing constraints  
The instance canvas_fb/memory_reg_67328_67455_0_0 is implemented as distributed LUT RAM for the following reason: The timing constraints suggest that the chosen mapping will yield a better timing.
Related violations: <none>

SYNTH-5#500 Warning
Mapped onto distributed RAM because of timing constraints  
The instance canvas_fb/memory_reg_67456_67583_0_0 is implemented as distributed LUT RAM for the following reason: The timing constraints suggest that the chosen mapping will yield a better timing.
Related violations: <none>

SYNTH-5#501 Warning
Mapped onto distributed RAM because of timing constraints  
The instance canvas_fb/memory_reg_67584_67711_0_0 is implemented as distributed LUT RAM for the following reason: The timing constraints suggest that the chosen mapping will yield a better timing.
Related violations: <none>

SYNTH-5#502 Warning
Mapped onto distributed RAM because of timing constraints  
The instance canvas_fb/memory_reg_67712_67839_0_0 is implemented as distributed LUT RAM for the following reason: The timing constraints suggest that the chosen mapping will yield a better timing.
Related violations: <none>

SYNTH-5#503 Warning
Mapped onto distributed RAM because of timing constraints  
The instance canvas_fb/memory_reg_67840_67967_0_0 is implemented as distributed LUT RAM for the following reason: The timing constraints suggest that the chosen mapping will yield a better timing.
Related violations: <none>

SYNTH-5#504 Warning
Mapped onto distributed RAM because of timing constraints  
The instance canvas_fb/memory_reg_6784_6911_0_0 is implemented as distributed LUT RAM for the following reason: The timing constraints suggest that the chosen mapping will yield a better timing.
Related violations: <none>

SYNTH-5#505 Warning
Mapped onto distributed RAM because of timing constraints  
The instance canvas_fb/memory_reg_67968_68095_0_0 is implemented as distributed LUT RAM for the following reason: The timing constraints suggest that the chosen mapping will yield a better timing.
Related violations: <none>

SYNTH-5#506 Warning
Mapped onto distributed RAM because of timing constraints  
The instance canvas_fb/memory_reg_68096_68223_0_0 is implemented as distributed LUT RAM for the following reason: The timing constraints suggest that the chosen mapping will yield a better timing.
Related violations: <none>

SYNTH-5#507 Warning
Mapped onto distributed RAM because of timing constraints  
The instance canvas_fb/memory_reg_68224_68351_0_0 is implemented as distributed LUT RAM for the following reason: The timing constraints suggest that the chosen mapping will yield a better timing.
Related violations: <none>

SYNTH-5#508 Warning
Mapped onto distributed RAM because of timing constraints  
The instance canvas_fb/memory_reg_68352_68479_0_0 is implemented as distributed LUT RAM for the following reason: The timing constraints suggest that the chosen mapping will yield a better timing.
Related violations: <none>

SYNTH-5#509 Warning
Mapped onto distributed RAM because of timing constraints  
The instance canvas_fb/memory_reg_68480_68607_0_0 is implemented as distributed LUT RAM for the following reason: The timing constraints suggest that the chosen mapping will yield a better timing.
Related violations: <none>

SYNTH-5#510 Warning
Mapped onto distributed RAM because of timing constraints  
The instance canvas_fb/memory_reg_68608_68735_0_0 is implemented as distributed LUT RAM for the following reason: The timing constraints suggest that the chosen mapping will yield a better timing.
Related violations: <none>

SYNTH-5#511 Warning
Mapped onto distributed RAM because of timing constraints  
The instance canvas_fb/memory_reg_68736_68863_0_0 is implemented as distributed LUT RAM for the following reason: The timing constraints suggest that the chosen mapping will yield a better timing.
Related violations: <none>

SYNTH-5#512 Warning
Mapped onto distributed RAM because of timing constraints  
The instance canvas_fb/memory_reg_68864_68991_0_0 is implemented as distributed LUT RAM for the following reason: The timing constraints suggest that the chosen mapping will yield a better timing.
Related violations: <none>

SYNTH-5#513 Warning
Mapped onto distributed RAM because of timing constraints  
The instance canvas_fb/memory_reg_68992_69119_0_0 is implemented as distributed LUT RAM for the following reason: The timing constraints suggest that the chosen mapping will yield a better timing.
Related violations: <none>

SYNTH-5#514 Warning
Mapped onto distributed RAM because of timing constraints  
The instance canvas_fb/memory_reg_69120_69247_0_0 is implemented as distributed LUT RAM for the following reason: The timing constraints suggest that the chosen mapping will yield a better timing.
Related violations: <none>

SYNTH-5#515 Warning
Mapped onto distributed RAM because of timing constraints  
The instance canvas_fb/memory_reg_6912_7039_0_0 is implemented as distributed LUT RAM for the following reason: The timing constraints suggest that the chosen mapping will yield a better timing.
Related violations: <none>

SYNTH-5#516 Warning
Mapped onto distributed RAM because of timing constraints  
The instance canvas_fb/memory_reg_69248_69375_0_0 is implemented as distributed LUT RAM for the following reason: The timing constraints suggest that the chosen mapping will yield a better timing.
Related violations: <none>

SYNTH-5#517 Warning
Mapped onto distributed RAM because of timing constraints  
The instance canvas_fb/memory_reg_69376_69503_0_0 is implemented as distributed LUT RAM for the following reason: The timing constraints suggest that the chosen mapping will yield a better timing.
Related violations: <none>

SYNTH-5#518 Warning
Mapped onto distributed RAM because of timing constraints  
The instance canvas_fb/memory_reg_69504_69631_0_0 is implemented as distributed LUT RAM for the following reason: The timing constraints suggest that the chosen mapping will yield a better timing.
Related violations: <none>

SYNTH-5#519 Warning
Mapped onto distributed RAM because of timing constraints  
The instance canvas_fb/memory_reg_69632_69759_0_0 is implemented as distributed LUT RAM for the following reason: The timing constraints suggest that the chosen mapping will yield a better timing.
Related violations: <none>

SYNTH-5#520 Warning
Mapped onto distributed RAM because of timing constraints  
The instance canvas_fb/memory_reg_69760_69887_0_0 is implemented as distributed LUT RAM for the following reason: The timing constraints suggest that the chosen mapping will yield a better timing.
Related violations: <none>

SYNTH-5#521 Warning
Mapped onto distributed RAM because of timing constraints  
The instance canvas_fb/memory_reg_69888_70015_0_0 is implemented as distributed LUT RAM for the following reason: The timing constraints suggest that the chosen mapping will yield a better timing.
Related violations: <none>

SYNTH-5#522 Warning
Mapped onto distributed RAM because of timing constraints  
The instance canvas_fb/memory_reg_70016_70143_0_0 is implemented as distributed LUT RAM for the following reason: The timing constraints suggest that the chosen mapping will yield a better timing.
Related violations: <none>

SYNTH-5#523 Warning
Mapped onto distributed RAM because of timing constraints  
The instance canvas_fb/memory_reg_70144_70271_0_0 is implemented as distributed LUT RAM for the following reason: The timing constraints suggest that the chosen mapping will yield a better timing.
Related violations: <none>

SYNTH-5#524 Warning
Mapped onto distributed RAM because of timing constraints  
The instance canvas_fb/memory_reg_70272_70399_0_0 is implemented as distributed LUT RAM for the following reason: The timing constraints suggest that the chosen mapping will yield a better timing.
Related violations: <none>

SYNTH-5#525 Warning
Mapped onto distributed RAM because of timing constraints  
The instance canvas_fb/memory_reg_70400_70527_0_0 is implemented as distributed LUT RAM for the following reason: The timing constraints suggest that the chosen mapping will yield a better timing.
Related violations: <none>

SYNTH-5#526 Warning
Mapped onto distributed RAM because of timing constraints  
The instance canvas_fb/memory_reg_7040_7167_0_0 is implemented as distributed LUT RAM for the following reason: The timing constraints suggest that the chosen mapping will yield a better timing.
Related violations: <none>

SYNTH-5#527 Warning
Mapped onto distributed RAM because of timing constraints  
The instance canvas_fb/memory_reg_70528_70655_0_0 is implemented as distributed LUT RAM for the following reason: The timing constraints suggest that the chosen mapping will yield a better timing.
Related violations: <none>

SYNTH-5#528 Warning
Mapped onto distributed RAM because of timing constraints  
The instance canvas_fb/memory_reg_70656_70783_0_0 is implemented as distributed LUT RAM for the following reason: The timing constraints suggest that the chosen mapping will yield a better timing.
Related violations: <none>

SYNTH-5#529 Warning
Mapped onto distributed RAM because of timing constraints  
The instance canvas_fb/memory_reg_70784_70911_0_0 is implemented as distributed LUT RAM for the following reason: The timing constraints suggest that the chosen mapping will yield a better timing.
Related violations: <none>

SYNTH-5#530 Warning
Mapped onto distributed RAM because of timing constraints  
The instance canvas_fb/memory_reg_70912_71039_0_0 is implemented as distributed LUT RAM for the following reason: The timing constraints suggest that the chosen mapping will yield a better timing.
Related violations: <none>

SYNTH-5#531 Warning
Mapped onto distributed RAM because of timing constraints  
The instance canvas_fb/memory_reg_71040_71167_0_0 is implemented as distributed LUT RAM for the following reason: The timing constraints suggest that the chosen mapping will yield a better timing.
Related violations: <none>

SYNTH-5#532 Warning
Mapped onto distributed RAM because of timing constraints  
The instance canvas_fb/memory_reg_71168_71295_0_0 is implemented as distributed LUT RAM for the following reason: The timing constraints suggest that the chosen mapping will yield a better timing.
Related violations: <none>

SYNTH-5#533 Warning
Mapped onto distributed RAM because of timing constraints  
The instance canvas_fb/memory_reg_71296_71423_0_0 is implemented as distributed LUT RAM for the following reason: The timing constraints suggest that the chosen mapping will yield a better timing.
Related violations: <none>

SYNTH-5#534 Warning
Mapped onto distributed RAM because of timing constraints  
The instance canvas_fb/memory_reg_71424_71551_0_0 is implemented as distributed LUT RAM for the following reason: The timing constraints suggest that the chosen mapping will yield a better timing.
Related violations: <none>

SYNTH-5#535 Warning
Mapped onto distributed RAM because of timing constraints  
The instance canvas_fb/memory_reg_71552_71679_0_0 is implemented as distributed LUT RAM for the following reason: The timing constraints suggest that the chosen mapping will yield a better timing.
Related violations: <none>

SYNTH-5#536 Warning
Mapped onto distributed RAM because of timing constraints  
The instance canvas_fb/memory_reg_71680_71807_0_0 is implemented as distributed LUT RAM for the following reason: The timing constraints suggest that the chosen mapping will yield a better timing.
Related violations: <none>

SYNTH-5#537 Warning
Mapped onto distributed RAM because of timing constraints  
The instance canvas_fb/memory_reg_7168_7295_0_0 is implemented as distributed LUT RAM for the following reason: The timing constraints suggest that the chosen mapping will yield a better timing.
Related violations: <none>

SYNTH-5#538 Warning
Mapped onto distributed RAM because of timing constraints  
The instance canvas_fb/memory_reg_71808_71935_0_0 is implemented as distributed LUT RAM for the following reason: The timing constraints suggest that the chosen mapping will yield a better timing.
Related violations: <none>

SYNTH-5#539 Warning
Mapped onto distributed RAM because of timing constraints  
The instance canvas_fb/memory_reg_71936_72063_0_0 is implemented as distributed LUT RAM for the following reason: The timing constraints suggest that the chosen mapping will yield a better timing.
Related violations: <none>

SYNTH-5#540 Warning
Mapped onto distributed RAM because of timing constraints  
The instance canvas_fb/memory_reg_72064_72191_0_0 is implemented as distributed LUT RAM for the following reason: The timing constraints suggest that the chosen mapping will yield a better timing.
Related violations: <none>

SYNTH-5#541 Warning
Mapped onto distributed RAM because of timing constraints  
The instance canvas_fb/memory_reg_72192_72319_0_0 is implemented as distributed LUT RAM for the following reason: The timing constraints suggest that the chosen mapping will yield a better timing.
Related violations: <none>

SYNTH-5#542 Warning
Mapped onto distributed RAM because of timing constraints  
The instance canvas_fb/memory_reg_72320_72447_0_0 is implemented as distributed LUT RAM for the following reason: The timing constraints suggest that the chosen mapping will yield a better timing.
Related violations: <none>

SYNTH-5#543 Warning
Mapped onto distributed RAM because of timing constraints  
The instance canvas_fb/memory_reg_72448_72575_0_0 is implemented as distributed LUT RAM for the following reason: The timing constraints suggest that the chosen mapping will yield a better timing.
Related violations: <none>

SYNTH-5#544 Warning
Mapped onto distributed RAM because of timing constraints  
The instance canvas_fb/memory_reg_72576_72703_0_0 is implemented as distributed LUT RAM for the following reason: The timing constraints suggest that the chosen mapping will yield a better timing.
Related violations: <none>

SYNTH-5#545 Warning
Mapped onto distributed RAM because of timing constraints  
The instance canvas_fb/memory_reg_72704_72831_0_0 is implemented as distributed LUT RAM for the following reason: The timing constraints suggest that the chosen mapping will yield a better timing.
Related violations: <none>

SYNTH-5#546 Warning
Mapped onto distributed RAM because of timing constraints  
The instance canvas_fb/memory_reg_72832_72959_0_0 is implemented as distributed LUT RAM for the following reason: The timing constraints suggest that the chosen mapping will yield a better timing.
Related violations: <none>

SYNTH-5#547 Warning
Mapped onto distributed RAM because of timing constraints  
The instance canvas_fb/memory_reg_72960_73087_0_0 is implemented as distributed LUT RAM for the following reason: The timing constraints suggest that the chosen mapping will yield a better timing.
Related violations: <none>

SYNTH-5#548 Warning
Mapped onto distributed RAM because of timing constraints  
The instance canvas_fb/memory_reg_7296_7423_0_0 is implemented as distributed LUT RAM for the following reason: The timing constraints suggest that the chosen mapping will yield a better timing.
Related violations: <none>

SYNTH-5#549 Warning
Mapped onto distributed RAM because of timing constraints  
The instance canvas_fb/memory_reg_73088_73215_0_0 is implemented as distributed LUT RAM for the following reason: The timing constraints suggest that the chosen mapping will yield a better timing.
Related violations: <none>

SYNTH-5#550 Warning
Mapped onto distributed RAM because of timing constraints  
The instance canvas_fb/memory_reg_73216_73343_0_0 is implemented as distributed LUT RAM for the following reason: The timing constraints suggest that the chosen mapping will yield a better timing.
Related violations: <none>

SYNTH-5#551 Warning
Mapped onto distributed RAM because of timing constraints  
The instance canvas_fb/memory_reg_73344_73471_0_0 is implemented as distributed LUT RAM for the following reason: The timing constraints suggest that the chosen mapping will yield a better timing.
Related violations: <none>

SYNTH-5#552 Warning
Mapped onto distributed RAM because of timing constraints  
The instance canvas_fb/memory_reg_73472_73599_0_0 is implemented as distributed LUT RAM for the following reason: The timing constraints suggest that the chosen mapping will yield a better timing.
Related violations: <none>

SYNTH-5#553 Warning
Mapped onto distributed RAM because of timing constraints  
The instance canvas_fb/memory_reg_73600_73727_0_0 is implemented as distributed LUT RAM for the following reason: The timing constraints suggest that the chosen mapping will yield a better timing.
Related violations: <none>

SYNTH-5#554 Warning
Mapped onto distributed RAM because of timing constraints  
The instance canvas_fb/memory_reg_73728_73855_0_0 is implemented as distributed LUT RAM for the following reason: The timing constraints suggest that the chosen mapping will yield a better timing.
Related violations: <none>

SYNTH-5#555 Warning
Mapped onto distributed RAM because of timing constraints  
The instance canvas_fb/memory_reg_73856_73983_0_0 is implemented as distributed LUT RAM for the following reason: The timing constraints suggest that the chosen mapping will yield a better timing.
Related violations: <none>

SYNTH-5#556 Warning
Mapped onto distributed RAM because of timing constraints  
The instance canvas_fb/memory_reg_73984_74111_0_0 is implemented as distributed LUT RAM for the following reason: The timing constraints suggest that the chosen mapping will yield a better timing.
Related violations: <none>

SYNTH-5#557 Warning
Mapped onto distributed RAM because of timing constraints  
The instance canvas_fb/memory_reg_74112_74239_0_0 is implemented as distributed LUT RAM for the following reason: The timing constraints suggest that the chosen mapping will yield a better timing.
Related violations: <none>

SYNTH-5#558 Warning
Mapped onto distributed RAM because of timing constraints  
The instance canvas_fb/memory_reg_74240_74367_0_0 is implemented as distributed LUT RAM for the following reason: The timing constraints suggest that the chosen mapping will yield a better timing.
Related violations: <none>

SYNTH-5#559 Warning
Mapped onto distributed RAM because of timing constraints  
The instance canvas_fb/memory_reg_7424_7551_0_0 is implemented as distributed LUT RAM for the following reason: The timing constraints suggest that the chosen mapping will yield a better timing.
Related violations: <none>

SYNTH-5#560 Warning
Mapped onto distributed RAM because of timing constraints  
The instance canvas_fb/memory_reg_74368_74495_0_0 is implemented as distributed LUT RAM for the following reason: The timing constraints suggest that the chosen mapping will yield a better timing.
Related violations: <none>

SYNTH-5#561 Warning
Mapped onto distributed RAM because of timing constraints  
The instance canvas_fb/memory_reg_74496_74623_0_0 is implemented as distributed LUT RAM for the following reason: The timing constraints suggest that the chosen mapping will yield a better timing.
Related violations: <none>

SYNTH-5#562 Warning
Mapped onto distributed RAM because of timing constraints  
The instance canvas_fb/memory_reg_74624_74751_0_0 is implemented as distributed LUT RAM for the following reason: The timing constraints suggest that the chosen mapping will yield a better timing.
Related violations: <none>

SYNTH-5#563 Warning
Mapped onto distributed RAM because of timing constraints  
The instance canvas_fb/memory_reg_74752_74879_0_0 is implemented as distributed LUT RAM for the following reason: The timing constraints suggest that the chosen mapping will yield a better timing.
Related violations: <none>

SYNTH-5#564 Warning
Mapped onto distributed RAM because of timing constraints  
The instance canvas_fb/memory_reg_74880_75007_0_0 is implemented as distributed LUT RAM for the following reason: The timing constraints suggest that the chosen mapping will yield a better timing.
Related violations: <none>

SYNTH-5#565 Warning
Mapped onto distributed RAM because of timing constraints  
The instance canvas_fb/memory_reg_75008_75135_0_0 is implemented as distributed LUT RAM for the following reason: The timing constraints suggest that the chosen mapping will yield a better timing.
Related violations: <none>

SYNTH-5#566 Warning
Mapped onto distributed RAM because of timing constraints  
The instance canvas_fb/memory_reg_75136_75263_0_0 is implemented as distributed LUT RAM for the following reason: The timing constraints suggest that the chosen mapping will yield a better timing.
Related violations: <none>

SYNTH-5#567 Warning
Mapped onto distributed RAM because of timing constraints  
The instance canvas_fb/memory_reg_75264_75391_0_0 is implemented as distributed LUT RAM for the following reason: The timing constraints suggest that the chosen mapping will yield a better timing.
Related violations: <none>

SYNTH-5#568 Warning
Mapped onto distributed RAM because of timing constraints  
The instance canvas_fb/memory_reg_75392_75519_0_0 is implemented as distributed LUT RAM for the following reason: The timing constraints suggest that the chosen mapping will yield a better timing.
Related violations: <none>

SYNTH-5#569 Warning
Mapped onto distributed RAM because of timing constraints  
The instance canvas_fb/memory_reg_75520_75647_0_0 is implemented as distributed LUT RAM for the following reason: The timing constraints suggest that the chosen mapping will yield a better timing.
Related violations: <none>

SYNTH-5#570 Warning
Mapped onto distributed RAM because of timing constraints  
The instance canvas_fb/memory_reg_7552_7679_0_0 is implemented as distributed LUT RAM for the following reason: The timing constraints suggest that the chosen mapping will yield a better timing.
Related violations: <none>

SYNTH-5#571 Warning
Mapped onto distributed RAM because of timing constraints  
The instance canvas_fb/memory_reg_75648_75775_0_0 is implemented as distributed LUT RAM for the following reason: The timing constraints suggest that the chosen mapping will yield a better timing.
Related violations: <none>

SYNTH-5#572 Warning
Mapped onto distributed RAM because of timing constraints  
The instance canvas_fb/memory_reg_75776_75903_0_0 is implemented as distributed LUT RAM for the following reason: The timing constraints suggest that the chosen mapping will yield a better timing.
Related violations: <none>

SYNTH-5#573 Warning
Mapped onto distributed RAM because of timing constraints  
The instance canvas_fb/memory_reg_75904_76031_0_0 is implemented as distributed LUT RAM for the following reason: The timing constraints suggest that the chosen mapping will yield a better timing.
Related violations: <none>

SYNTH-5#574 Warning
Mapped onto distributed RAM because of timing constraints  
The instance canvas_fb/memory_reg_76032_76159_0_0 is implemented as distributed LUT RAM for the following reason: The timing constraints suggest that the chosen mapping will yield a better timing.
Related violations: <none>

SYNTH-5#575 Warning
Mapped onto distributed RAM because of timing constraints  
The instance canvas_fb/memory_reg_76160_76287_0_0 is implemented as distributed LUT RAM for the following reason: The timing constraints suggest that the chosen mapping will yield a better timing.
Related violations: <none>

SYNTH-5#576 Warning
Mapped onto distributed RAM because of timing constraints  
The instance canvas_fb/memory_reg_76288_76415_0_0 is implemented as distributed LUT RAM for the following reason: The timing constraints suggest that the chosen mapping will yield a better timing.
Related violations: <none>

SYNTH-5#577 Warning
Mapped onto distributed RAM because of timing constraints  
The instance canvas_fb/memory_reg_76416_76543_0_0 is implemented as distributed LUT RAM for the following reason: The timing constraints suggest that the chosen mapping will yield a better timing.
Related violations: <none>

SYNTH-5#578 Warning
Mapped onto distributed RAM because of timing constraints  
The instance canvas_fb/memory_reg_76544_76671_0_0 is implemented as distributed LUT RAM for the following reason: The timing constraints suggest that the chosen mapping will yield a better timing.
Related violations: <none>

SYNTH-5#579 Warning
Mapped onto distributed RAM because of timing constraints  
The instance canvas_fb/memory_reg_76672_76799_0_0 is implemented as distributed LUT RAM for the following reason: The timing constraints suggest that the chosen mapping will yield a better timing.
Related violations: <none>

SYNTH-5#580 Warning
Mapped onto distributed RAM because of timing constraints  
The instance canvas_fb/memory_reg_76800_76927_0_0 is implemented as distributed LUT RAM for the following reason: The timing constraints suggest that the chosen mapping will yield a better timing.
Related violations: <none>

SYNTH-5#581 Warning
Mapped onto distributed RAM because of timing constraints  
The instance canvas_fb/memory_reg_7680_7807_0_0 is implemented as distributed LUT RAM for the following reason: The timing constraints suggest that the chosen mapping will yield a better timing.
Related violations: <none>

SYNTH-5#582 Warning
Mapped onto distributed RAM because of timing constraints  
The instance canvas_fb/memory_reg_768_895_0_0 is implemented as distributed LUT RAM for the following reason: The timing constraints suggest that the chosen mapping will yield a better timing.
Related violations: <none>

SYNTH-5#583 Warning
Mapped onto distributed RAM because of timing constraints  
The instance canvas_fb/memory_reg_76928_77055_0_0 is implemented as distributed LUT RAM for the following reason: The timing constraints suggest that the chosen mapping will yield a better timing.
Related violations: <none>

SYNTH-5#584 Warning
Mapped onto distributed RAM because of timing constraints  
The instance canvas_fb/memory_reg_77056_77183_0_0 is implemented as distributed LUT RAM for the following reason: The timing constraints suggest that the chosen mapping will yield a better timing.
Related violations: <none>

SYNTH-5#585 Warning
Mapped onto distributed RAM because of timing constraints  
The instance canvas_fb/memory_reg_77184_77311_0_0 is implemented as distributed LUT RAM for the following reason: The timing constraints suggest that the chosen mapping will yield a better timing.
Related violations: <none>

SYNTH-5#586 Warning
Mapped onto distributed RAM because of timing constraints  
The instance canvas_fb/memory_reg_77312_77439_0_0 is implemented as distributed LUT RAM for the following reason: The timing constraints suggest that the chosen mapping will yield a better timing.
Related violations: <none>

SYNTH-5#587 Warning
Mapped onto distributed RAM because of timing constraints  
The instance canvas_fb/memory_reg_77440_77567_0_0 is implemented as distributed LUT RAM for the following reason: The timing constraints suggest that the chosen mapping will yield a better timing.
Related violations: <none>

SYNTH-5#588 Warning
Mapped onto distributed RAM because of timing constraints  
The instance canvas_fb/memory_reg_77568_77695_0_0 is implemented as distributed LUT RAM for the following reason: The timing constraints suggest that the chosen mapping will yield a better timing.
Related violations: <none>

SYNTH-5#589 Warning
Mapped onto distributed RAM because of timing constraints  
The instance canvas_fb/memory_reg_77696_77823_0_0 is implemented as distributed LUT RAM for the following reason: The timing constraints suggest that the chosen mapping will yield a better timing.
Related violations: <none>

SYNTH-5#590 Warning
Mapped onto distributed RAM because of timing constraints  
The instance canvas_fb/memory_reg_77824_77951_0_0 is implemented as distributed LUT RAM for the following reason: The timing constraints suggest that the chosen mapping will yield a better timing.
Related violations: <none>

SYNTH-5#591 Warning
Mapped onto distributed RAM because of timing constraints  
The instance canvas_fb/memory_reg_77952_78079_0_0 is implemented as distributed LUT RAM for the following reason: The timing constraints suggest that the chosen mapping will yield a better timing.
Related violations: <none>

SYNTH-5#592 Warning
Mapped onto distributed RAM because of timing constraints  
The instance canvas_fb/memory_reg_78080_78207_0_0 is implemented as distributed LUT RAM for the following reason: The timing constraints suggest that the chosen mapping will yield a better timing.
Related violations: <none>

SYNTH-5#593 Warning
Mapped onto distributed RAM because of timing constraints  
The instance canvas_fb/memory_reg_7808_7935_0_0 is implemented as distributed LUT RAM for the following reason: The timing constraints suggest that the chosen mapping will yield a better timing.
Related violations: <none>

SYNTH-5#594 Warning
Mapped onto distributed RAM because of timing constraints  
The instance canvas_fb/memory_reg_78208_78335_0_0 is implemented as distributed LUT RAM for the following reason: The timing constraints suggest that the chosen mapping will yield a better timing.
Related violations: <none>

SYNTH-5#595 Warning
Mapped onto distributed RAM because of timing constraints  
The instance canvas_fb/memory_reg_7936_8063_0_0 is implemented as distributed LUT RAM for the following reason: The timing constraints suggest that the chosen mapping will yield a better timing.
Related violations: <none>

SYNTH-5#596 Warning
Mapped onto distributed RAM because of timing constraints  
The instance canvas_fb/memory_reg_8064_8191_0_0 is implemented as distributed LUT RAM for the following reason: The timing constraints suggest that the chosen mapping will yield a better timing.
Related violations: <none>

SYNTH-5#597 Warning
Mapped onto distributed RAM because of timing constraints  
The instance canvas_fb/memory_reg_8192_8319_0_0 is implemented as distributed LUT RAM for the following reason: The timing constraints suggest that the chosen mapping will yield a better timing.
Related violations: <none>

SYNTH-5#598 Warning
Mapped onto distributed RAM because of timing constraints  
The instance canvas_fb/memory_reg_8320_8447_0_0 is implemented as distributed LUT RAM for the following reason: The timing constraints suggest that the chosen mapping will yield a better timing.
Related violations: <none>

SYNTH-5#599 Warning
Mapped onto distributed RAM because of timing constraints  
The instance canvas_fb/memory_reg_8448_8575_0_0 is implemented as distributed LUT RAM for the following reason: The timing constraints suggest that the chosen mapping will yield a better timing.
Related violations: <none>

SYNTH-5#600 Warning
Mapped onto distributed RAM because of timing constraints  
The instance canvas_fb/memory_reg_8576_8703_0_0 is implemented as distributed LUT RAM for the following reason: The timing constraints suggest that the chosen mapping will yield a better timing.
Related violations: <none>

SYNTH-5#601 Warning
Mapped onto distributed RAM because of timing constraints  
The instance canvas_fb/memory_reg_8704_8831_0_0 is implemented as distributed LUT RAM for the following reason: The timing constraints suggest that the chosen mapping will yield a better timing.
Related violations: <none>

SYNTH-5#602 Warning
Mapped onto distributed RAM because of timing constraints  
The instance canvas_fb/memory_reg_8832_8959_0_0 is implemented as distributed LUT RAM for the following reason: The timing constraints suggest that the chosen mapping will yield a better timing.
Related violations: <none>

SYNTH-5#603 Warning
Mapped onto distributed RAM because of timing constraints  
The instance canvas_fb/memory_reg_8960_9087_0_0 is implemented as distributed LUT RAM for the following reason: The timing constraints suggest that the chosen mapping will yield a better timing.
Related violations: <none>

SYNTH-5#604 Warning
Mapped onto distributed RAM because of timing constraints  
The instance canvas_fb/memory_reg_896_1023_0_0 is implemented as distributed LUT RAM for the following reason: The timing constraints suggest that the chosen mapping will yield a better timing.
Related violations: <none>

SYNTH-5#605 Warning
Mapped onto distributed RAM because of timing constraints  
The instance canvas_fb/memory_reg_9088_9215_0_0 is implemented as distributed LUT RAM for the following reason: The timing constraints suggest that the chosen mapping will yield a better timing.
Related violations: <none>

SYNTH-5#606 Warning
Mapped onto distributed RAM because of timing constraints  
The instance canvas_fb/memory_reg_9216_9343_0_0 is implemented as distributed LUT RAM for the following reason: The timing constraints suggest that the chosen mapping will yield a better timing.
Related violations: <none>

SYNTH-5#607 Warning
Mapped onto distributed RAM because of timing constraints  
The instance canvas_fb/memory_reg_9344_9471_0_0 is implemented as distributed LUT RAM for the following reason: The timing constraints suggest that the chosen mapping will yield a better timing.
Related violations: <none>

SYNTH-5#608 Warning
Mapped onto distributed RAM because of timing constraints  
The instance canvas_fb/memory_reg_9472_9599_0_0 is implemented as distributed LUT RAM for the following reason: The timing constraints suggest that the chosen mapping will yield a better timing.
Related violations: <none>

SYNTH-5#609 Warning
Mapped onto distributed RAM because of timing constraints  
The instance canvas_fb/memory_reg_9600_9727_0_0 is implemented as distributed LUT RAM for the following reason: The timing constraints suggest that the chosen mapping will yield a better timing.
Related violations: <none>

SYNTH-5#610 Warning
Mapped onto distributed RAM because of timing constraints  
The instance canvas_fb/memory_reg_9728_9855_0_0 is implemented as distributed LUT RAM for the following reason: The timing constraints suggest that the chosen mapping will yield a better timing.
Related violations: <none>

SYNTH-5#611 Warning
Mapped onto distributed RAM because of timing constraints  
The instance canvas_fb/memory_reg_9856_9983_0_0 is implemented as distributed LUT RAM for the following reason: The timing constraints suggest that the chosen mapping will yield a better timing.
Related violations: <none>

SYNTH-5#612 Warning
Mapped onto distributed RAM because of timing constraints  
The instance canvas_fb/memory_reg_9984_10111_0_0 is implemented as distributed LUT RAM for the following reason: The timing constraints suggest that the chosen mapping will yield a better timing.
Related violations: <none>

ULMTCS-1#1 Warning
Control Sets use limits recommend reduction  
This design uses 621 control sets (vs. available limit of 8150, determined by 1 control set per CLB). This exceeds the control set use guideline of 7.5 percent. This is at a level where reduction is RECOMMENDED (see UG949). Use report_control_sets to get more details.
Related violations: <none>

XDCC-4#1 Warning
User Clock constraint overwritten with the same name  
A new clock constraint create_clock overrides a previous user clock constraint with the same name.
New: create_clock -period 10.000 -name sys_clk [get_ports clk_100mhz] (Source: C:/Users/vorte/ECE385/fpga_final_project/lab_final_ml/lab_final_ml.srcs/constrs_1/imports/xdc/drawing_canvas.xdc (Line: 9))
Previous: create_clock -period 10.000 -name sys_clk -waveform {0.000 5.000} [get_ports clk_100mhz] (Source: C:/Users/vorte/ECE385/fpga_final_project/lab_final_ml/lab_final_ml.srcs/constrs_1/new/digit_recognizer.xdc (Line: 11))
Related violations: <none>

XDCC-7#1 Warning
Scoped Clock constraint overwritten on the same source  
A new clock constraint create_clock overrides a previous scoped clock constraint defined on the same source. It is not recommended to override a scoped (typically an IP) clock constraint and could result in unexpected behaviors.
New: create_clock -period 10.000 -name sys_clk -waveform {0.000 5.000} [get_ports clk_100mhz] (Source: C:/Users/vorte/ECE385/fpga_final_project/lab_final_ml/lab_final_ml.srcs/constrs_1/new/digit_recognizer.xdc (Line: 11))
Previous: create_clock -period 10.000 [get_ports clk_100mhz] (Source: c:/Users/vorte/ECE385/fpga_final_project/lab_final_ml/lab_final_ml.gen/sources_1/ip/clk_wiz_0/clk_wiz_0.xdc (Line: 56))
Related violations: <none>

XDCC-8#1 Warning
User Clock constraint overwritten on the same source  
A new clock constraint create_clock overrides a previous user clock constraint defined on the same source.
New: create_clock -period 10.000 -name sys_clk [get_ports clk_100mhz] (Source: C:/Users/vorte/ECE385/fpga_final_project/lab_final_ml/lab_final_ml.srcs/constrs_1/imports/xdc/drawing_canvas.xdc (Line: 9))
Previous: create_clock -period 10.000 -name sys_clk -waveform {0.000 5.000} [get_ports clk_100mhz] (Source: C:/Users/vorte/ECE385/fpga_final_project/lab_final_ml/lab_final_ml.srcs/constrs_1/new/digit_recognizer.xdc (Line: 11))
Related violations: <none>


