Copyright 1986-2022 Xilinx, Inc. All Rights Reserved.
-----------------------------------------------------------------------------------------------
| Tool Version : Vivado v.2022.2 (win64) Build 3671981 Fri Oct 14 05:00:03 MDT 2022
| Date         : Mon Dec  1 19:51:26 2025
| Host         : SirJason running 64-bit major release  (build 9200)
| Command      : report_control_sets -verbose -file drawing_canvas_top_control_sets_placed.rpt
| Design       : drawing_canvas_top
| Device       : xc7s50
-----------------------------------------------------------------------------------------------

Control Set Information

Table of Contents
-----------------
1. Summary
2. Histogram
3. Flip-Flop Distribution
4. Detailed Control Set Information

1. Summary
----------

+----------------------------------------------------------+-------+
|                          Status                          | Count |
+----------------------------------------------------------+-------+
| Total control sets                                       |   621 |
|    Minimum number of control sets                        |   621 |
|    Addition due to synthesis replication                 |     0 |
|    Addition due to physical synthesis replication        |     0 |
| Unused register locations in slices containing registers |    40 |
+----------------------------------------------------------+-------+
* Control sets can be merged at opt_design using control_set_merge or merge_equivalent_drivers
** Run report_qor_suggestions for automated merging and remapping suggestions


2. Histogram
------------

+--------------------+-------+
|       Fanout       | Count |
+--------------------+-------+
| Total control sets |   621 |
| >= 0 to < 4        |     1 |
| >= 4 to < 6        |   613 |
| >= 6 to < 8        |     0 |
| >= 8 to < 10       |     2 |
| >= 10 to < 12      |     1 |
| >= 12 to < 14      |     0 |
| >= 14 to < 16      |     0 |
| >= 16              |     4 |
+--------------------+-------+
* Control sets can be remapped at either synth_design or opt_design


3. Flip-Flop Distribution
-------------------------

+--------------+-----------------------+------------------------+-----------------+--------------+
| Clock Enable | Synchronous Set/Reset | Asynchronous Set/Reset | Total Registers | Total Slices |
+--------------+-----------------------+------------------------+-----------------+--------------+
| No           | No                    | No                     |              88 |           28 |
| No           | No                    | Yes                    |             175 |           65 |
| No           | Yes                   | No                     |               0 |            0 |
| Yes          | No                    | No                     |               0 |            0 |
| Yes          | No                    | Yes                    |              49 |           18 |
| Yes          | Yes                   | No                     |               0 |            0 |
+--------------+-----------------------+------------------------+-----------------+--------------+


4. Detailed Control Set Information
-----------------------------------

+------------------------+-------------------------------------------+----------------------------------+------------------+----------------+--------------+
|      Clock Signal      |               Enable Signal               |         Set/Reset Signal         | Slice Load Count | Bel Load Count | Bels / Slice |
+------------------------+-------------------------------------------+----------------------------------+------------------+----------------+--------------+
|  clk_gen/inst/clk_out1 | drawer/memory_reg_0_63_0_0_i_2_0          |                                  |                1 |              2 |         2.00 |
|  clk_gen/inst/clk_out1 | drawer/memory_reg_128_255_0_0_i_3_34      |                                  |                1 |              4 |         4.00 |
|  clk_gen/inst/clk_out1 | drawer/memory_reg_0_127_0_0_i_19_92       |                                  |                1 |              4 |         4.00 |
|  clk_gen/inst/clk_out1 | drawer/memory_reg_0_127_0_0_i_19_85       |                                  |                1 |              4 |         4.00 |
|  clk_gen/inst/clk_out1 | vga_ctrl/frame_start                      | drawer/reset_internal            |                1 |              4 |         4.00 |
|  clk_gen/inst/clk_out1 | drawer/memory_reg_0_127_0_0_i_19_93       |                                  |                1 |              4 |         4.00 |
|  clk_gen/inst/clk_out1 | drawer/memory_reg_0_127_0_0_i_19_89       |                                  |                1 |              4 |         4.00 |
|  clk_gen/inst/clk_out1 | drawer/memory_reg_0_127_0_0_i_19_96       |                                  |                1 |              4 |         4.00 |
|  clk_gen/inst/clk_out1 | drawer/memory_reg_128_255_0_0_i_3_16      |                                  |                1 |              4 |         4.00 |
|  clk_gen/inst/clk_out1 | drawer/memory_reg_128_255_0_0_i_3_17      |                                  |                1 |              4 |         4.00 |
|  clk_gen/inst/clk_out1 | drawer/memory_reg_128_255_0_0_i_3_13      |                                  |                1 |              4 |         4.00 |
|  clk_gen/inst/clk_out1 | drawer/memory_reg_128_255_0_0_i_3_18      |                                  |                1 |              4 |         4.00 |
|  clk_gen/inst/clk_out1 | drawer/memory_reg_128_255_0_0_i_3_19      |                                  |                1 |              4 |         4.00 |
|  clk_gen/inst/clk_out1 | drawer/memory_reg_128_255_0_0_i_3_2       |                                  |                1 |              4 |         4.00 |
|  clk_gen/inst/clk_out1 | drawer/memory_reg_128_255_0_0_i_3_20      |                                  |                1 |              4 |         4.00 |
|  clk_gen/inst/clk_out1 | drawer/memory_reg_128_255_0_0_i_3_21      |                                  |                1 |              4 |         4.00 |
|  clk_gen/inst/clk_out1 | drawer/memory_reg_128_255_0_0_i_3_103     |                                  |                1 |              4 |         4.00 |
|  clk_gen/inst/clk_out1 | drawer/memory_reg_128_255_0_0_i_3_14      |                                  |                1 |              4 |         4.00 |
|  clk_gen/inst/clk_out1 | drawer/memory_reg_128_255_0_0_i_3_12      |                                  |                1 |              4 |         4.00 |
|  clk_gen/inst/clk_out1 | drawer/memory_reg_128_255_0_0_i_3_100     |                                  |                1 |              4 |         4.00 |
|  clk_gen/inst/clk_out1 | drawer/memory_reg_128_255_0_0_i_3_102     |                                  |                1 |              4 |         4.00 |
|  clk_gen/inst/clk_out1 | drawer/memory_reg_128_255_0_0_i_3_104     |                                  |                1 |              4 |         4.00 |
|  clk_gen/inst/clk_out1 | drawer/memory_reg_128_255_0_0_i_3_1       |                                  |                1 |              4 |         4.00 |
|  clk_gen/inst/clk_out1 | drawer/memory_reg_128_255_0_0_i_3_0       |                                  |                1 |              4 |         4.00 |
|  clk_gen/inst/clk_out1 | drawer/memory_reg_128_255_0_0_i_3_105     |                                  |                1 |              4 |         4.00 |
|  clk_gen/inst/clk_out1 | drawer/memory_reg_128_255_0_0_i_3_106     |                                  |                1 |              4 |         4.00 |
|  clk_gen/inst/clk_out1 | drawer/memory_reg_128_255_0_0_i_3_11      |                                  |                1 |              4 |         4.00 |
|  clk_gen/inst/clk_out1 | drawer/memory_reg_128_255_0_0_i_3_101     |                                  |                1 |              4 |         4.00 |
|  clk_gen/inst/clk_out1 | drawer/memory_reg_128_255_0_0_i_3_107     |                                  |                1 |              4 |         4.00 |
|  clk_gen/inst/clk_out1 | drawer/memory_reg_128_255_0_0_i_3_10      |                                  |                1 |              4 |         4.00 |
|  clk_gen/inst/clk_out1 | drawer/memory_reg_128_255_0_0_i_3_15      |                                  |                1 |              4 |         4.00 |
|  clk_gen/inst/clk_out1 | drawer/memory_reg_128_255_0_0_i_3_68      |                                  |                1 |              4 |         4.00 |
|  clk_gen/inst/clk_out1 | drawer/memory_reg_128_255_0_0_i_3_76      |                                  |                1 |              4 |         4.00 |
|  clk_gen/inst/clk_out1 | drawer/memory_reg_128_255_0_0_i_3_54      |                                  |                1 |              4 |         4.00 |
|  clk_gen/inst/clk_out1 | drawer/memory_reg_128_255_0_0_i_3_77      |                                  |                1 |              4 |         4.00 |
|  clk_gen/inst/clk_out1 | drawer/memory_reg_128_255_0_0_i_3_59      |                                  |                1 |              4 |         4.00 |
|  clk_gen/inst/clk_out1 | drawer/memory_reg_128_255_0_0_i_3_78      |                                  |                1 |              4 |         4.00 |
|  clk_gen/inst/clk_out1 | drawer/memory_reg_128_255_0_0_i_3_79      |                                  |                1 |              4 |         4.00 |
|  clk_gen/inst/clk_out1 | drawer/memory_reg_128_255_0_0_i_3_8       |                                  |                1 |              4 |         4.00 |
|  clk_gen/inst/clk_out1 | drawer/memory_reg_128_255_0_0_i_3_4       |                                  |                1 |              4 |         4.00 |
|  clk_gen/inst/clk_out1 | drawer/memory_reg_128_255_0_0_i_3_53      |                                  |                1 |              4 |         4.00 |
|  clk_gen/inst/clk_out1 | drawer/memory_reg_128_255_0_0_i_3_63      |                                  |                1 |              4 |         4.00 |
|  clk_gen/inst/clk_out1 | drawer/memory_reg_128_255_0_0_i_3_23      |                                  |                1 |              4 |         4.00 |
|  clk_gen/inst/clk_out1 | drawer/memory_reg_128_255_0_0_i_3_44      |                                  |                1 |              4 |         4.00 |
|  clk_gen/inst/clk_out1 | drawer/memory_reg_128_255_0_0_i_3_24      |                                  |                1 |              4 |         4.00 |
|  clk_gen/inst/clk_out1 | drawer/memory_reg_128_255_0_0_i_3_5       |                                  |                1 |              4 |         4.00 |
|  clk_gen/inst/clk_out1 | drawer/memory_reg_128_255_0_0_i_3_58      |                                  |                1 |              4 |         4.00 |
|  clk_gen/inst/clk_out1 | drawer/memory_reg_128_255_0_0_i_3_47      |                                  |                1 |              4 |         4.00 |
|  clk_gen/inst/clk_out1 | drawer/memory_reg_128_255_0_0_i_3_48      |                                  |                1 |              4 |         4.00 |
|  clk_gen/inst/clk_out1 | drawer/memory_reg_128_255_0_0_i_3_45      |                                  |                1 |              4 |         4.00 |
|  clk_gen/inst/clk_out1 | drawer/memory_reg_128_255_0_0_i_3_33      |                                  |                1 |              4 |         4.00 |
|  clk_gen/inst/clk_out1 | drawer/memory_reg_128_255_0_0_i_3_36      |                                  |                1 |              4 |         4.00 |
|  clk_gen/inst/clk_out1 | drawer/memory_reg_128_255_0_0_i_3_49      |                                  |                1 |              4 |         4.00 |
|  clk_gen/inst/clk_out1 | drawer/memory_reg_128_255_0_0_i_3_39      |                                  |                1 |              4 |         4.00 |
|  clk_gen/inst/clk_out1 | drawer/memory_reg_128_255_0_0_i_3_6       |                                  |                1 |              4 |         4.00 |
|  clk_gen/inst/clk_out1 | drawer/memory_reg_128_255_0_0_i_3_7       |                                  |                1 |              4 |         4.00 |
|  clk_gen/inst/clk_out1 | drawer/memory_reg_128_255_0_0_i_3_60      |                                  |                1 |              4 |         4.00 |
|  clk_gen/inst/clk_out1 | drawer/memory_reg_128_255_0_0_i_3_67      |                                  |                1 |              4 |         4.00 |
|  clk_gen/inst/clk_out1 | drawer/memory_reg_128_255_0_0_i_3_28      |                                  |                1 |              4 |         4.00 |
|  clk_gen/inst/clk_out1 | drawer/memory_reg_128_255_0_0_i_3_57      |                                  |                1 |              4 |         4.00 |
|  clk_gen/inst/clk_out1 | drawer/memory_reg_128_255_0_0_i_3_27      |                                  |                1 |              4 |         4.00 |
|  clk_gen/inst/clk_out1 | drawer/memory_reg_128_255_0_0_i_3_3       |                                  |                1 |              4 |         4.00 |
|  clk_gen/inst/clk_out1 | drawer/memory_reg_128_255_0_0_i_3_70      |                                  |                1 |              4 |         4.00 |
|  clk_gen/inst/clk_out1 | drawer/memory_reg_128_255_0_0_i_3_71      |                                  |                1 |              4 |         4.00 |
|  clk_gen/inst/clk_out1 | drawer/memory_reg_128_255_0_0_i_3_51      |                                  |                1 |              4 |         4.00 |
|  clk_gen/inst/clk_out1 | drawer/memory_reg_128_255_0_0_i_3_69      |                                  |                1 |              4 |         4.00 |
|  clk_gen/inst/clk_out1 | drawer/memory_reg_128_255_0_0_i_3_72      |                                  |                1 |              4 |         4.00 |
|  clk_gen/inst/clk_out1 | drawer/memory_reg_128_255_0_0_i_3_73      |                                  |                1 |              4 |         4.00 |
|  clk_gen/inst/clk_out1 | drawer/memory_reg_128_255_0_0_i_3_37      |                                  |                1 |              4 |         4.00 |
|  clk_gen/inst/clk_out1 | drawer/memory_reg_128_255_0_0_i_3_74      |                                  |                1 |              4 |         4.00 |
|  clk_gen/inst/clk_out1 | drawer/memory_reg_128_255_0_0_i_3_22      |                                  |                1 |              4 |         4.00 |
|  clk_gen/inst/clk_out1 | drawer/memory_reg_128_255_0_0_i_3_25      |                                  |                1 |              4 |         4.00 |
|  clk_gen/inst/clk_out1 | drawer/memory_reg_128_255_0_0_i_3_31      |                                  |                1 |              4 |         4.00 |
|  clk_gen/inst/clk_out1 | drawer/memory_reg_128_255_0_0_i_3_38      |                                  |                1 |              4 |         4.00 |
|  clk_gen/inst/clk_out1 | drawer/memory_reg_128_255_0_0_i_3_41      |                                  |                1 |              4 |         4.00 |
|  clk_gen/inst/clk_out1 | drawer/memory_reg_128_255_0_0_i_3_62      |                                  |                1 |              4 |         4.00 |
|  clk_gen/inst/clk_out1 | drawer/memory_reg_128_255_0_0_i_3_64      |                                  |                1 |              4 |         4.00 |
|  clk_gen/inst/clk_out1 | drawer/memory_reg_1920_2047_0_0_i_3_8     |                                  |                1 |              4 |         4.00 |
|  clk_gen/inst/clk_out1 | drawer/memory_reg_128_255_0_0_i_3_26      |                                  |                1 |              4 |         4.00 |
|  clk_gen/inst/clk_out1 | drawer/memory_reg_128_255_0_0_i_3_32      |                                  |                1 |              4 |         4.00 |
|  clk_gen/inst/clk_out1 | drawer/memory_reg_128_255_0_0_i_3_52      |                                  |                1 |              4 |         4.00 |
|  clk_gen/inst/clk_out1 | drawer/memory_reg_128_255_0_0_i_3_61      |                                  |                1 |              4 |         4.00 |
|  clk_gen/inst/clk_out1 | drawer/memory_reg_128_255_0_0_i_3_29      |                                  |                1 |              4 |         4.00 |
|  clk_gen/inst/clk_out1 | drawer/memory_reg_128_255_0_0_i_3_40      |                                  |                1 |              4 |         4.00 |
|  clk_gen/inst/clk_out1 | drawer/memory_reg_128_255_0_0_i_3_55      |                                  |                1 |              4 |         4.00 |
|  clk_gen/inst/clk_out1 | drawer/memory_reg_128_255_0_0_i_3_56      |                                  |                1 |              4 |         4.00 |
|  clk_gen/inst/clk_out1 | drawer/memory_reg_128_255_0_0_i_3_30      |                                  |                1 |              4 |         4.00 |
|  clk_gen/inst/clk_out1 | drawer/memory_reg_128_255_0_0_i_3_42      |                                  |                1 |              4 |         4.00 |
|  clk_gen/inst/clk_out1 | drawer/memory_reg_128_255_0_0_i_3_46      |                                  |                1 |              4 |         4.00 |
|  clk_gen/inst/clk_out1 | drawer/memory_reg_128_255_0_0_i_3_50      |                                  |                1 |              4 |         4.00 |
|  clk_gen/inst/clk_out1 | drawer/memory_reg_128_255_0_0_i_3_65      |                                  |                1 |              4 |         4.00 |
|  clk_gen/inst/clk_out1 | drawer/memory_reg_128_255_0_0_i_3_66      |                                  |                1 |              4 |         4.00 |
|  clk_gen/inst/clk_out1 | drawer/memory_reg_128_255_0_0_i_3_75      |                                  |                1 |              4 |         4.00 |
|  clk_gen/inst/clk_out1 | drawer/memory_reg_128_255_0_0_i_3_43      |                                  |                1 |              4 |         4.00 |
|  clk_gen/inst/clk_out1 | drawer/memory_reg_128_255_0_0_i_3_35      |                                  |                1 |              4 |         4.00 |
|  clk_gen/inst/clk_out1 | drawer/memory_reg_128_255_0_0_i_3_9       |                                  |                1 |              4 |         4.00 |
|  clk_gen/inst/clk_out1 | drawer/memory_reg_128_255_0_0_i_3_81      |                                  |                1 |              4 |         4.00 |
|  clk_gen/inst/clk_out1 | drawer/memory_reg_128_255_0_0_i_6_10      |                                  |                1 |              4 |         4.00 |
|  clk_gen/inst/clk_out1 | drawer/memory_reg_128_255_0_0_i_3_92      |                                  |                1 |              4 |         4.00 |
|  clk_gen/inst/clk_out1 | drawer/memory_reg_128_255_0_0_i_3_97      |                                  |                1 |              4 |         4.00 |
|  clk_gen/inst/clk_out1 | drawer/memory_reg_128_255_0_0_i_6_12      |                                  |                1 |              4 |         4.00 |
|  clk_gen/inst/clk_out1 | drawer/memory_reg_128_255_0_0_i_6_5       |                                  |                1 |              4 |         4.00 |
|  clk_gen/inst/clk_out1 | drawer/memory_reg_128_255_0_0_i_3_84      |                                  |                1 |              4 |         4.00 |
|  clk_gen/inst/clk_out1 | drawer/memory_reg_128_255_0_0_i_3_89      |                                  |                1 |              4 |         4.00 |
|  clk_gen/inst/clk_out1 | drawer/memory_reg_128_255_0_0_i_5_2       |                                  |                1 |              4 |         4.00 |
|  clk_gen/inst/clk_out1 | drawer/memory_reg_128_255_0_0_i_3_85      |                                  |                1 |              4 |         4.00 |
|  clk_gen/inst/clk_out1 | drawer/memory_reg_128_255_0_0_i_3_87      |                                  |                1 |              4 |         4.00 |
|  clk_gen/inst/clk_out1 | drawer/memory_reg_128_255_0_0_i_3_83      |                                  |                1 |              4 |         4.00 |
|  clk_gen/inst/clk_out1 | drawer/memory_reg_128_255_0_0_i_5_1       |                                  |                1 |              4 |         4.00 |
|  clk_gen/inst/clk_out1 | drawer/memory_reg_128_255_0_0_i_5_4       |                                  |                1 |              4 |         4.00 |
|  clk_gen/inst/clk_out1 | drawer/memory_reg_128_255_0_0_i_5_7       |                                  |                1 |              4 |         4.00 |
|  clk_gen/inst/clk_out1 | drawer/memory_reg_128_255_0_0_i_3_96      |                                  |                1 |              4 |         4.00 |
|  clk_gen/inst/clk_out1 | drawer/memory_reg_128_255_0_0_i_5_6       |                                  |                1 |              4 |         4.00 |
|  clk_gen/inst/clk_out1 | drawer/memory_reg_128_255_0_0_i_5_8       |                                  |                1 |              4 |         4.00 |
|  clk_gen/inst/clk_out1 | drawer/memory_reg_128_255_0_0_i_3_91      |                                  |                1 |              4 |         4.00 |
|  clk_gen/inst/clk_out1 | drawer/memory_reg_128_255_0_0_i_3_82      |                                  |                1 |              4 |         4.00 |
|  clk_gen/inst/clk_out1 | drawer/memory_reg_128_255_0_0_i_6_13      |                                  |                1 |              4 |         4.00 |
|  clk_gen/inst/clk_out1 | drawer/memory_reg_128_255_0_0_i_3_90      |                                  |                1 |              4 |         4.00 |
|  clk_gen/inst/clk_out1 | drawer/memory_reg_128_255_0_0_i_3_94      |                                  |                1 |              4 |         4.00 |
|  clk_gen/inst/clk_out1 | drawer/memory_reg_128_255_0_0_i_5_0       |                                  |                1 |              4 |         4.00 |
|  clk_gen/inst/clk_out1 | drawer/memory_reg_128_255_0_0_i_5_5       |                                  |                1 |              4 |         4.00 |
|  clk_gen/inst/clk_out1 | drawer/memory_reg_128_255_0_0_i_6_1       |                                  |                1 |              4 |         4.00 |
|  clk_gen/inst/clk_out1 | drawer/memory_reg_128_255_0_0_i_3_80      |                                  |                1 |              4 |         4.00 |
|  clk_gen/inst/clk_out1 | drawer/memory_reg_128_255_0_0_i_5_3       |                                  |                1 |              4 |         4.00 |
|  clk_gen/inst/clk_out1 | drawer/memory_reg_128_255_0_0_i_6_15      |                                  |                1 |              4 |         4.00 |
|  clk_gen/inst/clk_out1 | drawer/memory_reg_128_255_0_0_i_6_16      |                                  |                1 |              4 |         4.00 |
|  clk_gen/inst/clk_out1 | drawer/memory_reg_128_255_0_0_i_6_2       |                                  |                1 |              4 |         4.00 |
|  clk_gen/inst/clk_out1 | drawer/memory_reg_128_255_0_0_i_6_6       |                                  |                1 |              4 |         4.00 |
|  clk_gen/inst/clk_out1 | drawer/memory_reg_128_255_0_0_i_3_99      |                                  |                1 |              4 |         4.00 |
|  clk_gen/inst/clk_out1 | drawer/memory_reg_128_255_0_0_i_6_7       |                                  |                1 |              4 |         4.00 |
|  clk_gen/inst/clk_out1 | drawer/memory_reg_128_255_0_0_i_6_14      |                                  |                1 |              4 |         4.00 |
|  clk_gen/inst/clk_out1 | drawer/memory_reg_128_255_0_0_i_3_88      |                                  |                1 |              4 |         4.00 |
|  clk_gen/inst/clk_out1 | drawer/memory_reg_128_255_0_0_i_6_8       |                                  |                1 |              4 |         4.00 |
|  clk_gen/inst/clk_out1 | drawer/memory_reg_128_255_0_0_i_3_93      |                                  |                1 |              4 |         4.00 |
|  clk_gen/inst/clk_out1 | drawer/memory_reg_13824_13951_0_0_i_2_0   |                                  |                1 |              4 |         4.00 |
|  clk_gen/inst/clk_out1 | drawer/memory_reg_128_255_0_0_i_6_3       |                                  |                1 |              4 |         4.00 |
|  clk_gen/inst/clk_out1 | drawer/memory_reg_13824_13951_0_0_i_2_1   |                                  |                1 |              4 |         4.00 |
|  clk_gen/inst/clk_out1 | drawer/memory_reg_128_255_0_0_i_3_98      |                                  |                1 |              4 |         4.00 |
|  clk_gen/inst/clk_out1 | drawer/memory_reg_128_255_0_0_i_6_9       |                                  |                1 |              4 |         4.00 |
|  clk_gen/inst/clk_out1 | drawer/memory_reg_128_255_0_0_i_6_11      |                                  |                1 |              4 |         4.00 |
|  clk_gen/inst/clk_out1 | drawer/memory_reg_128_255_0_0_i_6_4       |                                  |                1 |              4 |         4.00 |
|  clk_gen/inst/clk_out1 | drawer/memory_reg_128_255_0_0_i_6_0       |                                  |                1 |              4 |         4.00 |
|  clk_gen/inst/clk_out1 | drawer/memory_reg_128_255_0_0_i_3_86      |                                  |                1 |              4 |         4.00 |
|  clk_gen/inst/clk_out1 | drawer/memory_reg_128_255_0_0_i_3_95      |                                  |                1 |              4 |         4.00 |
|  clk_gen/inst/clk_out1 | drawer/memory_reg_1792_1919_0_0_i_2_6     |                                  |                1 |              4 |         4.00 |
|  clk_gen/inst/clk_out1 | drawer/memory_reg_1920_2047_0_0_i_3_13    |                                  |                1 |              4 |         4.00 |
|  clk_gen/inst/clk_out1 | drawer/memory_reg_1920_2047_0_0_i_3_9     |                                  |                1 |              4 |         4.00 |
|  clk_gen/inst/clk_out1 | drawer/memory_reg_16768_16895_0_0_i_2_1   |                                  |                1 |              4 |         4.00 |
|  clk_gen/inst/clk_out1 | drawer/memory_reg_1792_1919_0_0_i_2_2     |                                  |                1 |              4 |         4.00 |
|  clk_gen/inst/clk_out1 | drawer/memory_reg_1792_1919_0_0_i_2_7     |                                  |                1 |              4 |         4.00 |
|  clk_gen/inst/clk_out1 | drawer/memory_reg_16768_16895_0_0_i_2_0   |                                  |                1 |              4 |         4.00 |
|  clk_gen/inst/clk_out1 | drawer/memory_reg_1792_1919_0_0_i_2_8     |                                  |                1 |              4 |         4.00 |
|  clk_gen/inst/clk_out1 | drawer/memory_reg_1920_2047_0_0_i_3_10    |                                  |                1 |              4 |         4.00 |
|  clk_gen/inst/clk_out1 | drawer/memory_reg_1920_2047_0_0_i_3_2     |                                  |                1 |              4 |         4.00 |
|  clk_gen/inst/clk_out1 | drawer/memory_reg_0_127_0_0_i_19_9        |                                  |                1 |              4 |         4.00 |
|  clk_gen/inst/clk_out1 | drawer/memory_reg_1920_2047_0_0_i_2_1     |                                  |                1 |              4 |         4.00 |
|  clk_gen/inst/clk_out1 | drawer/memory_reg_1920_2047_0_0_i_2_2     |                                  |                1 |              4 |         4.00 |
|  clk_gen/inst/clk_out1 | drawer/memory_reg_1792_1919_0_0_i_2_5     |                                  |                1 |              4 |         4.00 |
|  clk_gen/inst/clk_out1 | drawer/memory_reg_1920_2047_0_0_i_2_3     |                                  |                1 |              4 |         4.00 |
|  clk_gen/inst/clk_out1 | drawer/memory_reg_1920_2047_0_0_i_3_11    |                                  |                1 |              4 |         4.00 |
|  clk_gen/inst/clk_out1 | drawer/memory_reg_1920_2047_0_0_i_3_7     |                                  |                1 |              4 |         4.00 |
|  clk_gen/inst/clk_out1 | drawer/memory_reg_1792_1919_0_0_i_2_4     |                                  |                1 |              4 |         4.00 |
|  clk_gen/inst/clk_out1 | drawer/memory_reg_1920_2047_0_0_i_2_0     |                                  |                1 |              4 |         4.00 |
|  clk_gen/inst/clk_out1 | drawer/memory_reg_1920_2047_0_0_i_3_12    |                                  |                1 |              4 |         4.00 |
|  clk_gen/inst/clk_out1 | drawer/memory_reg_1792_1919_0_0_i_2_1     |                                  |                1 |              4 |         4.00 |
|  clk_gen/inst/clk_out1 | drawer/memory_reg_1920_2047_0_0_i_3_3     |                                  |                1 |              4 |         4.00 |
|  clk_gen/inst/clk_out1 | drawer/memory_reg_1920_2047_0_0_i_3_5     |                                  |                1 |              4 |         4.00 |
|  clk_gen/inst/clk_out1 | drawer/memory_reg_1920_2047_0_0_i_3_4     |                                  |                1 |              4 |         4.00 |
|  clk_gen/inst/clk_out1 | drawer/memory_reg_1792_1919_0_0_i_2_0     |                                  |                1 |              4 |         4.00 |
|  clk_gen/inst/clk_out1 | drawer/memory_reg_1920_2047_0_0_i_3_0     |                                  |                1 |              4 |         4.00 |
|  clk_gen/inst/clk_out1 | drawer/memory_reg_1920_2047_0_0_i_3_1     |                                  |                1 |              4 |         4.00 |
|  clk_gen/inst/clk_out1 | drawer/memory_reg_1792_1919_0_0_i_2_3     |                                  |                1 |              4 |         4.00 |
|  clk_gen/inst/clk_out1 | drawer/memory_reg_1920_2047_0_0_i_3_6     |                                  |                1 |              4 |         4.00 |
|  clk_gen/inst/clk_out1 | drawer/memory_reg_1920_2047_0_0_i_3_14    |                                  |                1 |              4 |         4.00 |
|  clk_gen/inst/clk_out1 | drawer/memory_reg_27008_27135_0_0_i_4_7   |                                  |                1 |              4 |         4.00 |
|  clk_gen/inst/clk_out1 | drawer/memory_reg_29056_29183_0_0_i_3_14  |                                  |                1 |              4 |         4.00 |
|  clk_gen/inst/clk_out1 | drawer/memory_reg_29056_29183_0_0_i_3_8   |                                  |                1 |              4 |         4.00 |
|  clk_gen/inst/clk_out1 | drawer/memory_reg_29056_29183_0_0_i_3_9   |                                  |                1 |              4 |         4.00 |
|  clk_gen/inst/clk_out1 | drawer/memory_reg_25472_25599_0_0_i_4_2   |                                  |                1 |              4 |         4.00 |
|  clk_gen/inst/clk_out1 | drawer/memory_reg_29056_29183_0_0_i_3_6   |                                  |                1 |              4 |         4.00 |
|  clk_gen/inst/clk_out1 | drawer/memory_reg_25472_25599_0_0_i_4_9   |                                  |                1 |              4 |         4.00 |
|  clk_gen/inst/clk_out1 | drawer/memory_reg_27008_27135_0_0_i_4_14  |                                  |                1 |              4 |         4.00 |
|  clk_gen/inst/clk_out1 | drawer/memory_reg_27008_27135_0_0_i_4_5   |                                  |                1 |              4 |         4.00 |
|  clk_gen/inst/clk_out1 | drawer/memory_reg_27008_27135_0_0_i_4_8   |                                  |                1 |              4 |         4.00 |
|  clk_gen/inst/clk_out1 | drawer/memory_reg_29056_29183_0_0_i_3_0   |                                  |                1 |              4 |         4.00 |
|  clk_gen/inst/clk_out1 | drawer/memory_reg_27008_27135_0_0_i_2     |                                  |                1 |              4 |         4.00 |
|  clk_gen/inst/clk_out1 | drawer/memory_reg_25472_25599_0_0_i_4     |                                  |                1 |              4 |         4.00 |
|  clk_gen/inst/clk_out1 | drawer/memory_reg_25472_25599_0_0_i_4_6   |                                  |                1 |              4 |         4.00 |
|  clk_gen/inst/clk_out1 | drawer/memory_reg_27008_27135_0_0_i_4_11  |                                  |                1 |              4 |         4.00 |
|  clk_gen/inst/clk_out1 | drawer/memory_reg_27008_27135_0_0_i_4_12  |                                  |                1 |              4 |         4.00 |
|  clk_gen/inst/clk_out1 | drawer/memory_reg_28160_28287_0_0_i_2_0   |                                  |                1 |              4 |         4.00 |
|  clk_gen/inst/clk_out1 | drawer/memory_reg_25472_25599_0_0_i_4_8   |                                  |                1 |              4 |         4.00 |
|  clk_gen/inst/clk_out1 | drawer/memory_reg_29056_29183_0_0_i_3_12  |                                  |                1 |              4 |         4.00 |
|  clk_gen/inst/clk_out1 | drawer/memory_reg_29056_29183_0_0_i_3_2   |                                  |                1 |              4 |         4.00 |
|  clk_gen/inst/clk_out1 | drawer/memory_reg_27008_27135_0_0_i_4_9   |                                  |                1 |              4 |         4.00 |
|  clk_gen/inst/clk_out1 | drawer/memory_reg_25472_25599_0_0_i_4_1   |                                  |                1 |              4 |         4.00 |
|  clk_gen/inst/clk_out1 | drawer/memory_reg_27008_27135_0_0_i_4_0   |                                  |                1 |              4 |         4.00 |
|  clk_gen/inst/clk_out1 | drawer/memory_reg_27008_27135_0_0_i_4_3   |                                  |                1 |              4 |         4.00 |
|  clk_gen/inst/clk_out1 | drawer/memory_reg_29056_29183_0_0_i_3_10  |                                  |                1 |              4 |         4.00 |
|  clk_gen/inst/clk_out1 | drawer/memory_reg_29056_29183_0_0_i_3_3   |                                  |                1 |              4 |         4.00 |
|  clk_gen/inst/clk_out1 | drawer/memory_reg_29056_29183_0_0_i_3_4   |                                  |                1 |              4 |         4.00 |
|  clk_gen/inst/clk_out1 | drawer/memory_reg_25472_25599_0_0_i_4_3   |                                  |                1 |              4 |         4.00 |
|  clk_gen/inst/clk_out1 | drawer/memory_reg_27008_27135_0_0_i_4_6   |                                  |                1 |              4 |         4.00 |
|  clk_gen/inst/clk_out1 | drawer/memory_reg_29056_29183_0_0_i_3_13  |                                  |                1 |              4 |         4.00 |
|  clk_gen/inst/clk_out1 | drawer/memory_reg_27008_27135_0_0_i_4_1   |                                  |                1 |              4 |         4.00 |
|  clk_gen/inst/clk_out1 | drawer/memory_reg_25472_25599_0_0_i_4_0   |                                  |                1 |              4 |         4.00 |
|  clk_gen/inst/clk_out1 | drawer/memory_reg_27008_27135_0_0_i_4_4   |                                  |                1 |              4 |         4.00 |
|  clk_gen/inst/clk_out1 | drawer/memory_reg_29056_29183_0_0_i_3_11  |                                  |                1 |              4 |         4.00 |
|  clk_gen/inst/clk_out1 | drawer/memory_reg_29056_29183_0_0_i_3_5   |                                  |                1 |              4 |         4.00 |
|  clk_gen/inst/clk_out1 | drawer/memory_reg_29056_29183_0_0_i_3_7   |                                  |                1 |              4 |         4.00 |
|  clk_gen/inst/clk_out1 | drawer/memory_reg_25472_25599_0_0_i_4_4   |                                  |                1 |              4 |         4.00 |
|  clk_gen/inst/clk_out1 | drawer/memory_reg_25472_25599_0_0_i_4_5   |                                  |                1 |              4 |         4.00 |
|  clk_gen/inst/clk_out1 | drawer/memory_reg_27008_27135_0_0_i_4_10  |                                  |                1 |              4 |         4.00 |
|  clk_gen/inst/clk_out1 | drawer/memory_reg_27008_27135_0_0_i_4_2   |                                  |                1 |              4 |         4.00 |
|  clk_gen/inst/clk_out1 | drawer/memory_reg_29056_29183_0_0_i_3_1   |                                  |                1 |              4 |         4.00 |
|  clk_gen/inst/clk_out1 | drawer/memory_reg_27008_27135_0_0_i_4_13  |                                  |                1 |              4 |         4.00 |
|  clk_gen/inst/clk_out1 | drawer/memory_reg_25472_25599_0_0_i_4_7   |                                  |                1 |              4 |         4.00 |
|  clk_gen/inst/clk_out1 | drawer/memory_reg_3840_3967_0_0_i_2_3     |                                  |                1 |              4 |         4.00 |
|  clk_gen/inst/clk_out1 | drawer/memory_reg_33664_33791_0_0_i_2_1   |                                  |                1 |              4 |         4.00 |
|  clk_gen/inst/clk_out1 | drawer/memory_reg_32896_33023_0_0_i_2_2   |                                  |                1 |              4 |         4.00 |
|  clk_gen/inst/clk_out1 | drawer/memory_reg_3840_3967_0_0_i_2_4     |                                  |                1 |              4 |         4.00 |
|  clk_gen/inst/clk_out1 | drawer/memory_reg_32896_33023_0_0_i_2_5   |                                  |                1 |              4 |         4.00 |
|  clk_gen/inst/clk_out1 | drawer/memory_reg_3840_3967_0_0_i_2_7     |                                  |                1 |              4 |         4.00 |
|  clk_gen/inst/clk_out1 | drawer/memory_reg_3840_3967_0_0_i_2_9     |                                  |                1 |              4 |         4.00 |
|  clk_gen/inst/clk_out1 | drawer/memory_reg_384_511_0_0_i_3_1       |                                  |                1 |              4 |         4.00 |
|  clk_gen/inst/clk_out1 | drawer/memory_reg_32896_33023_0_0_i_2_1   |                                  |                1 |              4 |         4.00 |
|  clk_gen/inst/clk_out1 | drawer/memory_reg_384_511_0_0_i_3_10      |                                  |                1 |              4 |         4.00 |
|  clk_gen/inst/clk_out1 | drawer/memory_reg_31104_31231_0_0_i_3     |                                  |                1 |              4 |         4.00 |
|  clk_gen/inst/clk_out1 | drawer/memory_reg_31104_31231_0_0_i_3_2   |                                  |                1 |              4 |         4.00 |
|  clk_gen/inst/clk_out1 | drawer/memory_reg_32640_32767_0_0_i_2_1   |                                  |                1 |              4 |         4.00 |
|  clk_gen/inst/clk_out1 | drawer/memory_reg_31104_31231_0_0_i_3_1   |                                  |                1 |              4 |         4.00 |
|  clk_gen/inst/clk_out1 | drawer/memory_reg_3712_3839_0_0_i_2_7     |                                  |                1 |              4 |         4.00 |
|  clk_gen/inst/clk_out1 | drawer/memory_reg_3840_3967_0_0_i_2_0     |                                  |                1 |              4 |         4.00 |
|  clk_gen/inst/clk_out1 | drawer/memory_reg_3712_3839_0_0_i_2_5     |                                  |                1 |              4 |         4.00 |
|  clk_gen/inst/clk_out1 | drawer/memory_reg_3712_3839_0_0_i_2_4     |                                  |                1 |              4 |         4.00 |
|  clk_gen/inst/clk_out1 | drawer/memory_reg_32896_33023_0_0_i_2_4   |                                  |                1 |              4 |         4.00 |
|  clk_gen/inst/clk_out1 | drawer/memory_reg_33664_33791_0_0_i_2_0   |                                  |                1 |              4 |         4.00 |
|  clk_gen/inst/clk_out1 | drawer/memory_reg_32896_33023_0_0_i_2_3   |                                  |                1 |              4 |         4.00 |
|  clk_gen/inst/clk_out1 | drawer/memory_reg_32896_33023_0_0_i_2_7   |                                  |                1 |              4 |         4.00 |
|  clk_gen/inst/clk_out1 | drawer/memory_reg_31104_31231_0_0_i_3_0   |                                  |                1 |              4 |         4.00 |
|  clk_gen/inst/clk_out1 | drawer/memory_reg_31104_31231_0_0_i_3_4   |                                  |                1 |              4 |         4.00 |
|  clk_gen/inst/clk_out1 | drawer/memory_reg_3712_3839_0_0_i_2_0     |                                  |                1 |              4 |         4.00 |
|  clk_gen/inst/clk_out1 | drawer/memory_reg_3840_3967_0_0_i_2_1     |                                  |                1 |              4 |         4.00 |
|  clk_gen/inst/clk_out1 | drawer/memory_reg_33664_33791_0_0_i_2_2   |                                  |                1 |              4 |         4.00 |
|  clk_gen/inst/clk_out1 | drawer/memory_reg_3840_3967_0_0_i_2_5     |                                  |                1 |              4 |         4.00 |
|  clk_gen/inst/clk_out1 | drawer/memory_reg_3840_3967_0_0_i_2_6     |                                  |                1 |              4 |         4.00 |
|  clk_gen/inst/clk_out1 | drawer/memory_reg_3712_3839_0_0_i_2_1     |                                  |                1 |              4 |         4.00 |
|  clk_gen/inst/clk_out1 | drawer/memory_reg_32896_33023_0_0_i_2_0   |                                  |                1 |              4 |         4.00 |
|  clk_gen/inst/clk_out1 | drawer/memory_reg_3712_3839_0_0_i_2_9     |                                  |                1 |              4 |         4.00 |
|  clk_gen/inst/clk_out1 | drawer/memory_reg_3840_3967_0_0_i_2_2     |                                  |                1 |              4 |         4.00 |
|  clk_gen/inst/clk_out1 | drawer/memory_reg_3840_3967_0_0_i_2_8     |                                  |                1 |              4 |         4.00 |
|  clk_gen/inst/clk_out1 | drawer/memory_reg_384_511_0_0_i_3_0       |                                  |                1 |              4 |         4.00 |
|  clk_gen/inst/clk_out1 | drawer/memory_reg_32896_33023_0_0_i_2_6   |                                  |                1 |              4 |         4.00 |
|  clk_gen/inst/clk_out1 | drawer/memory_reg_3712_3839_0_0_i_2_2     |                                  |                1 |              4 |         4.00 |
|  clk_gen/inst/clk_out1 | drawer/memory_reg_32640_32767_0_0_i_2     |                                  |                1 |              4 |         4.00 |
|  clk_gen/inst/clk_out1 | drawer/memory_reg_31104_31231_0_0_i_3_3   |                                  |                1 |              4 |         4.00 |
|  clk_gen/inst/clk_out1 | drawer/memory_reg_33664_33791_0_0_i_2_3   |                                  |                1 |              4 |         4.00 |
|  clk_gen/inst/clk_out1 | drawer/memory_reg_3712_3839_0_0_i_2_3     |                                  |                1 |              4 |         4.00 |
|  clk_gen/inst/clk_out1 | drawer/memory_reg_3712_3839_0_0_i_2_8     |                                  |                1 |              4 |         4.00 |
|  clk_gen/inst/clk_out1 | drawer/memory_reg_32640_32767_0_0_i_2_0   |                                  |                1 |              4 |         4.00 |
|  clk_gen/inst/clk_out1 | drawer/memory_reg_3712_3839_0_0_i_2_6     |                                  |                1 |              4 |         4.00 |
|  clk_gen/inst/clk_out1 | drawer/memory_reg_41856_41983_0_0_i_2_0   |                                  |                1 |              4 |         4.00 |
|  clk_gen/inst/clk_out1 | drawer/memory_reg_41856_41983_0_0_i_2_1   |                                  |                1 |              4 |         4.00 |
|  clk_gen/inst/clk_out1 | drawer/memory_reg_41856_41983_0_0_i_2_2   |                                  |                1 |              4 |         4.00 |
|  clk_gen/inst/clk_out1 | drawer/memory_reg_384_511_0_0_i_3_5       |                                  |                1 |              4 |         4.00 |
|  clk_gen/inst/clk_out1 | drawer/memory_reg_40192_40319_0_0_i_2_0   |                                  |                1 |              4 |         4.00 |
|  clk_gen/inst/clk_out1 | drawer/memory_reg_41856_41983_0_0_i_2_3   |                                  |                1 |              4 |         4.00 |
|  clk_gen/inst/clk_out1 | drawer/memory_reg_41856_41983_0_0_i_2_5   |                                  |                1 |              4 |         4.00 |
|  clk_gen/inst/clk_out1 | drawer/memory_reg_40192_40319_0_0_i_2_3   |                                  |                1 |              4 |         4.00 |
|  clk_gen/inst/clk_out1 | drawer/memory_reg_40192_40319_0_0_i_2_8   |                                  |                1 |              4 |         4.00 |
|  clk_gen/inst/clk_out1 | drawer/memory_reg_40448_40575_0_0_i_2_10  |                                  |                1 |              4 |         4.00 |
|  clk_gen/inst/clk_out1 | drawer/memory_reg_41856_41983_0_0_i_2_6   |                                  |                1 |              4 |         4.00 |
|  clk_gen/inst/clk_out1 | drawer/memory_reg_40064_40191_0_0_i_2_6   |                                  |                1 |              4 |         4.00 |
|  clk_gen/inst/clk_out1 | drawer/memory_reg_384_511_0_0_i_3_11      |                                  |                1 |              4 |         4.00 |
|  clk_gen/inst/clk_out1 | drawer/memory_reg_384_511_0_0_i_3_4       |                                  |                1 |              4 |         4.00 |
|  clk_gen/inst/clk_out1 | drawer/memory_reg_40064_40191_0_0_i_2_7   |                                  |                1 |              4 |         4.00 |
|  clk_gen/inst/clk_out1 | drawer/memory_reg_384_511_0_0_i_3_12      |                                  |                1 |              4 |         4.00 |
|  clk_gen/inst/clk_out1 | drawer/memory_reg_384_511_0_0_i_3_2       |                                  |                1 |              4 |         4.00 |
|  clk_gen/inst/clk_out1 | drawer/memory_reg_41856_41983_0_0_i_2_4   |                                  |                1 |              4 |         4.00 |
|  clk_gen/inst/clk_out1 | drawer/memory_reg_40448_40575_0_0_i_2_11  |                                  |                1 |              4 |         4.00 |
|  clk_gen/inst/clk_out1 | drawer/memory_reg_40064_40191_0_0_i_2_0   |                                  |                1 |              4 |         4.00 |
|  clk_gen/inst/clk_out1 | drawer/memory_reg_40448_40575_0_0_i_2_6   |                                  |                1 |              4 |         4.00 |
|  clk_gen/inst/clk_out1 | drawer/memory_reg_40192_40319_0_0_i_2_7   |                                  |                1 |              4 |         4.00 |
|  clk_gen/inst/clk_out1 | drawer/memory_reg_40448_40575_0_0_i_2_4   |                                  |                1 |              4 |         4.00 |
|  clk_gen/inst/clk_out1 | drawer/memory_reg_40064_40191_0_0_i_2_3   |                                  |                1 |              4 |         4.00 |
|  clk_gen/inst/clk_out1 | drawer/memory_reg_40064_40191_0_0_i_2_1   |                                  |                1 |              4 |         4.00 |
|  clk_gen/inst/clk_out1 | drawer/memory_reg_40064_40191_0_0_i_2_2   |                                  |                1 |              4 |         4.00 |
|  clk_gen/inst/clk_out1 | drawer/memory_reg_384_511_0_0_i_3_8       |                                  |                1 |              4 |         4.00 |
|  clk_gen/inst/clk_out1 | drawer/memory_reg_384_511_0_0_i_3_7       |                                  |                1 |              4 |         4.00 |
|  clk_gen/inst/clk_out1 | drawer/memory_reg_40192_40319_0_0_i_2_1   |                                  |                1 |              4 |         4.00 |
|  clk_gen/inst/clk_out1 | drawer/memory_reg_40192_40319_0_0_i_2_2   |                                  |                1 |              4 |         4.00 |
|  clk_gen/inst/clk_out1 | drawer/memory_reg_40192_40319_0_0_i_2_5   |                                  |                1 |              4 |         4.00 |
|  clk_gen/inst/clk_out1 | drawer/memory_reg_40448_40575_0_0_i_2_0   |                                  |                1 |              4 |         4.00 |
|  clk_gen/inst/clk_out1 | drawer/memory_reg_40448_40575_0_0_i_2_12  |                                  |                1 |              4 |         4.00 |
|  clk_gen/inst/clk_out1 | drawer/memory_reg_40448_40575_0_0_i_2_3   |                                  |                1 |              4 |         4.00 |
|  clk_gen/inst/clk_out1 | drawer/memory_reg_40448_40575_0_0_i_2_8   |                                  |                1 |              4 |         4.00 |
|  clk_gen/inst/clk_out1 | drawer/memory_reg_40064_40191_0_0_i_2_8   |                                  |                1 |              4 |         4.00 |
|  clk_gen/inst/clk_out1 | drawer/memory_reg_384_511_0_0_i_3_3       |                                  |                1 |              4 |         4.00 |
|  clk_gen/inst/clk_out1 | drawer/memory_reg_40448_40575_0_0_i_2_1   |                                  |                1 |              4 |         4.00 |
|  clk_gen/inst/clk_out1 | drawer/memory_reg_40448_40575_0_0_i_2_13  |                                  |                1 |              4 |         4.00 |
|  clk_gen/inst/clk_out1 | drawer/memory_reg_4096_4223_0_0_i_12_0    |                                  |                1 |              4 |         4.00 |
|  clk_gen/inst/clk_out1 | drawer/memory_reg_384_511_0_0_i_3_6       |                                  |                1 |              4 |         4.00 |
|  clk_gen/inst/clk_out1 | drawer/memory_reg_40064_40191_0_0_i_2_9   |                                  |                1 |              4 |         4.00 |
|  clk_gen/inst/clk_out1 | drawer/memory_reg_40192_40319_0_0_i_2_4   |                                  |                1 |              4 |         4.00 |
|  clk_gen/inst/clk_out1 | drawer/memory_reg_40448_40575_0_0_i_2_14  |                                  |                1 |              4 |         4.00 |
|  clk_gen/inst/clk_out1 | drawer/memory_reg_384_511_0_0_i_3_9       |                                  |                1 |              4 |         4.00 |
|  clk_gen/inst/clk_out1 | drawer/memory_reg_40064_40191_0_0_i_2_4   |                                  |                1 |              4 |         4.00 |
|  clk_gen/inst/clk_out1 | drawer/memory_reg_40448_40575_0_0_i_2_9   |                                  |                1 |              4 |         4.00 |
|  clk_gen/inst/clk_out1 | drawer/memory_reg_40192_40319_0_0_i_2_9   |                                  |                1 |              4 |         4.00 |
|  clk_gen/inst/clk_out1 | drawer/memory_reg_40448_40575_0_0_i_2_7   |                                  |                1 |              4 |         4.00 |
|  clk_gen/inst/clk_out1 | drawer/memory_reg_40064_40191_0_0_i_2_5   |                                  |                1 |              4 |         4.00 |
|  clk_gen/inst/clk_out1 | drawer/memory_reg_40448_40575_0_0_i_2_2   |                                  |                1 |              4 |         4.00 |
|  clk_gen/inst/clk_out1 | drawer/memory_reg_384_511_0_0_i_3_13      |                                  |                1 |              4 |         4.00 |
|  clk_gen/inst/clk_out1 | drawer/memory_reg_40448_40575_0_0_i_2_5   |                                  |                1 |              4 |         4.00 |
|  clk_gen/inst/clk_out1 | drawer/memory_reg_40192_40319_0_0_i_2_6   |                                  |                1 |              4 |         4.00 |
|  clk_gen/inst/clk_out1 | drawer/memory_reg_52992_53119_0_0_i_2_6   |                                  |                1 |              4 |         4.00 |
|  clk_gen/inst/clk_out1 | drawer/memory_reg_41856_41983_0_0_i_2_7   |                                  |                1 |              4 |         4.00 |
|  clk_gen/inst/clk_out1 | drawer/memory_reg_54912_55039_0_0_i_2_1   |                                  |                1 |              4 |         4.00 |
|  clk_gen/inst/clk_out1 | drawer/memory_reg_54912_55039_0_0_i_2_5   |                                  |                1 |              4 |         4.00 |
|  clk_gen/inst/clk_out1 | drawer/memory_reg_54912_55039_0_0_i_2_0   |                                  |                1 |              4 |         4.00 |
|  clk_gen/inst/clk_out1 | drawer/memory_reg_41856_41983_0_0_i_2_8   |                                  |                1 |              4 |         4.00 |
|  clk_gen/inst/clk_out1 | drawer/memory_reg_43392_43519_0_0_i_2_0   |                                  |                1 |              4 |         4.00 |
|  clk_gen/inst/clk_out1 | drawer/memory_reg_48256_48383_0_0_i_2_0   |                                  |                1 |              4 |         4.00 |
|  clk_gen/inst/clk_out1 | drawer/memory_reg_43776_43903_0_0_i_2_4   |                                  |                1 |              4 |         4.00 |
|  clk_gen/inst/clk_out1 | drawer/memory_reg_52992_53119_0_0_i_2_11  |                                  |                1 |              4 |         4.00 |
|  clk_gen/inst/clk_out1 | drawer/memory_reg_43648_43775_0_0_i_2_4   |                                  |                1 |              4 |         4.00 |
|  clk_gen/inst/clk_out1 | drawer/memory_reg_52992_53119_0_0_i_2_5   |                                  |                1 |              4 |         4.00 |
|  clk_gen/inst/clk_out1 | drawer/memory_reg_54912_55039_0_0_i_2_2   |                                  |                1 |              4 |         4.00 |
|  clk_gen/inst/clk_out1 | drawer/memory_reg_52992_53119_0_0_i_2_7   |                                  |                1 |              4 |         4.00 |
|  clk_gen/inst/clk_out1 | drawer/memory_reg_54912_55039_0_0_i_2_6   |                                  |                1 |              4 |         4.00 |
|  clk_gen/inst/clk_out1 | drawer/memory_reg_41856_41983_0_0_i_2_9   |                                  |                1 |              4 |         4.00 |
|  clk_gen/inst/clk_out1 | drawer/memory_reg_52992_53119_0_0_i_2_14  |                                  |                1 |              4 |         4.00 |
|  clk_gen/inst/clk_out1 | drawer/memory_reg_43392_43519_0_0_i_2_1   |                                  |                1 |              4 |         4.00 |
|  clk_gen/inst/clk_out1 | drawer/memory_reg_43648_43775_0_0_i_2_2   |                                  |                1 |              4 |         4.00 |
|  clk_gen/inst/clk_out1 | drawer/memory_reg_43776_43903_0_0_i_2_0   |                                  |                1 |              4 |         4.00 |
|  clk_gen/inst/clk_out1 | drawer/memory_reg_43776_43903_0_0_i_2_3   |                                  |                1 |              4 |         4.00 |
|  clk_gen/inst/clk_out1 | drawer/memory_reg_52992_53119_0_0_i_2_2   |                                  |                1 |              4 |         4.00 |
|  clk_gen/inst/clk_out1 | drawer/memory_reg_54912_55039_0_0_i_2_3   |                                  |                1 |              4 |         4.00 |
|  clk_gen/inst/clk_out1 | drawer/memory_reg_43776_43903_0_0_i_2_2   |                                  |                1 |              4 |         4.00 |
|  clk_gen/inst/clk_out1 | drawer/memory_reg_52992_53119_0_0_i_2_3   |                                  |                1 |              4 |         4.00 |
|  clk_gen/inst/clk_out1 | drawer/memory_reg_52992_53119_0_0_i_2_4   |                                  |                1 |              4 |         4.00 |
|  clk_gen/inst/clk_out1 | drawer/memory_reg_43648_43775_0_0_i_2_3   |                                  |                1 |              4 |         4.00 |
|  clk_gen/inst/clk_out1 | drawer/memory_reg_43392_43519_0_0_i_2_2   |                                  |                1 |              4 |         4.00 |
|  clk_gen/inst/clk_out1 | drawer/memory_reg_48384_48511_0_0_i_2_0   |                                  |                1 |              4 |         4.00 |
|  clk_gen/inst/clk_out1 | drawer/memory_reg_52992_53119_0_0_i_2_0   |                                  |                1 |              4 |         4.00 |
|  clk_gen/inst/clk_out1 | drawer/memory_reg_52992_53119_0_0_i_2_10  |                                  |                1 |              4 |         4.00 |
|  clk_gen/inst/clk_out1 | drawer/memory_reg_52992_53119_0_0_i_2_8   |                                  |                1 |              4 |         4.00 |
|  clk_gen/inst/clk_out1 | drawer/memory_reg_52992_53119_0_0_i_2_9   |                                  |                1 |              4 |         4.00 |
|  clk_gen/inst/clk_out1 | drawer/memory_reg_54912_55039_0_0_i_2_4   |                                  |                1 |              4 |         4.00 |
|  clk_gen/inst/clk_out1 | drawer/memory_reg_52992_53119_0_0_i_2_12  |                                  |                1 |              4 |         4.00 |
|  clk_gen/inst/clk_out1 | drawer/memory_reg_43648_43775_0_0_i_2_1   |                                  |                1 |              4 |         4.00 |
|  clk_gen/inst/clk_out1 | drawer/memory_reg_43648_43775_0_0_i_2_0   |                                  |                1 |              4 |         4.00 |
|  clk_gen/inst/clk_out1 | drawer/memory_reg_48384_48511_0_0_i_2_1   |                                  |                1 |              4 |         4.00 |
|  clk_gen/inst/clk_out1 | drawer/memory_reg_52992_53119_0_0_i_2_1   |                                  |                1 |              4 |         4.00 |
|  clk_gen/inst/clk_out1 | drawer/memory_reg_43776_43903_0_0_i_2_1   |                                  |                1 |              4 |         4.00 |
|  clk_gen/inst/clk_out1 | drawer/memory_reg_52992_53119_0_0_i_2_13  |                                  |                1 |              4 |         4.00 |
|  clk_gen/inst/clk_out1 | drawer/memory_reg_65536_65663_0_0_i_13_14 |                                  |                1 |              4 |         4.00 |
|  clk_gen/inst/clk_out1 | drawer/memory_reg_59264_59391_0_0_i_2_3   |                                  |                1 |              4 |         4.00 |
|  clk_gen/inst/clk_out1 | drawer/memory_reg_65536_65663_0_0_i_13_15 |                                  |                1 |              4 |         4.00 |
|  clk_gen/inst/clk_out1 | drawer/memory_reg_65536_65663_0_0_i_13_16 |                                  |                1 |              4 |         4.00 |
|  clk_gen/inst/clk_out1 | drawer/memory_reg_65536_65663_0_0_i_13_17 |                                  |                1 |              4 |         4.00 |
|  clk_gen/inst/clk_out1 | drawer/memory_reg_65536_65663_0_0_i_13_2  |                                  |                1 |              4 |         4.00 |
|  clk_gen/inst/clk_out1 | drawer/memory_reg_59264_59391_0_0_i_2_0   |                                  |                1 |              4 |         4.00 |
|  clk_gen/inst/clk_out1 | drawer/memory_reg_65536_65663_0_0_i_13_3  |                                  |                1 |              4 |         4.00 |
|  clk_gen/inst/clk_out1 | drawer/memory_reg_59264_59391_0_0_i_2_2   |                                  |                1 |              4 |         4.00 |
|  clk_gen/inst/clk_out1 | drawer/memory_reg_65536_65663_0_0_i_13_1  |                                  |                1 |              4 |         4.00 |
|  clk_gen/inst/clk_out1 | drawer/memory_reg_65536_65663_0_0_i_13_4  |                                  |                1 |              4 |         4.00 |
|  clk_gen/inst/clk_out1 | drawer/memory_reg_59264_59391_0_0_i_2_11  |                                  |                1 |              4 |         4.00 |
|  clk_gen/inst/clk_out1 | drawer/memory_reg_55168_55295_0_0_i_2     |                                  |                1 |              4 |         4.00 |
|  clk_gen/inst/clk_out1 | drawer/memory_reg_55168_55295_0_0_i_2_2   |                                  |                1 |              4 |         4.00 |
|  clk_gen/inst/clk_out1 | drawer/memory_reg_55680_55807_0_0_i_2_3   |                                  |                1 |              4 |         4.00 |
|  clk_gen/inst/clk_out1 | drawer/memory_reg_55168_55295_0_0_i_2_1   |                                  |                1 |              4 |         4.00 |
|  clk_gen/inst/clk_out1 | drawer/memory_reg_59264_59391_0_0_i_2_1   |                                  |                1 |              4 |         4.00 |
|  clk_gen/inst/clk_out1 | drawer/memory_reg_54912_55039_0_0_i_2_7   |                                  |                1 |              4 |         4.00 |
|  clk_gen/inst/clk_out1 | drawer/memory_reg_59264_59391_0_0_i_2_10  |                                  |                1 |              4 |         4.00 |
|  clk_gen/inst/clk_out1 | drawer/memory_reg_59264_59391_0_0_i_2_12  |                                  |                1 |              4 |         4.00 |
|  clk_gen/inst/clk_out1 | drawer/memory_reg_59264_59391_0_0_i_2_8   |                                  |                1 |              4 |         4.00 |
|  clk_gen/inst/clk_out1 | drawer/memory_reg_55168_55295_0_0_i_2_0   |                                  |                1 |              4 |         4.00 |
|  clk_gen/inst/clk_out1 | drawer/memory_reg_59264_59391_0_0_i_2_13  |                                  |                1 |              4 |         4.00 |
|  clk_gen/inst/clk_out1 | drawer/memory_reg_55680_55807_0_0_i_2_0   |                                  |                1 |              4 |         4.00 |
|  clk_gen/inst/clk_out1 | drawer/memory_reg_59264_59391_0_0_i_2_9   |                                  |                1 |              4 |         4.00 |
|  clk_gen/inst/clk_out1 | drawer/memory_reg_55680_55807_0_0_i_2_1   |                                  |                1 |              4 |         4.00 |
|  clk_gen/inst/clk_out1 | drawer/memory_reg_65536_65663_0_0_i_13    |                                  |                1 |              4 |         4.00 |
|  clk_gen/inst/clk_out1 | drawer/memory_reg_65536_65663_0_0_i_13_0  |                                  |                1 |              4 |         4.00 |
|  clk_gen/inst/clk_out1 | drawer/memory_reg_59264_59391_0_0_i_2_5   |                                  |                1 |              4 |         4.00 |
|  clk_gen/inst/clk_out1 | drawer/memory_reg_59264_59391_0_0_i_2_4   |                                  |                1 |              4 |         4.00 |
|  clk_gen/inst/clk_out1 | drawer/memory_reg_55680_55807_0_0_i_2_2   |                                  |                1 |              4 |         4.00 |
|  clk_gen/inst/clk_out1 | drawer/memory_reg_59264_59391_0_0_i_2_14  |                                  |                1 |              4 |         4.00 |
|  clk_gen/inst/clk_out1 | drawer/memory_reg_59264_59391_0_0_i_2_6   |                                  |                1 |              4 |         4.00 |
|  clk_gen/inst/clk_out1 | drawer/memory_reg_5632_5759_0_0_i_2_1     |                                  |                1 |              4 |         4.00 |
|  clk_gen/inst/clk_out1 | drawer/memory_reg_59264_59391_0_0_i_2_7   |                                  |                1 |              4 |         4.00 |
|  clk_gen/inst/clk_out1 | drawer/memory_reg_65536_65663_0_0_i_13_11 |                                  |                1 |              4 |         4.00 |
|  clk_gen/inst/clk_out1 | drawer/memory_reg_65536_65663_0_0_i_13_12 |                                  |                1 |              4 |         4.00 |
|  clk_gen/inst/clk_out1 | drawer/memory_reg_54912_55039_0_0_i_2_8   |                                  |                1 |              4 |         4.00 |
|  clk_gen/inst/clk_out1 | drawer/memory_reg_55168_55295_0_0_i_2_3   |                                  |                1 |              4 |         4.00 |
|  clk_gen/inst/clk_out1 | drawer/memory_reg_65536_65663_0_0_i_13_10 |                                  |                1 |              4 |         4.00 |
|  clk_gen/inst/clk_out1 | drawer/memory_reg_5632_5759_0_0_i_2_0     |                                  |                1 |              4 |         4.00 |
|  clk_gen/inst/clk_out1 | drawer/memory_reg_65536_65663_0_0_i_13_13 |                                  |                1 |              4 |         4.00 |
|  clk_gen/inst/clk_out1 | drawer/memory_reg_8320_8447_0_0_i_2_3     |                                  |                1 |              4 |         4.00 |
|  clk_gen/inst/clk_out1 | drawer/memory_reg_8320_8447_0_0_i_2_1     |                                  |                1 |              4 |         4.00 |
|  clk_gen/inst/clk_out1 | drawer/memory_reg_896_1023_0_0_i_3_2      |                                  |                1 |              4 |         4.00 |
|  clk_gen/inst/clk_out1 | drawer/memory_reg_7296_7423_0_0_i_2_2     |                                  |                1 |              4 |         4.00 |
|  clk_gen/inst/clk_out1 | drawer/memory_reg_76160_76287_0_0_i_2_1   |                                  |                1 |              4 |         4.00 |
|  clk_gen/inst/clk_out1 | drawer/memory_reg_65536_65663_0_0_i_13_6  |                                  |                1 |              4 |         4.00 |
|  clk_gen/inst/clk_out1 | drawer/memory_reg_7424_7551_0_0_i_2_4     |                                  |                1 |              4 |         4.00 |
|  clk_gen/inst/clk_out1 | drawer/memory_reg_76160_76287_0_0_i_2_4   |                                  |                1 |              4 |         4.00 |
|  clk_gen/inst/clk_out1 | drawer/memory_reg_7424_7551_0_0_i_2_0     |                                  |                1 |              4 |         4.00 |
|  clk_gen/inst/clk_out1 | drawer/memory_reg_66432_66559_0_0_i_2_2   |                                  |                1 |              4 |         4.00 |
|  clk_gen/inst/clk_out1 | drawer/memory_reg_896_1023_0_0_i_3_1      |                                  |                1 |              4 |         4.00 |
|  clk_gen/inst/clk_out1 | drawer/memory_reg_896_1023_0_0_i_3_13     |                                  |                1 |              4 |         4.00 |
|  clk_gen/inst/clk_out1 | drawer/memory_reg_76160_76287_0_0_i_2_5   |                                  |                1 |              4 |         4.00 |
|  clk_gen/inst/clk_out1 | drawer/memory_reg_66432_66559_0_0_i_2_0   |                                  |                1 |              4 |         4.00 |
|  clk_gen/inst/clk_out1 | drawer/memory_reg_7296_7423_0_0_i_2_0     |                                  |                1 |              4 |         4.00 |
|  clk_gen/inst/clk_out1 | drawer/memory_reg_65920_66047_0_0_i_2_0   |                                  |                1 |              4 |         4.00 |
|  clk_gen/inst/clk_out1 | drawer/memory_reg_7424_7551_0_0_i_2_1     |                                  |                1 |              4 |         4.00 |
|  clk_gen/inst/clk_out1 | drawer/memory_reg_8320_8447_0_0_i_2_0     |                                  |                1 |              4 |         4.00 |
|  clk_gen/inst/clk_out1 | drawer/memory_reg_7296_7423_0_0_i_2_3     |                                  |                1 |              4 |         4.00 |
|  clk_gen/inst/clk_out1 | drawer/memory_reg_76160_76287_0_0_i_2_2   |                                  |                1 |              4 |         4.00 |
|  clk_gen/inst/clk_out1 | drawer/memory_reg_7424_7551_0_0_i_2_2     |                                  |                1 |              4 |         4.00 |
|  clk_gen/inst/clk_out1 | drawer/memory_reg_896_1023_0_0_i_3_0      |                                  |                1 |              4 |         4.00 |
|  clk_gen/inst/clk_out1 | drawer/memory_reg_76160_76287_0_0_i_2_6   |                                  |                1 |              4 |         4.00 |
|  clk_gen/inst/clk_out1 | drawer/memory_reg_8320_8447_0_0_i_2_2     |                                  |                1 |              4 |         4.00 |
|  clk_gen/inst/clk_out1 | drawer/memory_reg_896_1023_0_0_i_3_10     |                                  |                1 |              4 |         4.00 |
|  clk_gen/inst/clk_out1 | drawer/memory_reg_896_1023_0_0_i_3_11     |                                  |                1 |              4 |         4.00 |
|  clk_gen/inst/clk_out1 | drawer/memory_reg_65536_65663_0_0_i_13_5  |                                  |                1 |              4 |         4.00 |
|  clk_gen/inst/clk_out1 | drawer/memory_reg_7296_7423_0_0_i_2_4     |                                  |                1 |              4 |         4.00 |
|  clk_gen/inst/clk_out1 | drawer/memory_reg_7424_7551_0_0_i_2_3     |                                  |                1 |              4 |         4.00 |
|  clk_gen/inst/clk_out1 | drawer/memory_reg_76160_76287_0_0_i_2_3   |                                  |                1 |              4 |         4.00 |
|  clk_gen/inst/clk_out1 | drawer/memory_reg_65536_65663_0_0_i_13_7  |                                  |                1 |              4 |         4.00 |
|  clk_gen/inst/clk_out1 | drawer/memory_reg_896_1023_0_0_i_3_12     |                                  |                1 |              4 |         4.00 |
|  clk_gen/inst/clk_out1 | drawer/memory_reg_896_1023_0_0_i_3_3      |                                  |                1 |              4 |         4.00 |
|  clk_gen/inst/clk_out1 | drawer/memory_reg_896_1023_0_0_i_3_4      |                                  |                1 |              4 |         4.00 |
|  clk_gen/inst/clk_out1 | drawer/memory_reg_896_1023_0_0_i_3_5      |                                  |                1 |              4 |         4.00 |
|  clk_gen/inst/clk_out1 | drawer/memory_reg_896_1023_0_0_i_3_6      |                                  |                1 |              4 |         4.00 |
|  clk_gen/inst/clk_out1 | drawer/memory_reg_65536_65663_0_0_i_13_8  |                                  |                1 |              4 |         4.00 |
|  clk_gen/inst/clk_out1 | drawer/memory_reg_66432_66559_0_0_i_2_3   |                                  |                1 |              4 |         4.00 |
|  clk_gen/inst/clk_out1 | drawer/memory_reg_65536_65663_0_0_i_13_9  |                                  |                1 |              4 |         4.00 |
|  clk_gen/inst/clk_out1 | drawer/memory_reg_7296_7423_0_0_i_2_1     |                                  |                1 |              4 |         4.00 |
|  clk_gen/inst/clk_out1 | drawer/memory_reg_76160_76287_0_0_i_2_0   |                                  |                1 |              4 |         4.00 |
|  clk_gen/inst/clk_out1 | drawer/memory_reg_66432_66559_0_0_i_2_1   |                                  |                1 |              4 |         4.00 |
|  clk_gen/inst/clk_out1 | drawer/memory_reg_65920_66047_0_0_i_2_1   |                                  |                1 |              4 |         4.00 |
|  clk_gen/inst/clk_out1 | drawer/memory_reg_896_1023_0_0_i_3_8      |                                  |                1 |              4 |         4.00 |
|  clk_gen/inst/clk_out1 | drawer/memory_reg_896_1023_0_0_i_3_7      |                                  |                1 |              4 |         4.00 |
|  clk_gen/inst/clk_out1 | drawer/memory_reg_896_1023_0_0_i_3_9      |                                  |                1 |              4 |         4.00 |
|  clk_gen/inst/clk_out1 | drawer/memory_reg_0_127_0_0_i_16_30       |                                  |                1 |              4 |         4.00 |
|  clk_gen/inst/clk_out1 | drawer/memory_reg_0_127_0_0_i_15_4        |                                  |                1 |              4 |         4.00 |
|  clk_gen/inst/clk_out1 | drawer/memory_reg_0_127_0_0_i_16_10       |                                  |                1 |              4 |         4.00 |
|  clk_gen/inst/clk_out1 | drawer/memory_reg_0_127_0_0_i_16_26       |                                  |                1 |              4 |         4.00 |
|  clk_gen/inst/clk_out1 | drawer/memory_reg_0_127_0_0_i_15_2        |                                  |                1 |              4 |         4.00 |
|  clk_gen/inst/clk_out1 | drawer/memory_reg_0_127_0_0_i_16_13       |                                  |                1 |              4 |         4.00 |
|  clk_gen/inst/clk_out1 | drawer/memory_reg_0_127_0_0_i_16_29       |                                  |                1 |              4 |         4.00 |
|  clk_gen/inst/clk_out1 | drawer/memory_reg_0_127_0_0_i_16_31       |                                  |                1 |              4 |         4.00 |
|  clk_gen/inst/clk_out1 | drawer/memory_reg_0_127_0_0_i_16          |                                  |                1 |              4 |         4.00 |
|  clk_gen/inst/clk_out1 | drawer/memory_reg_0_127_0_0_i_16_1        |                                  |                1 |              4 |         4.00 |
|  clk_gen/inst/clk_out1 | drawer/memory_reg_0_127_0_0_i_16_12       |                                  |                1 |              4 |         4.00 |
|  clk_gen/inst/clk_out1 | drawer/memory_reg_0_127_0_0_i_15_0        |                                  |                1 |              4 |         4.00 |
|  clk_gen/inst/clk_out1 | drawer/memory_reg_0_127_0_0_i_16_11       |                                  |                1 |              4 |         4.00 |
|  clk_gen/inst/clk_out1 | drawer/memory_reg_0_127_0_0_i_16_15       |                                  |                1 |              4 |         4.00 |
|  clk_gen/inst/clk_out1 | drawer/memory_reg_0_127_0_0_i_16_16       |                                  |                1 |              4 |         4.00 |
|  clk_gen/inst/clk_out1 | drawer/memory_reg_0_127_0_0_i_16_17       |                                  |                1 |              4 |         4.00 |
|  clk_gen/inst/clk_out1 | drawer/memory_reg_0_127_0_0_i_16_19       |                                  |                1 |              4 |         4.00 |
|  clk_gen/inst/clk_out1 | drawer/memory_reg_0_127_0_0_i_16_18       |                                  |                1 |              4 |         4.00 |
|  clk_gen/inst/clk_out1 | drawer/memory_reg_0_127_0_0_i_15_6        |                                  |                1 |              4 |         4.00 |
|  clk_gen/inst/clk_out1 | drawer/memory_reg_0_127_0_0_i_16_2        |                                  |                1 |              4 |         4.00 |
|  clk_gen/inst/clk_out1 | drawer/memory_reg_0_127_0_0_i_16_0        |                                  |                1 |              4 |         4.00 |
|  clk_gen/inst/clk_out1 | drawer/memory_reg_0_127_0_0_i_16_20       |                                  |                1 |              4 |         4.00 |
|  clk_gen/inst/clk_out1 | drawer/memory_reg_0_127_0_0_i_16_21       |                                  |                1 |              4 |         4.00 |
|  clk_gen/inst/clk_out1 | drawer/memory_reg_0_127_0_0_i_15_5        |                                  |                1 |              4 |         4.00 |
|  clk_gen/inst/clk_out1 | drawer/memory_reg_0_127_0_0_i_16_14       |                                  |                1 |              4 |         4.00 |
|  clk_gen/inst/clk_out1 | drawer/memory_reg_0_127_0_0_i_16_23       |                                  |                1 |              4 |         4.00 |
|  clk_gen/inst/clk_out1 | drawer/memory_reg_0_127_0_0_i_15_1        |                                  |                1 |              4 |         4.00 |
|  clk_gen/inst/clk_out1 | drawer/memory_reg_0_127_0_0_i_15_3        |                                  |                1 |              4 |         4.00 |
|  clk_gen/inst/clk_out1 | drawer/memory_reg_0_127_0_0_i_16_24       |                                  |                1 |              4 |         4.00 |
|  clk_gen/inst/clk_out1 | drawer/memory_reg_0_127_0_0_i_16_25       |                                  |                1 |              4 |         4.00 |
|  clk_gen/inst/clk_out1 | drawer/memory_reg_0_127_0_0_i_16_27       |                                  |                1 |              4 |         4.00 |
|  clk_gen/inst/clk_out1 | drawer/memory_reg_0_127_0_0_i_16_22       |                                  |                1 |              4 |         4.00 |
|  clk_gen/inst/clk_out1 | drawer/memory_reg_0_127_0_0_i_16_28       |                                  |                1 |              4 |         4.00 |
|  clk_gen/inst/clk_out1 | drawer/memory_reg_0_127_0_0_i_16_3        |                                  |                1 |              4 |         4.00 |
|  clk_gen/inst/clk_out1 | drawer/memory_reg_0_127_0_0_i_19_22       |                                  |                1 |              4 |         4.00 |
|  clk_gen/inst/clk_out1 | drawer/memory_reg_0_127_0_0_i_16_35       |                                  |                1 |              4 |         4.00 |
|  clk_gen/inst/clk_out1 | drawer/memory_reg_0_127_0_0_i_19_105      |                                  |                1 |              4 |         4.00 |
|  clk_gen/inst/clk_out1 | drawer/memory_reg_0_127_0_0_i_19_23       |                                  |                1 |              4 |         4.00 |
|  clk_gen/inst/clk_out1 | drawer/memory_reg_0_127_0_0_i_16_39       |                                  |                1 |              4 |         4.00 |
|  clk_gen/inst/clk_out1 | drawer/memory_reg_0_127_0_0_i_19_109      |                                  |                1 |              4 |         4.00 |
|  clk_gen/inst/clk_out1 | drawer/memory_reg_0_127_0_0_i_19_24       |                                  |                1 |              4 |         4.00 |
|  clk_gen/inst/clk_out1 | drawer/memory_reg_0_127_0_0_i_19_25       |                                  |                1 |              4 |         4.00 |
|  clk_gen/inst/clk_out1 | drawer/memory_reg_0_127_0_0_i_16_9        |                                  |                1 |              4 |         4.00 |
|  clk_gen/inst/clk_out1 | drawer/memory_reg_0_127_0_0_i_19_113      |                                  |                1 |              4 |         4.00 |
|  clk_gen/inst/clk_out1 | drawer/memory_reg_0_127_0_0_i_19_1        |                                  |                1 |              4 |         4.00 |
|  clk_gen/inst/clk_out1 | drawer/memory_reg_0_127_0_0_i_19_26       |                                  |                1 |              4 |         4.00 |
|  clk_gen/inst/clk_out1 | drawer/memory_reg_0_127_0_0_i_18_0        |                                  |                1 |              4 |         4.00 |
|  clk_gen/inst/clk_out1 | drawer/memory_reg_0_127_0_0_i_16_38       |                                  |                1 |              4 |         4.00 |
|  clk_gen/inst/clk_out1 | drawer/memory_reg_0_127_0_0_i_19_108      |                                  |                1 |              4 |         4.00 |
|  clk_gen/inst/clk_out1 | drawer/memory_reg_0_127_0_0_i_16_36       |                                  |                1 |              4 |         4.00 |
|  clk_gen/inst/clk_out1 | drawer/memory_reg_0_127_0_0_i_16_4        |                                  |                1 |              4 |         4.00 |
|  clk_gen/inst/clk_out1 | drawer/memory_reg_0_127_0_0_i_19_100      |                                  |                1 |              4 |         4.00 |
|  clk_gen/inst/clk_out1 | drawer/memory_reg_0_127_0_0_i_19_106      |                                  |                1 |              4 |         4.00 |
|  clk_gen/inst/clk_out1 | drawer/memory_reg_0_127_0_0_i_19_11       |                                  |                1 |              4 |         4.00 |
|  clk_gen/inst/clk_out1 | drawer/memory_reg_0_127_0_0_i_19_12       |                                  |                1 |              4 |         4.00 |
|  clk_gen/inst/clk_out1 | drawer/memory_reg_0_127_0_0_i_19_122      |                                  |                1 |              4 |         4.00 |
|  clk_gen/inst/clk_out1 | drawer/memory_reg_0_127_0_0_i_19_121      |                                  |                1 |              4 |         4.00 |
|  clk_gen/inst/clk_out1 | drawer/memory_reg_0_127_0_0_i_19_123      |                                  |                1 |              4 |         4.00 |
|  clk_gen/inst/clk_out1 | drawer/memory_reg_0_127_0_0_i_16_5        |                                  |                1 |              4 |         4.00 |
|  clk_gen/inst/clk_out1 | drawer/memory_reg_0_127_0_0_i_16_6        |                                  |                1 |              4 |         4.00 |
|  clk_gen/inst/clk_out1 | drawer/memory_reg_0_127_0_0_i_16_37       |                                  |                1 |              4 |         4.00 |
|  clk_gen/inst/clk_out1 | drawer/memory_reg_0_127_0_0_i_19_107      |                                  |                1 |              4 |         4.00 |
|  clk_gen/inst/clk_out1 | drawer/memory_reg_0_127_0_0_i_19_110      |                                  |                1 |              4 |         4.00 |
|  clk_gen/inst/clk_out1 | drawer/memory_reg_0_127_0_0_i_19_117      |                                  |                1 |              4 |         4.00 |
|  clk_gen/inst/clk_out1 | drawer/memory_reg_0_127_0_0_i_19_120      |                                  |                1 |              4 |         4.00 |
|  clk_gen/inst/clk_out1 | drawer/memory_reg_0_127_0_0_i_19_124      |                                  |                1 |              4 |         4.00 |
|  clk_gen/inst/clk_out1 | drawer/memory_reg_0_127_0_0_i_16_33       |                                  |                1 |              4 |         4.00 |
|  clk_gen/inst/clk_out1 | drawer/memory_reg_0_127_0_0_i_18_2        |                                  |                1 |              4 |         4.00 |
|  clk_gen/inst/clk_out1 | drawer/memory_reg_0_127_0_0_i_16_34       |                                  |                1 |              4 |         4.00 |
|  clk_gen/inst/clk_out1 | drawer/memory_reg_0_127_0_0_i_19_104      |                                  |                1 |              4 |         4.00 |
|  clk_gen/inst/clk_out1 | drawer/memory_reg_0_127_0_0_i_19_119      |                                  |                1 |              4 |         4.00 |
|  clk_gen/inst/clk_out1 | drawer/memory_reg_0_127_0_0_i_19_10       |                                  |                1 |              4 |         4.00 |
|  clk_gen/inst/clk_out1 | drawer/memory_reg_0_127_0_0_i_16_8        |                                  |                1 |              4 |         4.00 |
|  clk_gen/inst/clk_out1 | drawer/memory_reg_0_127_0_0_i_19_112      |                                  |                1 |              4 |         4.00 |
|  clk_gen/inst/clk_out1 | drawer/memory_reg_0_127_0_0_i_19_13       |                                  |                1 |              4 |         4.00 |
|  clk_gen/inst/clk_out1 | drawer/memory_reg_0_127_0_0_i_19_14       |                                  |                1 |              4 |         4.00 |
|  clk_gen/inst/clk_out1 | drawer/memory_reg_0_127_0_0_i_19_16       |                                  |                1 |              4 |         4.00 |
|  clk_gen/inst/clk_out1 | drawer/memory_reg_0_127_0_0_i_19_103      |                                  |                1 |              4 |         4.00 |
|  clk_gen/inst/clk_out1 | drawer/memory_reg_0_127_0_0_i_19_114      |                                  |                1 |              4 |         4.00 |
|  clk_gen/inst/clk_out1 | drawer/memory_reg_0_127_0_0_i_19_17       |                                  |                1 |              4 |         4.00 |
|  clk_gen/inst/clk_out1 | drawer/memory_reg_0_127_0_0_i_19_18       |                                  |                1 |              4 |         4.00 |
|  clk_gen/inst/clk_out1 | drawer/memory_reg_0_127_0_0_i_19_19       |                                  |                1 |              4 |         4.00 |
|  clk_gen/inst/clk_out1 | drawer/memory_reg_0_127_0_0_i_16_7        |                                  |                1 |              4 |         4.00 |
|  clk_gen/inst/clk_out1 | drawer/memory_reg_0_127_0_0_i_19_111      |                                  |                1 |              4 |         4.00 |
|  clk_gen/inst/clk_out1 | drawer/memory_reg_0_127_0_0_i_19_2        |                                  |                1 |              4 |         4.00 |
|  clk_gen/inst/clk_out1 | drawer/memory_reg_0_127_0_0_i_19_15       |                                  |                1 |              4 |         4.00 |
|  clk_gen/inst/clk_out1 | drawer/memory_reg_0_127_0_0_i_19_20       |                                  |                1 |              4 |         4.00 |
|  clk_gen/inst/clk_out1 | drawer/memory_reg_0_127_0_0_i_16_32       |                                  |                1 |              4 |         4.00 |
|  clk_gen/inst/clk_out1 | drawer/memory_reg_0_127_0_0_i_18_1        |                                  |                1 |              4 |         4.00 |
|  clk_gen/inst/clk_out1 | drawer/memory_reg_0_127_0_0_i_19_0        |                                  |                1 |              4 |         4.00 |
|  clk_gen/inst/clk_out1 | drawer/memory_reg_0_127_0_0_i_19_101      |                                  |                1 |              4 |         4.00 |
|  clk_gen/inst/clk_out1 | drawer/memory_reg_0_127_0_0_i_19_115      |                                  |                1 |              4 |         4.00 |
|  clk_gen/inst/clk_out1 | drawer/memory_reg_0_127_0_0_i_19_102      |                                  |                1 |              4 |         4.00 |
|  clk_gen/inst/clk_out1 | drawer/memory_reg_0_127_0_0_i_19_116      |                                  |                1 |              4 |         4.00 |
|  clk_gen/inst/clk_out1 | drawer/memory_reg_0_127_0_0_i_19_118      |                                  |                1 |              4 |         4.00 |
|  clk_gen/inst/clk_out1 | drawer/memory_reg_0_127_0_0_i_19_21       |                                  |                1 |              4 |         4.00 |
|  clk_gen/inst/clk_out1 | drawer/memory_reg_0_127_0_0_i_19_60       |                                  |                1 |              4 |         4.00 |
|  clk_gen/inst/clk_out1 | drawer/memory_reg_0_127_0_0_i_19_69       |                                  |                1 |              4 |         4.00 |
|  clk_gen/inst/clk_out1 | drawer/memory_reg_0_127_0_0_i_19_47       |                                  |                1 |              4 |         4.00 |
|  clk_gen/inst/clk_out1 | drawer/memory_reg_0_127_0_0_i_19_7        |                                  |                1 |              4 |         4.00 |
|  clk_gen/inst/clk_out1 | drawer/memory_reg_0_127_0_0_i_19_70       |                                  |                1 |              4 |         4.00 |
|  clk_gen/inst/clk_out1 | drawer/memory_reg_0_127_0_0_i_19_56       |                                  |                1 |              4 |         4.00 |
|  clk_gen/inst/clk_out1 | drawer/memory_reg_0_127_0_0_i_19_68       |                                  |                1 |              4 |         4.00 |
|  clk_gen/inst/clk_out1 | drawer/memory_reg_0_127_0_0_i_19_72       |                                  |                1 |              4 |         4.00 |
|  clk_gen/inst/clk_out1 | drawer/memory_reg_0_127_0_0_i_19_78       |                                  |                1 |              4 |         4.00 |
|  clk_gen/inst/clk_out1 | drawer/memory_reg_0_127_0_0_i_19_40       |                                  |                1 |              4 |         4.00 |
|  clk_gen/inst/clk_out1 | drawer/memory_reg_0_127_0_0_i_19_80       |                                  |                1 |              4 |         4.00 |
|  clk_gen/inst/clk_out1 | drawer/memory_reg_0_127_0_0_i_19_35       |                                  |                1 |              4 |         4.00 |
|  clk_gen/inst/clk_out1 | drawer/memory_reg_0_127_0_0_i_19_81       |                                  |                1 |              4 |         4.00 |
|  clk_gen/inst/clk_out1 | drawer/memory_reg_0_127_0_0_i_19_82       |                                  |                1 |              4 |         4.00 |
|  clk_gen/inst/clk_out1 | drawer/memory_reg_0_127_0_0_i_19_83       |                                  |                1 |              4 |         4.00 |
|  clk_gen/inst/clk_out1 | drawer/memory_reg_0_127_0_0_i_19_84       |                                  |                1 |              4 |         4.00 |
|  clk_gen/inst/clk_out1 | drawer/memory_reg_0_127_0_0_i_19_67       |                                  |                1 |              4 |         4.00 |
|  clk_gen/inst/clk_out1 | drawer/memory_reg_0_127_0_0_i_19_28       |                                  |                1 |              4 |         4.00 |
|  clk_gen/inst/clk_out1 | drawer/memory_reg_0_127_0_0_i_19_42       |                                  |                1 |              4 |         4.00 |
|  clk_gen/inst/clk_out1 | drawer/memory_reg_0_127_0_0_i_19_57       |                                  |                1 |              4 |         4.00 |
|  clk_gen/inst/clk_out1 | drawer/memory_reg_0_127_0_0_i_19_38       |                                  |                1 |              4 |         4.00 |
|  clk_gen/inst/clk_out1 | drawer/memory_reg_0_127_0_0_i_19_52       |                                  |                1 |              4 |         4.00 |
|  clk_gen/inst/clk_out1 | drawer/memory_reg_0_127_0_0_i_19_6        |                                  |                1 |              4 |         4.00 |
|  clk_gen/inst/clk_out1 | drawer/memory_reg_0_127_0_0_i_19_74       |                                  |                1 |              4 |         4.00 |
|  clk_gen/inst/clk_out1 | drawer/memory_reg_0_127_0_0_i_19_79       |                                  |                1 |              4 |         4.00 |
|  clk_gen/inst/clk_out1 | drawer/memory_reg_0_127_0_0_i_19_58       |                                  |                1 |              4 |         4.00 |
|  clk_gen/inst/clk_out1 | drawer/memory_reg_0_127_0_0_i_19_73       |                                  |                1 |              4 |         4.00 |
|  clk_gen/inst/clk_out1 | drawer/memory_reg_0_127_0_0_i_19_46       |                                  |                1 |              4 |         4.00 |
|  clk_gen/inst/clk_out1 | drawer/memory_reg_0_127_0_0_i_19_39       |                                  |                1 |              4 |         4.00 |
|  clk_gen/inst/clk_out1 | drawer/memory_reg_0_127_0_0_i_19_54       |                                  |                1 |              4 |         4.00 |
|  clk_gen/inst/clk_out1 | drawer/memory_reg_0_127_0_0_i_19_65       |                                  |                1 |              4 |         4.00 |
|  clk_gen/inst/clk_out1 | drawer/memory_reg_0_127_0_0_i_19_71       |                                  |                1 |              4 |         4.00 |
|  clk_gen/inst/clk_out1 | drawer/memory_reg_0_127_0_0_i_19_66       |                                  |                1 |              4 |         4.00 |
|  clk_gen/inst/clk_out1 | drawer/memory_reg_0_127_0_0_i_19_5        |                                  |                1 |              4 |         4.00 |
|  clk_gen/inst/clk_out1 | drawer/memory_reg_0_127_0_0_i_19_75       |                                  |                1 |              4 |         4.00 |
|  clk_gen/inst/clk_out1 | drawer/memory_reg_0_127_0_0_i_19_8        |                                  |                1 |              4 |         4.00 |
|  clk_gen/inst/clk_out1 | drawer/memory_reg_0_127_0_0_i_19_48       |                                  |                1 |              4 |         4.00 |
|  clk_gen/inst/clk_out1 | drawer/memory_reg_0_127_0_0_i_19_4        |                                  |                1 |              4 |         4.00 |
|  clk_gen/inst/clk_out1 | drawer/memory_reg_0_127_0_0_i_19_27       |                                  |                1 |              4 |         4.00 |
|  clk_gen/inst/clk_out1 | drawer/memory_reg_0_127_0_0_i_19_43       |                                  |                1 |              4 |         4.00 |
|  clk_gen/inst/clk_out1 | drawer/memory_reg_0_127_0_0_i_19_53       |                                  |                1 |              4 |         4.00 |
|  clk_gen/inst/clk_out1 | drawer/memory_reg_0_127_0_0_i_19_59       |                                  |                1 |              4 |         4.00 |
|  clk_gen/inst/clk_out1 | drawer/memory_reg_0_127_0_0_i_19_32       |                                  |                1 |              4 |         4.00 |
|  clk_gen/inst/clk_out1 | drawer/memory_reg_0_127_0_0_i_19_61       |                                  |                1 |              4 |         4.00 |
|  clk_gen/inst/clk_out1 | drawer/memory_reg_0_127_0_0_i_19_30       |                                  |                1 |              4 |         4.00 |
|  clk_gen/inst/clk_out1 | drawer/memory_reg_0_127_0_0_i_19_62       |                                  |                1 |              4 |         4.00 |
|  clk_gen/inst/clk_out1 | drawer/memory_reg_0_127_0_0_i_19_34       |                                  |                1 |              4 |         4.00 |
|  clk_gen/inst/clk_out1 | drawer/memory_reg_0_127_0_0_i_19_63       |                                  |                1 |              4 |         4.00 |
|  clk_gen/inst/clk_out1 | drawer/memory_reg_0_127_0_0_i_19_64       |                                  |                1 |              4 |         4.00 |
|  clk_gen/inst/clk_out1 | drawer/memory_reg_0_127_0_0_i_19_31       |                                  |                1 |              4 |         4.00 |
|  clk_gen/inst/clk_out1 | drawer/memory_reg_0_127_0_0_i_19_76       |                                  |                1 |              4 |         4.00 |
|  clk_gen/inst/clk_out1 | drawer/memory_reg_0_127_0_0_i_19_44       |                                  |                1 |              4 |         4.00 |
|  clk_gen/inst/clk_out1 | drawer/memory_reg_0_127_0_0_i_19_77       |                                  |                1 |              4 |         4.00 |
|  clk_gen/inst/clk_out1 | drawer/memory_reg_0_127_0_0_i_19_36       |                                  |                1 |              4 |         4.00 |
|  clk_gen/inst/clk_out1 | drawer/memory_reg_0_127_0_0_i_19_45       |                                  |                1 |              4 |         4.00 |
|  clk_gen/inst/clk_out1 | drawer/memory_reg_0_127_0_0_i_19_29       |                                  |                1 |              4 |         4.00 |
|  clk_gen/inst/clk_out1 | drawer/memory_reg_0_127_0_0_i_19_33       |                                  |                1 |              4 |         4.00 |
|  clk_gen/inst/clk_out1 | drawer/memory_reg_0_127_0_0_i_19_37       |                                  |                1 |              4 |         4.00 |
|  clk_gen/inst/clk_out1 | drawer/memory_reg_0_127_0_0_i_19_49       |                                  |                1 |              4 |         4.00 |
|  clk_gen/inst/clk_out1 | drawer/memory_reg_0_127_0_0_i_19_50       |                                  |                1 |              4 |         4.00 |
|  clk_gen/inst/clk_out1 | drawer/memory_reg_0_127_0_0_i_19_3        |                                  |                1 |              4 |         4.00 |
|  clk_gen/inst/clk_out1 | drawer/memory_reg_0_127_0_0_i_19_51       |                                  |                1 |              4 |         4.00 |
|  clk_gen/inst/clk_out1 | drawer/memory_reg_0_127_0_0_i_19_41       |                                  |                1 |              4 |         4.00 |
|  clk_gen/inst/clk_out1 | drawer/memory_reg_0_127_0_0_i_19_55       |                                  |                1 |              4 |         4.00 |
|  clk_gen/inst/clk_out1 | drawer/memory_reg_0_127_0_0_i_19_98       |                                  |                1 |              4 |         4.00 |
|  clk_gen/inst/clk_out1 | drawer/memory_reg_0_127_0_0_i_19_90       |                                  |                1 |              4 |         4.00 |
|  clk_gen/inst/clk_out1 | drawer/memory_reg_0_127_0_0_i_19_91       |                                  |                1 |              4 |         4.00 |
|  clk_gen/inst/clk_out1 | drawer/memory_reg_0_127_0_0_i_19_88       |                                  |                1 |              4 |         4.00 |
|  clk_gen/inst/clk_out1 | drawer/memory_reg_0_127_0_0_i_19_86       |                                  |                1 |              4 |         4.00 |
|  clk_gen/inst/clk_out1 | drawer/memory_reg_0_127_0_0_i_19_87       |                                  |                1 |              4 |         4.00 |
|  clk_gen/inst/clk_out1 | drawer/memory_reg_0_127_0_0_i_19_95       |                                  |                1 |              4 |         4.00 |
|  clk_gen/inst/clk_out1 | drawer/memory_reg_0_127_0_0_i_19_97       |                                  |                1 |              4 |         4.00 |
|  clk_gen/inst/clk_out1 | drawer/memory_reg_0_127_0_0_i_19_94       |                                  |                1 |              4 |         4.00 |
|  clk_gen/inst/clk_out1 | drawer/memory_reg_0_127_0_0_i_19_99       |                                  |                1 |              4 |         4.00 |
|  clk_gen/inst/clk_out1 | vga_ctrl/E[0]                             | drawer/reset_internal            |                3 |              9 |         3.00 |
|  clk_gen/inst/clk_out1 | vga_ctrl/cursor_x_reg[9][0]               | drawer/reset_internal            |                3 |              9 |         3.00 |
|  clk_gen/inst/clk_out1 | vga_ctrl/sel                              | drawer/reset_internal            |                6 |             10 |         1.67 |
|  clk_gen/inst/clk_out1 | drawer/clear_counter                      | drawer/reset_internal            |                5 |             17 |         3.40 |
|  clk_gen/inst/clk_out1 |                                           | hdmi_transmitter/inst/encr/AR[0] |               24 |             42 |         1.75 |
|  clk_gen/inst/clk_out1 |                                           |                                  |               31 |            116 |         3.74 |
|  clk_gen/inst/clk_out1 |                                           | drawer/reset_internal            |               41 |            133 |         3.24 |
+------------------------+-------------------------------------------+----------------------------------+------------------+----------------+--------------+


