Copyright 1986-2022 Xilinx, Inc. All Rights Reserved.
---------------------------------------------------------------------------------------------------------------------------------------------------------------------------------------------------------------------------------------------------
| Tool Version : Vivado v.2022.2 (win64) Build 3671981 Fri Oct 14 05:00:03 MDT 2022
| Date         : Mon Dec  1 19:51:53 2025
| Host         : SirJason running 64-bit major release  (build 9200)
| Command      : report_timing_summary -max_paths 10 -report_unconstrained -file drawing_canvas_top_timing_summary_routed.rpt -pb drawing_canvas_top_timing_summary_routed.pb -rpx drawing_canvas_top_timing_summary_routed.rpx -warn_on_violation
| Design       : drawing_canvas_top
| Device       : 7s50-csga324
| Speed File   : -1  PRODUCTION 1.23 2018-06-13
---------------------------------------------------------------------------------------------------------------------------------------------------------------------------------------------------------------------------------------------------

Timing Summary Report

------------------------------------------------------------------------------------------------
| Timer Settings
| --------------
------------------------------------------------------------------------------------------------

  Enable Multi Corner Analysis               :  Yes
  Enable Pessimism Removal                   :  Yes
  Pessimism Removal Resolution               :  Nearest Common Node
  Enable Input Delay Default Clock           :  No
  Enable Preset / Clear Arcs                 :  No
  Disable Flight Delays                      :  No
  Ignore I/O Paths                           :  No
  Timing Early Launch at Borrowing Latches   :  No
  Borrow Time for Max Delay Exceptions       :  Yes
  Merge Timing Exceptions                    :  Yes

  Corner  Analyze    Analyze    
  Name    Max Paths  Min Paths  
  ------  ---------  ---------  
  Slow    Yes        Yes        
  Fast    Yes        Yes        


------------------------------------------------------------------------------------------------
| Report Methodology
| ------------------
------------------------------------------------------------------------------------------------

Rule      Severity  Description                                                Violations  
--------  --------  ---------------------------------------------------------  ----------  
LUTAR-1   Warning   LUT drives async reset alert                               2           
SYNTH-5   Warning   Mapped onto distributed RAM because of timing constraints  612         
ULMTCS-1  Warning   Control Sets use limits recommend reduction                1           
XDCC-4    Warning   User Clock constraint overwritten with the same name       1           
XDCC-7    Warning   Scoped Clock constraint overwritten on the same source     1           
XDCC-8    Warning   User Clock constraint overwritten on the same source       1           

Note: This report is based on the most recent report_methodology run and may not be up-to-date. Run report_methodology on the current design for the latest report.



check_timing report

Table of Contents
-----------------
1. checking no_clock (0)
2. checking constant_clock (0)
3. checking pulse_width_clock (0)
4. checking unconstrained_internal_endpoints (0)
5. checking no_input_delay (13)
6. checking no_output_delay (10)
7. checking multiple_clock (0)
8. checking generated_clocks (0)
9. checking loops (0)
10. checking partial_input_delay (0)
11. checking partial_output_delay (0)
12. checking latch_loops (0)

1. checking no_clock (0)
------------------------
 There are 0 register/latch pins with no clock.


2. checking constant_clock (0)
------------------------------
 There are 0 register/latch pins with constant_clock.


3. checking pulse_width_clock (0)
---------------------------------
 There are 0 register/latch pins which need pulse_width check


4. checking unconstrained_internal_endpoints (0)
------------------------------------------------
 There are 0 pins that are not constrained for maximum delay.

 There are 0 pins that are not constrained for maximum delay due to constant clock.


5. checking no_input_delay (13)
-------------------------------
 There are 13 input ports with no input delay specified. (HIGH)

 There are 0 input ports with no input delay but user has a false path constraint.


6. checking no_output_delay (10)
--------------------------------
 There are 10 ports with no output delay specified. (HIGH)

 There are 0 ports with no output delay but user has a false path constraint

 There are 0 ports with no output delay but with a timing clock defined on it or propagating through it


7. checking multiple_clock (0)
------------------------------
 There are 0 register/latch pins with multiple clocks.


8. checking generated_clocks (0)
--------------------------------
 There are 0 generated clocks that are not connected to a clock source.


9. checking loops (0)
---------------------
 There are 0 combinational loops in the design.


10. checking partial_input_delay (0)
------------------------------------
 There are 0 input ports with partial input delay specified.


11. checking partial_output_delay (0)
-------------------------------------
 There are 0 ports with partial output delay specified.


12. checking latch_loops (0)
----------------------------
 There are 0 combinational latch loops in the design through latch input



------------------------------------------------------------------------------------------------
| Design Timing Summary
| ---------------------
------------------------------------------------------------------------------------------------

    WNS(ns)      TNS(ns)  TNS Failing Endpoints  TNS Total Endpoints      WHS(ns)      THS(ns)  THS Failing Endpoints  THS Total Endpoints     WPWS(ns)     TPWS(ns)  TPWS Failing Endpoints  TPWS Total Endpoints  
    -------      -------  ---------------------  -------------------      -------      -------  ---------------------  -------------------     --------     --------  ----------------------  --------------------  
     11.370        0.000                      0                22464        0.163        0.000                      0                22464        3.000        0.000                       0                  2814  


All user specified timing constraints are met.


------------------------------------------------------------------------------------------------
| Clock Summary
| -------------
------------------------------------------------------------------------------------------------

Clock                   Waveform(ns)         Period(ns)      Frequency(MHz)
-----                   ------------         ----------      --------------
sys_clk                 {0.000 5.000}        10.000          100.000         
  clk_out1_clk_wiz_0_1  {0.000 20.000}       40.000          25.000          
  clk_out2_clk_wiz_0_1  {0.000 4.000}        8.000           125.000         
  clkfbout_clk_wiz_0_1  {0.000 5.000}        10.000          100.000         


------------------------------------------------------------------------------------------------
| Intra Clock Table
| -----------------
------------------------------------------------------------------------------------------------

Clock                       WNS(ns)      TNS(ns)  TNS Failing Endpoints  TNS Total Endpoints      WHS(ns)      THS(ns)  THS Failing Endpoints  THS Total Endpoints     WPWS(ns)     TPWS(ns)  TPWS Failing Endpoints  TPWS Total Endpoints  
-----                       -------      -------  ---------------------  -------------------      -------      -------  ---------------------  -------------------     --------     --------  ----------------------  --------------------  
sys_clk                                                                                                                                                                   3.000        0.000                       0                     1  
  clk_out1_clk_wiz_0_1       11.370        0.000                      0                22464        0.163        0.000                      0                22464       18.750        0.000                       0                  2800  
  clk_out2_clk_wiz_0_1                                                                                                                                                    5.845        0.000                       0                    10  
  clkfbout_clk_wiz_0_1                                                                                                                                                    7.845        0.000                       0                     3  


------------------------------------------------------------------------------------------------
| Inter Clock Table
| -----------------
------------------------------------------------------------------------------------------------

From Clock    To Clock          WNS(ns)      TNS(ns)  TNS Failing Endpoints  TNS Total Endpoints      WHS(ns)      THS(ns)  THS Failing Endpoints  THS Total Endpoints  
----------    --------          -------      -------  ---------------------  -------------------      -------      -------  ---------------------  -------------------  


------------------------------------------------------------------------------------------------
| Other Path Groups Table
| -----------------------
------------------------------------------------------------------------------------------------

Path Group    From Clock    To Clock          WNS(ns)      TNS(ns)  TNS Failing Endpoints  TNS Total Endpoints      WHS(ns)      THS(ns)  THS Failing Endpoints  THS Total Endpoints  
----------    ----------    --------          -------      -------  ---------------------  -------------------      -------      -------  ---------------------  -------------------  


------------------------------------------------------------------------------------------------
| User Ignored Path Table
| -----------------------
------------------------------------------------------------------------------------------------

Path Group    From Clock    To Clock    
----------    ----------    --------    


------------------------------------------------------------------------------------------------
| Unconstrained Path Table
| ------------------------
------------------------------------------------------------------------------------------------

Path Group            From Clock            To Clock            
----------            ----------            --------            
(none)                                                            
(none)                clk_out1_clk_wiz_0_1                        
(none)                clk_out2_clk_wiz_0_1                        
(none)                clkfbout_clk_wiz_0_1                        
(none)                                      clk_out1_clk_wiz_0_1  


------------------------------------------------------------------------------------------------
| Timing Details
| --------------
------------------------------------------------------------------------------------------------


---------------------------------------------------------------------------------------------------
From Clock:  sys_clk
  To Clock:  sys_clk

Setup :           NA  Failing Endpoints,  Worst Slack           NA  ,  Total Violation           NA
Hold  :           NA  Failing Endpoints,  Worst Slack           NA  ,  Total Violation           NA
PW    :            0  Failing Endpoints,  Worst Slack        3.000ns,  Total Violation        0.000ns
---------------------------------------------------------------------------------------------------


Pulse Width Checks
--------------------------------------------------------------------------------------
Clock Name:         sys_clk
Waveform(ns):       { 0.000 5.000 }
Period(ns):         10.000
Sources:            { clk_100mhz }

Check Type        Corner  Lib Pin            Reference Pin  Required(ns)  Actual(ns)  Slack(ns)  Location         Pin
Min Period        n/a     MMCME2_ADV/CLKIN1  n/a            1.249         10.000      8.751      MMCME2_ADV_X0Y0  clk_gen/inst/mmcm_adv_inst/CLKIN1
Max Period        n/a     MMCME2_ADV/CLKIN1  n/a            100.000       10.000      90.000     MMCME2_ADV_X0Y0  clk_gen/inst/mmcm_adv_inst/CLKIN1
Low Pulse Width   Slow    MMCME2_ADV/CLKIN1  n/a            2.000         5.000       3.000      MMCME2_ADV_X0Y0  clk_gen/inst/mmcm_adv_inst/CLKIN1
Low Pulse Width   Fast    MMCME2_ADV/CLKIN1  n/a            2.000         5.000       3.000      MMCME2_ADV_X0Y0  clk_gen/inst/mmcm_adv_inst/CLKIN1
High Pulse Width  Slow    MMCME2_ADV/CLKIN1  n/a            2.000         5.000       3.000      MMCME2_ADV_X0Y0  clk_gen/inst/mmcm_adv_inst/CLKIN1
High Pulse Width  Fast    MMCME2_ADV/CLKIN1  n/a            2.000         5.000       3.000      MMCME2_ADV_X0Y0  clk_gen/inst/mmcm_adv_inst/CLKIN1



---------------------------------------------------------------------------------------------------
From Clock:  clk_out1_clk_wiz_0_1
  To Clock:  clk_out1_clk_wiz_0_1

Setup :            0  Failing Endpoints,  Worst Slack       11.370ns,  Total Violation        0.000ns
Hold  :            0  Failing Endpoints,  Worst Slack        0.163ns,  Total Violation        0.000ns
PW    :            0  Failing Endpoints,  Worst Slack       18.750ns,  Total Violation        0.000ns
---------------------------------------------------------------------------------------------------


Max Delay Paths
--------------------------------------------------------------------------------------
Slack (MET) :             11.370ns  (required time - arrival time)
  Source:                 drawer/clear_counter_reg[8]/C
                            (rising edge-triggered cell FDCE clocked by clk_out1_clk_wiz_0_1  {rise@0.000ns fall@20.000ns period=40.000ns})
  Destination:            canvas_fb/memory_reg_42752_42879_0_0/DP.HIGH/WE
                            (rising edge-triggered cell RAMD64E clocked by clk_out1_clk_wiz_0_1  {rise@0.000ns fall@20.000ns period=40.000ns})
  Path Group:             clk_out1_clk_wiz_0_1
  Path Type:              Setup (Max at Slow Process Corner)
  Requirement:            40.000ns  (clk_out1_clk_wiz_0_1 rise@40.000ns - clk_out1_clk_wiz_0_1 rise@0.000ns)
  Data Path Delay:        27.801ns  (logic 10.242ns (36.841%)  route 17.559ns (63.159%))
  Logic Levels:           30  (CARRY4=12 LUT2=4 LUT3=5 LUT4=4 LUT6=5)
  Clock Path Skew:        -0.205ns (DCD - SCD + CPR)
    Destination Clock Delay (DCD):    -1.583ns = ( 38.417 - 40.000 ) 
    Source Clock Delay      (SCD):    -0.896ns
    Clock Pessimism Removal (CPR):    0.482ns
  Clock Uncertainty:      0.091ns  ((TSJ^2 + DJ^2)^1/2) / 2 + PE
    Total System Jitter     (TSJ):    0.071ns
    Discrete Jitter          (DJ):    0.168ns
    Phase Error              (PE):    0.000ns

    Location             Delay type                Incr(ns)  Path(ns)    Netlist Resource(s)
  -------------------------------------------------------------------    -------------------
                         (clock clk_out1_clk_wiz_0_1 rise edge)
                                                      0.000     0.000 r  
    N15                                               0.000     0.000 r  clk_100mhz (IN)
                         net (fo=0)                   0.000     0.000    clk_gen/inst/clk_in1
    N15                  IBUF (Prop_ibuf_I_O)         1.440     1.440 r  clk_gen/inst/clkin1_ibufg/O
                         net (fo=1, routed)           1.233     2.673    clk_gen/inst/clk_in1_clk_wiz_0
    MMCME2_ADV_X0Y0      MMCME2_ADV (Prop_mmcme2_adv_CLKIN1_CLKOUT0)
                                                     -6.965    -4.291 r  clk_gen/inst/mmcm_adv_inst/CLKOUT0
                         net (fo=1, routed)           1.666    -2.625    clk_gen/inst/clk_out1_clk_wiz_0
    BUFGCTRL_X0Y0        BUFG (Prop_bufg_I_O)         0.096    -2.529 r  clk_gen/inst/clkout1_buf/O
                         net (fo=2798, routed)        1.633    -0.896    drawer/clk_out1
    SLICE_X7Y9           FDCE                                         r  drawer/clear_counter_reg[8]/C
  -------------------------------------------------------------------    -------------------
    SLICE_X7Y9           FDCE (Prop_fdce_C_Q)         0.419    -0.477 r  drawer/clear_counter_reg[8]/Q
                         net (fo=24, routed)          1.591     1.114    drawer/clear_counter_reg_n_0_[8]
    SLICE_X9Y13          LUT3 (Prop_lut3_I0_O)        0.324     1.438 r  drawer/canvas_y0_carry__2_i_4/O
                         net (fo=4, routed)           0.817     2.255    drawer/canvas_y0_carry__2_i_4_n_0
    SLICE_X5Y12          LUT4 (Prop_lut4_I0_O)        0.332     2.587 r  drawer/canvas_y0_carry__2_i_8/O
                         net (fo=1, routed)           0.000     2.587    drawer/canvas_y0_carry__2_i_8_n_0
    SLICE_X5Y12          CARRY4 (Prop_carry4_S[0]_CO[3])
                                                      0.532     3.119 r  drawer/canvas_y0_carry__2/CO[3]
                         net (fo=1, routed)           0.000     3.119    drawer/canvas_y0_carry__2_n_0
    SLICE_X5Y13          CARRY4 (Prop_carry4_CI_O[0])
                                                      0.222     3.341 r  drawer/canvas_y0_carry__3/O[0]
                         net (fo=2, routed)           0.833     4.174    drawer/canvas_y0_carry__3_n_7
    SLICE_X3Y13          LUT3 (Prop_lut3_I0_O)        0.327     4.501 r  drawer/canvas_y0__36_carry__2_i_3/O
                         net (fo=2, routed)           0.497     4.998    drawer/canvas_y0__36_carry__2_i_3_n_0
    SLICE_X4Y13          LUT4 (Prop_lut4_I3_O)        0.326     5.324 r  drawer/canvas_y0__36_carry__2_i_7/O
                         net (fo=1, routed)           0.000     5.324    drawer/canvas_y0__36_carry__2_i_7_n_0
    SLICE_X4Y13          CARRY4 (Prop_carry4_S[1]_CO[3])
                                                      0.550     5.874 r  drawer/canvas_y0__36_carry__2/CO[3]
                         net (fo=1, routed)           0.000     5.874    drawer/canvas_y0__36_carry__2_n_0
    SLICE_X4Y14          CARRY4 (Prop_carry4_CI_O[0])
                                                      0.222     6.096 f  drawer/canvas_y0__36_carry__3/O[0]
                         net (fo=13, routed)          0.653     6.749    drawer/canvas_y0__36_carry__3_n_7
    SLICE_X5Y15          LUT3 (Prop_lut3_I1_O)        0.299     7.048 r  drawer/canvas_y0__80_carry__0_i_1/O
                         net (fo=2, routed)           0.443     7.491    drawer/canvas_y0__80_carry__0_i_1_n_0
    SLICE_X7Y13          LUT4 (Prop_lut4_I3_O)        0.124     7.615 r  drawer/canvas_y0__80_carry__0_i_3/O
                         net (fo=1, routed)           0.000     7.615    drawer/canvas_y0__80_carry__0_i_3_n_0
    SLICE_X7Y13          CARRY4 (Prop_carry4_S[3]_CO[3])
                                                      0.401     8.016 r  drawer/canvas_y0__80_carry__0/CO[3]
                         net (fo=1, routed)           0.000     8.016    drawer/canvas_y0__80_carry__0_n_0
    SLICE_X7Y14          CARRY4 (Prop_carry4_CI_O[1])
                                                      0.334     8.350 r  drawer/canvas_y0__80_carry__1/O[1]
                         net (fo=3, routed)           0.844     9.194    drawer/canvas_y0__80_carry__1_n_6
    SLICE_X8Y13          LUT4 (Prop_lut4_I1_O)        0.303     9.497 r  drawer/canvas_y0__118_carry__1_i_7/O
                         net (fo=1, routed)           0.000     9.497    drawer/canvas_y0__118_carry__1_i_7_n_0
    SLICE_X8Y13          CARRY4 (Prop_carry4_S[1]_CO[3])
                                                      0.533    10.030 r  drawer/canvas_y0__118_carry__1/CO[3]
                         net (fo=1, routed)           0.000    10.030    drawer/canvas_y0__118_carry__1_n_0
    SLICE_X8Y14          CARRY4 (Prop_carry4_CI_CO[0])
                                                      0.254    10.284 r  drawer/canvas_y0__118_carry__2/CO[0]
                         net (fo=2, routed)           0.781    11.065    drawer/canvas_y0__118_carry__2_n_3
    SLICE_X3Y14          LUT3 (Prop_lut3_I1_O)        0.361    11.426 f  drawer/memory_reg_0_127_0_0_i_59/O
                         net (fo=8, routed)           0.347    11.773    drawer/memory_reg_0_127_0_0_i_59_n_0
    SLICE_X0Y15          LUT6 (Prop_lut6_I5_O)        0.326    12.099 r  drawer/memory_reg_0_127_0_0_i_71/O
                         net (fo=3, routed)           0.829    12.928    drawer/memory_reg_0_127_0_0_i_71_n_0
    SLICE_X5Y15          LUT3 (Prop_lut3_I2_O)        0.152    13.080 r  drawer/memory_reg_128_255_0_0_i_27/O
                         net (fo=1, routed)           0.429    13.508    drawer/memory_reg_128_255_0_0_i_27_n_0
    SLICE_X7Y16          LUT6 (Prop_lut6_I2_O)        0.326    13.834 r  drawer/memory_reg_128_255_0_0_i_17/O
                         net (fo=5, routed)           0.329    14.164    drawer/fb_write_y[7]
    SLICE_X4Y16          LUT2 (Prop_lut2_I1_O)        0.124    14.288 r  drawer/memory_reg_128_255_0_0_i_22/O
                         net (fo=1, routed)           0.000    14.288    drawer/memory_reg_128_255_0_0_i_22_n_0
    SLICE_X4Y16          CARRY4 (Prop_carry4_S[3]_CO[3])
                                                      0.401    14.689 r  drawer/memory_reg_128_255_0_0_i_11/CO[3]
                         net (fo=1, routed)           0.000    14.689    drawer/memory_reg_128_255_0_0_i_11_n_0
    SLICE_X4Y17          CARRY4 (Prop_carry4_CI_O[0])
                                                      0.222    14.911 r  drawer/memory_reg_0_127_0_0_i_51/O[0]
                         net (fo=2, routed)           0.637    15.548    drawer/memory_reg_0_127_0_0_i_51_n_7
    SLICE_X5Y17          LUT2 (Prop_lut2_I0_O)        0.299    15.847 r  drawer/memory_reg_0_127_0_0_i_55/O
                         net (fo=1, routed)           0.000    15.847    drawer/memory_reg_0_127_0_0_i_55_n_0
    SLICE_X5Y17          CARRY4 (Prop_carry4_S[0]_O[1])
                                                      0.424    16.271 r  drawer/memory_reg_0_127_0_0_i_32/O[1]
                         net (fo=1, routed)           0.560    16.831    drawer/memory_reg_0_127_0_0_i_32_n_6
    SLICE_X3Y17          CARRY4 (Prop_carry4_S[1]_O[2])
                                                      0.883    17.714 f  drawer/memory_reg_0_127_0_0_i_19/O[2]
                         net (fo=273, routed)         2.327    20.041    canvas_fb/write_addr[10]
    SLICE_X36Y18         LUT2 (Prop_lut2_I1_O)        0.328    20.369 f  canvas_fb/memory_reg_0_127_0_0_i_49/O
                         net (fo=1, routed)           0.758    21.127    canvas_fb/memory_reg_0_127_0_0_i_49_n_0
    SLICE_X31Y20         LUT6 (Prop_lut6_I5_O)        0.326    21.453 r  canvas_fb/memory_reg_0_127_0_0_i_31/O
                         net (fo=3, routed)           0.554    22.007    canvas_fb/memory_reg_0_127_0_0_i_31_n_0
    SLICE_X29Y25         LUT6 (Prop_lut6_I3_O)        0.124    22.131 r  canvas_fb/memory_reg_25472_25599_0_0_i_4/O
                         net (fo=70, routed)          1.057    23.188    drawer/memory_reg_25472_25599_0_0
    SLICE_X31Y13         LUT2 (Prop_lut2_I0_O)        0.118    23.306 f  drawer/memory_reg_41856_41983_0_0_i_2/O
                         net (fo=23, routed)          2.069    25.375    drawer/memory_reg_41856_41983_0_0_i_2_n_0
    SLICE_X31Y44         LUT6 (Prop_lut6_I5_O)        0.326    25.701 r  drawer/memory_reg_42752_42879_0_0_i_1/O
                         net (fo=4, routed)           1.204    26.905    canvas_fb/memory_reg_42752_42879_0_0/WE
    SLICE_X30Y65         RAMD64E                                      r  canvas_fb/memory_reg_42752_42879_0_0/DP.HIGH/WE
  -------------------------------------------------------------------    -------------------

                         (clock clk_out1_clk_wiz_0_1 rise edge)
                                                     40.000    40.000 r  
    N15                                               0.000    40.000 r  clk_100mhz (IN)
                         net (fo=0)                   0.000    40.000    clk_gen/inst/clk_in1
    N15                  IBUF (Prop_ibuf_I_O)         1.370    41.370 r  clk_gen/inst/clkin1_ibufg/O
                         net (fo=1, routed)           1.162    42.532    clk_gen/inst/clk_in1_clk_wiz_0
    MMCME2_ADV_X0Y0      MMCME2_ADV (Prop_mmcme2_adv_CLKIN1_CLKOUT0)
                                                     -7.221    35.311 r  clk_gen/inst/mmcm_adv_inst/CLKOUT0
                         net (fo=1, routed)           1.587    36.898    clk_gen/inst/clk_out1_clk_wiz_0
    BUFGCTRL_X0Y0        BUFG (Prop_bufg_I_O)         0.091    36.989 r  clk_gen/inst/clkout1_buf/O
                         net (fo=2798, routed)        1.429    38.417    canvas_fb/memory_reg_42752_42879_0_0/WCLK
    SLICE_X30Y65         RAMD64E                                      r  canvas_fb/memory_reg_42752_42879_0_0/DP.HIGH/CLK
                         clock pessimism              0.482    38.900    
                         clock uncertainty           -0.091    38.809    
    SLICE_X30Y65         RAMD64E (Setup_ramd64e_CLK_WE)
                                                     -0.533    38.276    canvas_fb/memory_reg_42752_42879_0_0/DP.HIGH
  -------------------------------------------------------------------
                         required time                         38.276    
                         arrival time                         -26.905    
  -------------------------------------------------------------------
                         slack                                 11.370    

Slack (MET) :             11.370ns  (required time - arrival time)
  Source:                 drawer/clear_counter_reg[8]/C
                            (rising edge-triggered cell FDCE clocked by clk_out1_clk_wiz_0_1  {rise@0.000ns fall@20.000ns period=40.000ns})
  Destination:            canvas_fb/memory_reg_42752_42879_0_0/DP.LOW/WE
                            (rising edge-triggered cell RAMD64E clocked by clk_out1_clk_wiz_0_1  {rise@0.000ns fall@20.000ns period=40.000ns})
  Path Group:             clk_out1_clk_wiz_0_1
  Path Type:              Setup (Max at Slow Process Corner)
  Requirement:            40.000ns  (clk_out1_clk_wiz_0_1 rise@40.000ns - clk_out1_clk_wiz_0_1 rise@0.000ns)
  Data Path Delay:        27.801ns  (logic 10.242ns (36.841%)  route 17.559ns (63.159%))
  Logic Levels:           30  (CARRY4=12 LUT2=4 LUT3=5 LUT4=4 LUT6=5)
  Clock Path Skew:        -0.205ns (DCD - SCD + CPR)
    Destination Clock Delay (DCD):    -1.583ns = ( 38.417 - 40.000 ) 
    Source Clock Delay      (SCD):    -0.896ns
    Clock Pessimism Removal (CPR):    0.482ns
  Clock Uncertainty:      0.091ns  ((TSJ^2 + DJ^2)^1/2) / 2 + PE
    Total System Jitter     (TSJ):    0.071ns
    Discrete Jitter          (DJ):    0.168ns
    Phase Error              (PE):    0.000ns

    Location             Delay type                Incr(ns)  Path(ns)    Netlist Resource(s)
  -------------------------------------------------------------------    -------------------
                         (clock clk_out1_clk_wiz_0_1 rise edge)
                                                      0.000     0.000 r  
    N15                                               0.000     0.000 r  clk_100mhz (IN)
                         net (fo=0)                   0.000     0.000    clk_gen/inst/clk_in1
    N15                  IBUF (Prop_ibuf_I_O)         1.440     1.440 r  clk_gen/inst/clkin1_ibufg/O
                         net (fo=1, routed)           1.233     2.673    clk_gen/inst/clk_in1_clk_wiz_0
    MMCME2_ADV_X0Y0      MMCME2_ADV (Prop_mmcme2_adv_CLKIN1_CLKOUT0)
                                                     -6.965    -4.291 r  clk_gen/inst/mmcm_adv_inst/CLKOUT0
                         net (fo=1, routed)           1.666    -2.625    clk_gen/inst/clk_out1_clk_wiz_0
    BUFGCTRL_X0Y0        BUFG (Prop_bufg_I_O)         0.096    -2.529 r  clk_gen/inst/clkout1_buf/O
                         net (fo=2798, routed)        1.633    -0.896    drawer/clk_out1
    SLICE_X7Y9           FDCE                                         r  drawer/clear_counter_reg[8]/C
  -------------------------------------------------------------------    -------------------
    SLICE_X7Y9           FDCE (Prop_fdce_C_Q)         0.419    -0.477 r  drawer/clear_counter_reg[8]/Q
                         net (fo=24, routed)          1.591     1.114    drawer/clear_counter_reg_n_0_[8]
    SLICE_X9Y13          LUT3 (Prop_lut3_I0_O)        0.324     1.438 r  drawer/canvas_y0_carry__2_i_4/O
                         net (fo=4, routed)           0.817     2.255    drawer/canvas_y0_carry__2_i_4_n_0
    SLICE_X5Y12          LUT4 (Prop_lut4_I0_O)        0.332     2.587 r  drawer/canvas_y0_carry__2_i_8/O
                         net (fo=1, routed)           0.000     2.587    drawer/canvas_y0_carry__2_i_8_n_0
    SLICE_X5Y12          CARRY4 (Prop_carry4_S[0]_CO[3])
                                                      0.532     3.119 r  drawer/canvas_y0_carry__2/CO[3]
                         net (fo=1, routed)           0.000     3.119    drawer/canvas_y0_carry__2_n_0
    SLICE_X5Y13          CARRY4 (Prop_carry4_CI_O[0])
                                                      0.222     3.341 r  drawer/canvas_y0_carry__3/O[0]
                         net (fo=2, routed)           0.833     4.174    drawer/canvas_y0_carry__3_n_7
    SLICE_X3Y13          LUT3 (Prop_lut3_I0_O)        0.327     4.501 r  drawer/canvas_y0__36_carry__2_i_3/O
                         net (fo=2, routed)           0.497     4.998    drawer/canvas_y0__36_carry__2_i_3_n_0
    SLICE_X4Y13          LUT4 (Prop_lut4_I3_O)        0.326     5.324 r  drawer/canvas_y0__36_carry__2_i_7/O
                         net (fo=1, routed)           0.000     5.324    drawer/canvas_y0__36_carry__2_i_7_n_0
    SLICE_X4Y13          CARRY4 (Prop_carry4_S[1]_CO[3])
                                                      0.550     5.874 r  drawer/canvas_y0__36_carry__2/CO[3]
                         net (fo=1, routed)           0.000     5.874    drawer/canvas_y0__36_carry__2_n_0
    SLICE_X4Y14          CARRY4 (Prop_carry4_CI_O[0])
                                                      0.222     6.096 f  drawer/canvas_y0__36_carry__3/O[0]
                         net (fo=13, routed)          0.653     6.749    drawer/canvas_y0__36_carry__3_n_7
    SLICE_X5Y15          LUT3 (Prop_lut3_I1_O)        0.299     7.048 r  drawer/canvas_y0__80_carry__0_i_1/O
                         net (fo=2, routed)           0.443     7.491    drawer/canvas_y0__80_carry__0_i_1_n_0
    SLICE_X7Y13          LUT4 (Prop_lut4_I3_O)        0.124     7.615 r  drawer/canvas_y0__80_carry__0_i_3/O
                         net (fo=1, routed)           0.000     7.615    drawer/canvas_y0__80_carry__0_i_3_n_0
    SLICE_X7Y13          CARRY4 (Prop_carry4_S[3]_CO[3])
                                                      0.401     8.016 r  drawer/canvas_y0__80_carry__0/CO[3]
                         net (fo=1, routed)           0.000     8.016    drawer/canvas_y0__80_carry__0_n_0
    SLICE_X7Y14          CARRY4 (Prop_carry4_CI_O[1])
                                                      0.334     8.350 r  drawer/canvas_y0__80_carry__1/O[1]
                         net (fo=3, routed)           0.844     9.194    drawer/canvas_y0__80_carry__1_n_6
    SLICE_X8Y13          LUT4 (Prop_lut4_I1_O)        0.303     9.497 r  drawer/canvas_y0__118_carry__1_i_7/O
                         net (fo=1, routed)           0.000     9.497    drawer/canvas_y0__118_carry__1_i_7_n_0
    SLICE_X8Y13          CARRY4 (Prop_carry4_S[1]_CO[3])
                                                      0.533    10.030 r  drawer/canvas_y0__118_carry__1/CO[3]
                         net (fo=1, routed)           0.000    10.030    drawer/canvas_y0__118_carry__1_n_0
    SLICE_X8Y14          CARRY4 (Prop_carry4_CI_CO[0])
                                                      0.254    10.284 r  drawer/canvas_y0__118_carry__2/CO[0]
                         net (fo=2, routed)           0.781    11.065    drawer/canvas_y0__118_carry__2_n_3
    SLICE_X3Y14          LUT3 (Prop_lut3_I1_O)        0.361    11.426 f  drawer/memory_reg_0_127_0_0_i_59/O
                         net (fo=8, routed)           0.347    11.773    drawer/memory_reg_0_127_0_0_i_59_n_0
    SLICE_X0Y15          LUT6 (Prop_lut6_I5_O)        0.326    12.099 r  drawer/memory_reg_0_127_0_0_i_71/O
                         net (fo=3, routed)           0.829    12.928    drawer/memory_reg_0_127_0_0_i_71_n_0
    SLICE_X5Y15          LUT3 (Prop_lut3_I2_O)        0.152    13.080 r  drawer/memory_reg_128_255_0_0_i_27/O
                         net (fo=1, routed)           0.429    13.508    drawer/memory_reg_128_255_0_0_i_27_n_0
    SLICE_X7Y16          LUT6 (Prop_lut6_I2_O)        0.326    13.834 r  drawer/memory_reg_128_255_0_0_i_17/O
                         net (fo=5, routed)           0.329    14.164    drawer/fb_write_y[7]
    SLICE_X4Y16          LUT2 (Prop_lut2_I1_O)        0.124    14.288 r  drawer/memory_reg_128_255_0_0_i_22/O
                         net (fo=1, routed)           0.000    14.288    drawer/memory_reg_128_255_0_0_i_22_n_0
    SLICE_X4Y16          CARRY4 (Prop_carry4_S[3]_CO[3])
                                                      0.401    14.689 r  drawer/memory_reg_128_255_0_0_i_11/CO[3]
                         net (fo=1, routed)           0.000    14.689    drawer/memory_reg_128_255_0_0_i_11_n_0
    SLICE_X4Y17          CARRY4 (Prop_carry4_CI_O[0])
                                                      0.222    14.911 r  drawer/memory_reg_0_127_0_0_i_51/O[0]
                         net (fo=2, routed)           0.637    15.548    drawer/memory_reg_0_127_0_0_i_51_n_7
    SLICE_X5Y17          LUT2 (Prop_lut2_I0_O)        0.299    15.847 r  drawer/memory_reg_0_127_0_0_i_55/O
                         net (fo=1, routed)           0.000    15.847    drawer/memory_reg_0_127_0_0_i_55_n_0
    SLICE_X5Y17          CARRY4 (Prop_carry4_S[0]_O[1])
                                                      0.424    16.271 r  drawer/memory_reg_0_127_0_0_i_32/O[1]
                         net (fo=1, routed)           0.560    16.831    drawer/memory_reg_0_127_0_0_i_32_n_6
    SLICE_X3Y17          CARRY4 (Prop_carry4_S[1]_O[2])
                                                      0.883    17.714 f  drawer/memory_reg_0_127_0_0_i_19/O[2]
                         net (fo=273, routed)         2.327    20.041    canvas_fb/write_addr[10]
    SLICE_X36Y18         LUT2 (Prop_lut2_I1_O)        0.328    20.369 f  canvas_fb/memory_reg_0_127_0_0_i_49/O
                         net (fo=1, routed)           0.758    21.127    canvas_fb/memory_reg_0_127_0_0_i_49_n_0
    SLICE_X31Y20         LUT6 (Prop_lut6_I5_O)        0.326    21.453 r  canvas_fb/memory_reg_0_127_0_0_i_31/O
                         net (fo=3, routed)           0.554    22.007    canvas_fb/memory_reg_0_127_0_0_i_31_n_0
    SLICE_X29Y25         LUT6 (Prop_lut6_I3_O)        0.124    22.131 r  canvas_fb/memory_reg_25472_25599_0_0_i_4/O
                         net (fo=70, routed)          1.057    23.188    drawer/memory_reg_25472_25599_0_0
    SLICE_X31Y13         LUT2 (Prop_lut2_I0_O)        0.118    23.306 f  drawer/memory_reg_41856_41983_0_0_i_2/O
                         net (fo=23, routed)          2.069    25.375    drawer/memory_reg_41856_41983_0_0_i_2_n_0
    SLICE_X31Y44         LUT6 (Prop_lut6_I5_O)        0.326    25.701 r  drawer/memory_reg_42752_42879_0_0_i_1/O
                         net (fo=4, routed)           1.204    26.905    canvas_fb/memory_reg_42752_42879_0_0/WE
    SLICE_X30Y65         RAMD64E                                      r  canvas_fb/memory_reg_42752_42879_0_0/DP.LOW/WE
  -------------------------------------------------------------------    -------------------

                         (clock clk_out1_clk_wiz_0_1 rise edge)
                                                     40.000    40.000 r  
    N15                                               0.000    40.000 r  clk_100mhz (IN)
                         net (fo=0)                   0.000    40.000    clk_gen/inst/clk_in1
    N15                  IBUF (Prop_ibuf_I_O)         1.370    41.370 r  clk_gen/inst/clkin1_ibufg/O
                         net (fo=1, routed)           1.162    42.532    clk_gen/inst/clk_in1_clk_wiz_0
    MMCME2_ADV_X0Y0      MMCME2_ADV (Prop_mmcme2_adv_CLKIN1_CLKOUT0)
                                                     -7.221    35.311 r  clk_gen/inst/mmcm_adv_inst/CLKOUT0
                         net (fo=1, routed)           1.587    36.898    clk_gen/inst/clk_out1_clk_wiz_0
    BUFGCTRL_X0Y0        BUFG (Prop_bufg_I_O)         0.091    36.989 r  clk_gen/inst/clkout1_buf/O
                         net (fo=2798, routed)        1.429    38.417    canvas_fb/memory_reg_42752_42879_0_0/WCLK
    SLICE_X30Y65         RAMD64E                                      r  canvas_fb/memory_reg_42752_42879_0_0/DP.LOW/CLK
                         clock pessimism              0.482    38.900    
                         clock uncertainty           -0.091    38.809    
    SLICE_X30Y65         RAMD64E (Setup_ramd64e_CLK_WE)
                                                     -0.533    38.276    canvas_fb/memory_reg_42752_42879_0_0/DP.LOW
  -------------------------------------------------------------------
                         required time                         38.276    
                         arrival time                         -26.905    
  -------------------------------------------------------------------
                         slack                                 11.370    

Slack (MET) :             11.370ns  (required time - arrival time)
  Source:                 drawer/clear_counter_reg[8]/C
                            (rising edge-triggered cell FDCE clocked by clk_out1_clk_wiz_0_1  {rise@0.000ns fall@20.000ns period=40.000ns})
  Destination:            canvas_fb/memory_reg_42752_42879_0_0/SP.HIGH/WE
                            (rising edge-triggered cell RAMD64E clocked by clk_out1_clk_wiz_0_1  {rise@0.000ns fall@20.000ns period=40.000ns})
  Path Group:             clk_out1_clk_wiz_0_1
  Path Type:              Setup (Max at Slow Process Corner)
  Requirement:            40.000ns  (clk_out1_clk_wiz_0_1 rise@40.000ns - clk_out1_clk_wiz_0_1 rise@0.000ns)
  Data Path Delay:        27.801ns  (logic 10.242ns (36.841%)  route 17.559ns (63.159%))
  Logic Levels:           30  (CARRY4=12 LUT2=4 LUT3=5 LUT4=4 LUT6=5)
  Clock Path Skew:        -0.205ns (DCD - SCD + CPR)
    Destination Clock Delay (DCD):    -1.583ns = ( 38.417 - 40.000 ) 
    Source Clock Delay      (SCD):    -0.896ns
    Clock Pessimism Removal (CPR):    0.482ns
  Clock Uncertainty:      0.091ns  ((TSJ^2 + DJ^2)^1/2) / 2 + PE
    Total System Jitter     (TSJ):    0.071ns
    Discrete Jitter          (DJ):    0.168ns
    Phase Error              (PE):    0.000ns

    Location             Delay type                Incr(ns)  Path(ns)    Netlist Resource(s)
  -------------------------------------------------------------------    -------------------
                         (clock clk_out1_clk_wiz_0_1 rise edge)
                                                      0.000     0.000 r  
    N15                                               0.000     0.000 r  clk_100mhz (IN)
                         net (fo=0)                   0.000     0.000    clk_gen/inst/clk_in1
    N15                  IBUF (Prop_ibuf_I_O)         1.440     1.440 r  clk_gen/inst/clkin1_ibufg/O
                         net (fo=1, routed)           1.233     2.673    clk_gen/inst/clk_in1_clk_wiz_0
    MMCME2_ADV_X0Y0      MMCME2_ADV (Prop_mmcme2_adv_CLKIN1_CLKOUT0)
                                                     -6.965    -4.291 r  clk_gen/inst/mmcm_adv_inst/CLKOUT0
                         net (fo=1, routed)           1.666    -2.625    clk_gen/inst/clk_out1_clk_wiz_0
    BUFGCTRL_X0Y0        BUFG (Prop_bufg_I_O)         0.096    -2.529 r  clk_gen/inst/clkout1_buf/O
                         net (fo=2798, routed)        1.633    -0.896    drawer/clk_out1
    SLICE_X7Y9           FDCE                                         r  drawer/clear_counter_reg[8]/C
  -------------------------------------------------------------------    -------------------
    SLICE_X7Y9           FDCE (Prop_fdce_C_Q)         0.419    -0.477 r  drawer/clear_counter_reg[8]/Q
                         net (fo=24, routed)          1.591     1.114    drawer/clear_counter_reg_n_0_[8]
    SLICE_X9Y13          LUT3 (Prop_lut3_I0_O)        0.324     1.438 r  drawer/canvas_y0_carry__2_i_4/O
                         net (fo=4, routed)           0.817     2.255    drawer/canvas_y0_carry__2_i_4_n_0
    SLICE_X5Y12          LUT4 (Prop_lut4_I0_O)        0.332     2.587 r  drawer/canvas_y0_carry__2_i_8/O
                         net (fo=1, routed)           0.000     2.587    drawer/canvas_y0_carry__2_i_8_n_0
    SLICE_X5Y12          CARRY4 (Prop_carry4_S[0]_CO[3])
                                                      0.532     3.119 r  drawer/canvas_y0_carry__2/CO[3]
                         net (fo=1, routed)           0.000     3.119    drawer/canvas_y0_carry__2_n_0
    SLICE_X5Y13          CARRY4 (Prop_carry4_CI_O[0])
                                                      0.222     3.341 r  drawer/canvas_y0_carry__3/O[0]
                         net (fo=2, routed)           0.833     4.174    drawer/canvas_y0_carry__3_n_7
    SLICE_X3Y13          LUT3 (Prop_lut3_I0_O)        0.327     4.501 r  drawer/canvas_y0__36_carry__2_i_3/O
                         net (fo=2, routed)           0.497     4.998    drawer/canvas_y0__36_carry__2_i_3_n_0
    SLICE_X4Y13          LUT4 (Prop_lut4_I3_O)        0.326     5.324 r  drawer/canvas_y0__36_carry__2_i_7/O
                         net (fo=1, routed)           0.000     5.324    drawer/canvas_y0__36_carry__2_i_7_n_0
    SLICE_X4Y13          CARRY4 (Prop_carry4_S[1]_CO[3])
                                                      0.550     5.874 r  drawer/canvas_y0__36_carry__2/CO[3]
                         net (fo=1, routed)           0.000     5.874    drawer/canvas_y0__36_carry__2_n_0
    SLICE_X4Y14          CARRY4 (Prop_carry4_CI_O[0])
                                                      0.222     6.096 f  drawer/canvas_y0__36_carry__3/O[0]
                         net (fo=13, routed)          0.653     6.749    drawer/canvas_y0__36_carry__3_n_7
    SLICE_X5Y15          LUT3 (Prop_lut3_I1_O)        0.299     7.048 r  drawer/canvas_y0__80_carry__0_i_1/O
                         net (fo=2, routed)           0.443     7.491    drawer/canvas_y0__80_carry__0_i_1_n_0
    SLICE_X7Y13          LUT4 (Prop_lut4_I3_O)        0.124     7.615 r  drawer/canvas_y0__80_carry__0_i_3/O
                         net (fo=1, routed)           0.000     7.615    drawer/canvas_y0__80_carry__0_i_3_n_0
    SLICE_X7Y13          CARRY4 (Prop_carry4_S[3]_CO[3])
                                                      0.401     8.016 r  drawer/canvas_y0__80_carry__0/CO[3]
                         net (fo=1, routed)           0.000     8.016    drawer/canvas_y0__80_carry__0_n_0
    SLICE_X7Y14          CARRY4 (Prop_carry4_CI_O[1])
                                                      0.334     8.350 r  drawer/canvas_y0__80_carry__1/O[1]
                         net (fo=3, routed)           0.844     9.194    drawer/canvas_y0__80_carry__1_n_6
    SLICE_X8Y13          LUT4 (Prop_lut4_I1_O)        0.303     9.497 r  drawer/canvas_y0__118_carry__1_i_7/O
                         net (fo=1, routed)           0.000     9.497    drawer/canvas_y0__118_carry__1_i_7_n_0
    SLICE_X8Y13          CARRY4 (Prop_carry4_S[1]_CO[3])
                                                      0.533    10.030 r  drawer/canvas_y0__118_carry__1/CO[3]
                         net (fo=1, routed)           0.000    10.030    drawer/canvas_y0__118_carry__1_n_0
    SLICE_X8Y14          CARRY4 (Prop_carry4_CI_CO[0])
                                                      0.254    10.284 r  drawer/canvas_y0__118_carry__2/CO[0]
                         net (fo=2, routed)           0.781    11.065    drawer/canvas_y0__118_carry__2_n_3
    SLICE_X3Y14          LUT3 (Prop_lut3_I1_O)        0.361    11.426 f  drawer/memory_reg_0_127_0_0_i_59/O
                         net (fo=8, routed)           0.347    11.773    drawer/memory_reg_0_127_0_0_i_59_n_0
    SLICE_X0Y15          LUT6 (Prop_lut6_I5_O)        0.326    12.099 r  drawer/memory_reg_0_127_0_0_i_71/O
                         net (fo=3, routed)           0.829    12.928    drawer/memory_reg_0_127_0_0_i_71_n_0
    SLICE_X5Y15          LUT3 (Prop_lut3_I2_O)        0.152    13.080 r  drawer/memory_reg_128_255_0_0_i_27/O
                         net (fo=1, routed)           0.429    13.508    drawer/memory_reg_128_255_0_0_i_27_n_0
    SLICE_X7Y16          LUT6 (Prop_lut6_I2_O)        0.326    13.834 r  drawer/memory_reg_128_255_0_0_i_17/O
                         net (fo=5, routed)           0.329    14.164    drawer/fb_write_y[7]
    SLICE_X4Y16          LUT2 (Prop_lut2_I1_O)        0.124    14.288 r  drawer/memory_reg_128_255_0_0_i_22/O
                         net (fo=1, routed)           0.000    14.288    drawer/memory_reg_128_255_0_0_i_22_n_0
    SLICE_X4Y16          CARRY4 (Prop_carry4_S[3]_CO[3])
                                                      0.401    14.689 r  drawer/memory_reg_128_255_0_0_i_11/CO[3]
                         net (fo=1, routed)           0.000    14.689    drawer/memory_reg_128_255_0_0_i_11_n_0
    SLICE_X4Y17          CARRY4 (Prop_carry4_CI_O[0])
                                                      0.222    14.911 r  drawer/memory_reg_0_127_0_0_i_51/O[0]
                         net (fo=2, routed)           0.637    15.548    drawer/memory_reg_0_127_0_0_i_51_n_7
    SLICE_X5Y17          LUT2 (Prop_lut2_I0_O)        0.299    15.847 r  drawer/memory_reg_0_127_0_0_i_55/O
                         net (fo=1, routed)           0.000    15.847    drawer/memory_reg_0_127_0_0_i_55_n_0
    SLICE_X5Y17          CARRY4 (Prop_carry4_S[0]_O[1])
                                                      0.424    16.271 r  drawer/memory_reg_0_127_0_0_i_32/O[1]
                         net (fo=1, routed)           0.560    16.831    drawer/memory_reg_0_127_0_0_i_32_n_6
    SLICE_X3Y17          CARRY4 (Prop_carry4_S[1]_O[2])
                                                      0.883    17.714 f  drawer/memory_reg_0_127_0_0_i_19/O[2]
                         net (fo=273, routed)         2.327    20.041    canvas_fb/write_addr[10]
    SLICE_X36Y18         LUT2 (Prop_lut2_I1_O)        0.328    20.369 f  canvas_fb/memory_reg_0_127_0_0_i_49/O
                         net (fo=1, routed)           0.758    21.127    canvas_fb/memory_reg_0_127_0_0_i_49_n_0
    SLICE_X31Y20         LUT6 (Prop_lut6_I5_O)        0.326    21.453 r  canvas_fb/memory_reg_0_127_0_0_i_31/O
                         net (fo=3, routed)           0.554    22.007    canvas_fb/memory_reg_0_127_0_0_i_31_n_0
    SLICE_X29Y25         LUT6 (Prop_lut6_I3_O)        0.124    22.131 r  canvas_fb/memory_reg_25472_25599_0_0_i_4/O
                         net (fo=70, routed)          1.057    23.188    drawer/memory_reg_25472_25599_0_0
    SLICE_X31Y13         LUT2 (Prop_lut2_I0_O)        0.118    23.306 f  drawer/memory_reg_41856_41983_0_0_i_2/O
                         net (fo=23, routed)          2.069    25.375    drawer/memory_reg_41856_41983_0_0_i_2_n_0
    SLICE_X31Y44         LUT6 (Prop_lut6_I5_O)        0.326    25.701 r  drawer/memory_reg_42752_42879_0_0_i_1/O
                         net (fo=4, routed)           1.204    26.905    canvas_fb/memory_reg_42752_42879_0_0/WE
    SLICE_X30Y65         RAMD64E                                      r  canvas_fb/memory_reg_42752_42879_0_0/SP.HIGH/WE
  -------------------------------------------------------------------    -------------------

                         (clock clk_out1_clk_wiz_0_1 rise edge)
                                                     40.000    40.000 r  
    N15                                               0.000    40.000 r  clk_100mhz (IN)
                         net (fo=0)                   0.000    40.000    clk_gen/inst/clk_in1
    N15                  IBUF (Prop_ibuf_I_O)         1.370    41.370 r  clk_gen/inst/clkin1_ibufg/O
                         net (fo=1, routed)           1.162    42.532    clk_gen/inst/clk_in1_clk_wiz_0
    MMCME2_ADV_X0Y0      MMCME2_ADV (Prop_mmcme2_adv_CLKIN1_CLKOUT0)
                                                     -7.221    35.311 r  clk_gen/inst/mmcm_adv_inst/CLKOUT0
                         net (fo=1, routed)           1.587    36.898    clk_gen/inst/clk_out1_clk_wiz_0
    BUFGCTRL_X0Y0        BUFG (Prop_bufg_I_O)         0.091    36.989 r  clk_gen/inst/clkout1_buf/O
                         net (fo=2798, routed)        1.429    38.417    canvas_fb/memory_reg_42752_42879_0_0/WCLK
    SLICE_X30Y65         RAMD64E                                      r  canvas_fb/memory_reg_42752_42879_0_0/SP.HIGH/CLK
                         clock pessimism              0.482    38.900    
                         clock uncertainty           -0.091    38.809    
    SLICE_X30Y65         RAMD64E (Setup_ramd64e_CLK_WE)
                                                     -0.533    38.276    canvas_fb/memory_reg_42752_42879_0_0/SP.HIGH
  -------------------------------------------------------------------
                         required time                         38.276    
                         arrival time                         -26.905    
  -------------------------------------------------------------------
                         slack                                 11.370    

Slack (MET) :             11.370ns  (required time - arrival time)
  Source:                 drawer/clear_counter_reg[8]/C
                            (rising edge-triggered cell FDCE clocked by clk_out1_clk_wiz_0_1  {rise@0.000ns fall@20.000ns period=40.000ns})
  Destination:            canvas_fb/memory_reg_42752_42879_0_0/SP.LOW/WE
                            (rising edge-triggered cell RAMD64E clocked by clk_out1_clk_wiz_0_1  {rise@0.000ns fall@20.000ns period=40.000ns})
  Path Group:             clk_out1_clk_wiz_0_1
  Path Type:              Setup (Max at Slow Process Corner)
  Requirement:            40.000ns  (clk_out1_clk_wiz_0_1 rise@40.000ns - clk_out1_clk_wiz_0_1 rise@0.000ns)
  Data Path Delay:        27.801ns  (logic 10.242ns (36.841%)  route 17.559ns (63.159%))
  Logic Levels:           30  (CARRY4=12 LUT2=4 LUT3=5 LUT4=4 LUT6=5)
  Clock Path Skew:        -0.205ns (DCD - SCD + CPR)
    Destination Clock Delay (DCD):    -1.583ns = ( 38.417 - 40.000 ) 
    Source Clock Delay      (SCD):    -0.896ns
    Clock Pessimism Removal (CPR):    0.482ns
  Clock Uncertainty:      0.091ns  ((TSJ^2 + DJ^2)^1/2) / 2 + PE
    Total System Jitter     (TSJ):    0.071ns
    Discrete Jitter          (DJ):    0.168ns
    Phase Error              (PE):    0.000ns

    Location             Delay type                Incr(ns)  Path(ns)    Netlist Resource(s)
  -------------------------------------------------------------------    -------------------
                         (clock clk_out1_clk_wiz_0_1 rise edge)
                                                      0.000     0.000 r  
    N15                                               0.000     0.000 r  clk_100mhz (IN)
                         net (fo=0)                   0.000     0.000    clk_gen/inst/clk_in1
    N15                  IBUF (Prop_ibuf_I_O)         1.440     1.440 r  clk_gen/inst/clkin1_ibufg/O
                         net (fo=1, routed)           1.233     2.673    clk_gen/inst/clk_in1_clk_wiz_0
    MMCME2_ADV_X0Y0      MMCME2_ADV (Prop_mmcme2_adv_CLKIN1_CLKOUT0)
                                                     -6.965    -4.291 r  clk_gen/inst/mmcm_adv_inst/CLKOUT0
                         net (fo=1, routed)           1.666    -2.625    clk_gen/inst/clk_out1_clk_wiz_0
    BUFGCTRL_X0Y0        BUFG (Prop_bufg_I_O)         0.096    -2.529 r  clk_gen/inst/clkout1_buf/O
                         net (fo=2798, routed)        1.633    -0.896    drawer/clk_out1
    SLICE_X7Y9           FDCE                                         r  drawer/clear_counter_reg[8]/C
  -------------------------------------------------------------------    -------------------
    SLICE_X7Y9           FDCE (Prop_fdce_C_Q)         0.419    -0.477 r  drawer/clear_counter_reg[8]/Q
                         net (fo=24, routed)          1.591     1.114    drawer/clear_counter_reg_n_0_[8]
    SLICE_X9Y13          LUT3 (Prop_lut3_I0_O)        0.324     1.438 r  drawer/canvas_y0_carry__2_i_4/O
                         net (fo=4, routed)           0.817     2.255    drawer/canvas_y0_carry__2_i_4_n_0
    SLICE_X5Y12          LUT4 (Prop_lut4_I0_O)        0.332     2.587 r  drawer/canvas_y0_carry__2_i_8/O
                         net (fo=1, routed)           0.000     2.587    drawer/canvas_y0_carry__2_i_8_n_0
    SLICE_X5Y12          CARRY4 (Prop_carry4_S[0]_CO[3])
                                                      0.532     3.119 r  drawer/canvas_y0_carry__2/CO[3]
                         net (fo=1, routed)           0.000     3.119    drawer/canvas_y0_carry__2_n_0
    SLICE_X5Y13          CARRY4 (Prop_carry4_CI_O[0])
                                                      0.222     3.341 r  drawer/canvas_y0_carry__3/O[0]
                         net (fo=2, routed)           0.833     4.174    drawer/canvas_y0_carry__3_n_7
    SLICE_X3Y13          LUT3 (Prop_lut3_I0_O)        0.327     4.501 r  drawer/canvas_y0__36_carry__2_i_3/O
                         net (fo=2, routed)           0.497     4.998    drawer/canvas_y0__36_carry__2_i_3_n_0
    SLICE_X4Y13          LUT4 (Prop_lut4_I3_O)        0.326     5.324 r  drawer/canvas_y0__36_carry__2_i_7/O
                         net (fo=1, routed)           0.000     5.324    drawer/canvas_y0__36_carry__2_i_7_n_0
    SLICE_X4Y13          CARRY4 (Prop_carry4_S[1]_CO[3])
                                                      0.550     5.874 r  drawer/canvas_y0__36_carry__2/CO[3]
                         net (fo=1, routed)           0.000     5.874    drawer/canvas_y0__36_carry__2_n_0
    SLICE_X4Y14          CARRY4 (Prop_carry4_CI_O[0])
                                                      0.222     6.096 f  drawer/canvas_y0__36_carry__3/O[0]
                         net (fo=13, routed)          0.653     6.749    drawer/canvas_y0__36_carry__3_n_7
    SLICE_X5Y15          LUT3 (Prop_lut3_I1_O)        0.299     7.048 r  drawer/canvas_y0__80_carry__0_i_1/O
                         net (fo=2, routed)           0.443     7.491    drawer/canvas_y0__80_carry__0_i_1_n_0
    SLICE_X7Y13          LUT4 (Prop_lut4_I3_O)        0.124     7.615 r  drawer/canvas_y0__80_carry__0_i_3/O
                         net (fo=1, routed)           0.000     7.615    drawer/canvas_y0__80_carry__0_i_3_n_0
    SLICE_X7Y13          CARRY4 (Prop_carry4_S[3]_CO[3])
                                                      0.401     8.016 r  drawer/canvas_y0__80_carry__0/CO[3]
                         net (fo=1, routed)           0.000     8.016    drawer/canvas_y0__80_carry__0_n_0
    SLICE_X7Y14          CARRY4 (Prop_carry4_CI_O[1])
                                                      0.334     8.350 r  drawer/canvas_y0__80_carry__1/O[1]
                         net (fo=3, routed)           0.844     9.194    drawer/canvas_y0__80_carry__1_n_6
    SLICE_X8Y13          LUT4 (Prop_lut4_I1_O)        0.303     9.497 r  drawer/canvas_y0__118_carry__1_i_7/O
                         net (fo=1, routed)           0.000     9.497    drawer/canvas_y0__118_carry__1_i_7_n_0
    SLICE_X8Y13          CARRY4 (Prop_carry4_S[1]_CO[3])
                                                      0.533    10.030 r  drawer/canvas_y0__118_carry__1/CO[3]
                         net (fo=1, routed)           0.000    10.030    drawer/canvas_y0__118_carry__1_n_0
    SLICE_X8Y14          CARRY4 (Prop_carry4_CI_CO[0])
                                                      0.254    10.284 r  drawer/canvas_y0__118_carry__2/CO[0]
                         net (fo=2, routed)           0.781    11.065    drawer/canvas_y0__118_carry__2_n_3
    SLICE_X3Y14          LUT3 (Prop_lut3_I1_O)        0.361    11.426 f  drawer/memory_reg_0_127_0_0_i_59/O
                         net (fo=8, routed)           0.347    11.773    drawer/memory_reg_0_127_0_0_i_59_n_0
    SLICE_X0Y15          LUT6 (Prop_lut6_I5_O)        0.326    12.099 r  drawer/memory_reg_0_127_0_0_i_71/O
                         net (fo=3, routed)           0.829    12.928    drawer/memory_reg_0_127_0_0_i_71_n_0
    SLICE_X5Y15          LUT3 (Prop_lut3_I2_O)        0.152    13.080 r  drawer/memory_reg_128_255_0_0_i_27/O
                         net (fo=1, routed)           0.429    13.508    drawer/memory_reg_128_255_0_0_i_27_n_0
    SLICE_X7Y16          LUT6 (Prop_lut6_I2_O)        0.326    13.834 r  drawer/memory_reg_128_255_0_0_i_17/O
                         net (fo=5, routed)           0.329    14.164    drawer/fb_write_y[7]
    SLICE_X4Y16          LUT2 (Prop_lut2_I1_O)        0.124    14.288 r  drawer/memory_reg_128_255_0_0_i_22/O
                         net (fo=1, routed)           0.000    14.288    drawer/memory_reg_128_255_0_0_i_22_n_0
    SLICE_X4Y16          CARRY4 (Prop_carry4_S[3]_CO[3])
                                                      0.401    14.689 r  drawer/memory_reg_128_255_0_0_i_11/CO[3]
                         net (fo=1, routed)           0.000    14.689    drawer/memory_reg_128_255_0_0_i_11_n_0
    SLICE_X4Y17          CARRY4 (Prop_carry4_CI_O[0])
                                                      0.222    14.911 r  drawer/memory_reg_0_127_0_0_i_51/O[0]
                         net (fo=2, routed)           0.637    15.548    drawer/memory_reg_0_127_0_0_i_51_n_7
    SLICE_X5Y17          LUT2 (Prop_lut2_I0_O)        0.299    15.847 r  drawer/memory_reg_0_127_0_0_i_55/O
                         net (fo=1, routed)           0.000    15.847    drawer/memory_reg_0_127_0_0_i_55_n_0
    SLICE_X5Y17          CARRY4 (Prop_carry4_S[0]_O[1])
                                                      0.424    16.271 r  drawer/memory_reg_0_127_0_0_i_32/O[1]
                         net (fo=1, routed)           0.560    16.831    drawer/memory_reg_0_127_0_0_i_32_n_6
    SLICE_X3Y17          CARRY4 (Prop_carry4_S[1]_O[2])
                                                      0.883    17.714 f  drawer/memory_reg_0_127_0_0_i_19/O[2]
                         net (fo=273, routed)         2.327    20.041    canvas_fb/write_addr[10]
    SLICE_X36Y18         LUT2 (Prop_lut2_I1_O)        0.328    20.369 f  canvas_fb/memory_reg_0_127_0_0_i_49/O
                         net (fo=1, routed)           0.758    21.127    canvas_fb/memory_reg_0_127_0_0_i_49_n_0
    SLICE_X31Y20         LUT6 (Prop_lut6_I5_O)        0.326    21.453 r  canvas_fb/memory_reg_0_127_0_0_i_31/O
                         net (fo=3, routed)           0.554    22.007    canvas_fb/memory_reg_0_127_0_0_i_31_n_0
    SLICE_X29Y25         LUT6 (Prop_lut6_I3_O)        0.124    22.131 r  canvas_fb/memory_reg_25472_25599_0_0_i_4/O
                         net (fo=70, routed)          1.057    23.188    drawer/memory_reg_25472_25599_0_0
    SLICE_X31Y13         LUT2 (Prop_lut2_I0_O)        0.118    23.306 f  drawer/memory_reg_41856_41983_0_0_i_2/O
                         net (fo=23, routed)          2.069    25.375    drawer/memory_reg_41856_41983_0_0_i_2_n_0
    SLICE_X31Y44         LUT6 (Prop_lut6_I5_O)        0.326    25.701 r  drawer/memory_reg_42752_42879_0_0_i_1/O
                         net (fo=4, routed)           1.204    26.905    canvas_fb/memory_reg_42752_42879_0_0/WE
    SLICE_X30Y65         RAMD64E                                      r  canvas_fb/memory_reg_42752_42879_0_0/SP.LOW/WE
  -------------------------------------------------------------------    -------------------

                         (clock clk_out1_clk_wiz_0_1 rise edge)
                                                     40.000    40.000 r  
    N15                                               0.000    40.000 r  clk_100mhz (IN)
                         net (fo=0)                   0.000    40.000    clk_gen/inst/clk_in1
    N15                  IBUF (Prop_ibuf_I_O)         1.370    41.370 r  clk_gen/inst/clkin1_ibufg/O
                         net (fo=1, routed)           1.162    42.532    clk_gen/inst/clk_in1_clk_wiz_0
    MMCME2_ADV_X0Y0      MMCME2_ADV (Prop_mmcme2_adv_CLKIN1_CLKOUT0)
                                                     -7.221    35.311 r  clk_gen/inst/mmcm_adv_inst/CLKOUT0
                         net (fo=1, routed)           1.587    36.898    clk_gen/inst/clk_out1_clk_wiz_0
    BUFGCTRL_X0Y0        BUFG (Prop_bufg_I_O)         0.091    36.989 r  clk_gen/inst/clkout1_buf/O
                         net (fo=2798, routed)        1.429    38.417    canvas_fb/memory_reg_42752_42879_0_0/WCLK
    SLICE_X30Y65         RAMD64E                                      r  canvas_fb/memory_reg_42752_42879_0_0/SP.LOW/CLK
                         clock pessimism              0.482    38.900    
                         clock uncertainty           -0.091    38.809    
    SLICE_X30Y65         RAMD64E (Setup_ramd64e_CLK_WE)
                                                     -0.533    38.276    canvas_fb/memory_reg_42752_42879_0_0/SP.LOW
  -------------------------------------------------------------------
                         required time                         38.276    
                         arrival time                         -26.905    
  -------------------------------------------------------------------
                         slack                                 11.370    

Slack (MET) :             11.407ns  (required time - arrival time)
  Source:                 drawer/clear_counter_reg[8]/C
                            (rising edge-triggered cell FDCE clocked by clk_out1_clk_wiz_0_1  {rise@0.000ns fall@20.000ns period=40.000ns})
  Destination:            canvas_fb/memory_reg_42624_42751_0_0/DP.HIGH/WE
                            (rising edge-triggered cell RAMD64E clocked by clk_out1_clk_wiz_0_1  {rise@0.000ns fall@20.000ns period=40.000ns})
  Path Group:             clk_out1_clk_wiz_0_1
  Path Type:              Setup (Max at Slow Process Corner)
  Requirement:            40.000ns  (clk_out1_clk_wiz_0_1 rise@40.000ns - clk_out1_clk_wiz_0_1 rise@0.000ns)
  Data Path Delay:        27.767ns  (logic 10.242ns (36.885%)  route 17.525ns (63.115%))
  Logic Levels:           30  (CARRY4=12 LUT2=4 LUT3=5 LUT4=4 LUT6=5)
  Clock Path Skew:        -0.202ns (DCD - SCD + CPR)
    Destination Clock Delay (DCD):    -1.580ns = ( 38.420 - 40.000 ) 
    Source Clock Delay      (SCD):    -0.896ns
    Clock Pessimism Removal (CPR):    0.482ns
  Clock Uncertainty:      0.091ns  ((TSJ^2 + DJ^2)^1/2) / 2 + PE
    Total System Jitter     (TSJ):    0.071ns
    Discrete Jitter          (DJ):    0.168ns
    Phase Error              (PE):    0.000ns

    Location             Delay type                Incr(ns)  Path(ns)    Netlist Resource(s)
  -------------------------------------------------------------------    -------------------
                         (clock clk_out1_clk_wiz_0_1 rise edge)
                                                      0.000     0.000 r  
    N15                                               0.000     0.000 r  clk_100mhz (IN)
                         net (fo=0)                   0.000     0.000    clk_gen/inst/clk_in1
    N15                  IBUF (Prop_ibuf_I_O)         1.440     1.440 r  clk_gen/inst/clkin1_ibufg/O
                         net (fo=1, routed)           1.233     2.673    clk_gen/inst/clk_in1_clk_wiz_0
    MMCME2_ADV_X0Y0      MMCME2_ADV (Prop_mmcme2_adv_CLKIN1_CLKOUT0)
                                                     -6.965    -4.291 r  clk_gen/inst/mmcm_adv_inst/CLKOUT0
                         net (fo=1, routed)           1.666    -2.625    clk_gen/inst/clk_out1_clk_wiz_0
    BUFGCTRL_X0Y0        BUFG (Prop_bufg_I_O)         0.096    -2.529 r  clk_gen/inst/clkout1_buf/O
                         net (fo=2798, routed)        1.633    -0.896    drawer/clk_out1
    SLICE_X7Y9           FDCE                                         r  drawer/clear_counter_reg[8]/C
  -------------------------------------------------------------------    -------------------
    SLICE_X7Y9           FDCE (Prop_fdce_C_Q)         0.419    -0.477 r  drawer/clear_counter_reg[8]/Q
                         net (fo=24, routed)          1.591     1.114    drawer/clear_counter_reg_n_0_[8]
    SLICE_X9Y13          LUT3 (Prop_lut3_I0_O)        0.324     1.438 r  drawer/canvas_y0_carry__2_i_4/O
                         net (fo=4, routed)           0.817     2.255    drawer/canvas_y0_carry__2_i_4_n_0
    SLICE_X5Y12          LUT4 (Prop_lut4_I0_O)        0.332     2.587 r  drawer/canvas_y0_carry__2_i_8/O
                         net (fo=1, routed)           0.000     2.587    drawer/canvas_y0_carry__2_i_8_n_0
    SLICE_X5Y12          CARRY4 (Prop_carry4_S[0]_CO[3])
                                                      0.532     3.119 r  drawer/canvas_y0_carry__2/CO[3]
                         net (fo=1, routed)           0.000     3.119    drawer/canvas_y0_carry__2_n_0
    SLICE_X5Y13          CARRY4 (Prop_carry4_CI_O[0])
                                                      0.222     3.341 r  drawer/canvas_y0_carry__3/O[0]
                         net (fo=2, routed)           0.833     4.174    drawer/canvas_y0_carry__3_n_7
    SLICE_X3Y13          LUT3 (Prop_lut3_I0_O)        0.327     4.501 r  drawer/canvas_y0__36_carry__2_i_3/O
                         net (fo=2, routed)           0.497     4.998    drawer/canvas_y0__36_carry__2_i_3_n_0
    SLICE_X4Y13          LUT4 (Prop_lut4_I3_O)        0.326     5.324 r  drawer/canvas_y0__36_carry__2_i_7/O
                         net (fo=1, routed)           0.000     5.324    drawer/canvas_y0__36_carry__2_i_7_n_0
    SLICE_X4Y13          CARRY4 (Prop_carry4_S[1]_CO[3])
                                                      0.550     5.874 r  drawer/canvas_y0__36_carry__2/CO[3]
                         net (fo=1, routed)           0.000     5.874    drawer/canvas_y0__36_carry__2_n_0
    SLICE_X4Y14          CARRY4 (Prop_carry4_CI_O[0])
                                                      0.222     6.096 f  drawer/canvas_y0__36_carry__3/O[0]
                         net (fo=13, routed)          0.653     6.749    drawer/canvas_y0__36_carry__3_n_7
    SLICE_X5Y15          LUT3 (Prop_lut3_I1_O)        0.299     7.048 r  drawer/canvas_y0__80_carry__0_i_1/O
                         net (fo=2, routed)           0.443     7.491    drawer/canvas_y0__80_carry__0_i_1_n_0
    SLICE_X7Y13          LUT4 (Prop_lut4_I3_O)        0.124     7.615 r  drawer/canvas_y0__80_carry__0_i_3/O
                         net (fo=1, routed)           0.000     7.615    drawer/canvas_y0__80_carry__0_i_3_n_0
    SLICE_X7Y13          CARRY4 (Prop_carry4_S[3]_CO[3])
                                                      0.401     8.016 r  drawer/canvas_y0__80_carry__0/CO[3]
                         net (fo=1, routed)           0.000     8.016    drawer/canvas_y0__80_carry__0_n_0
    SLICE_X7Y14          CARRY4 (Prop_carry4_CI_O[1])
                                                      0.334     8.350 r  drawer/canvas_y0__80_carry__1/O[1]
                         net (fo=3, routed)           0.844     9.194    drawer/canvas_y0__80_carry__1_n_6
    SLICE_X8Y13          LUT4 (Prop_lut4_I1_O)        0.303     9.497 r  drawer/canvas_y0__118_carry__1_i_7/O
                         net (fo=1, routed)           0.000     9.497    drawer/canvas_y0__118_carry__1_i_7_n_0
    SLICE_X8Y13          CARRY4 (Prop_carry4_S[1]_CO[3])
                                                      0.533    10.030 r  drawer/canvas_y0__118_carry__1/CO[3]
                         net (fo=1, routed)           0.000    10.030    drawer/canvas_y0__118_carry__1_n_0
    SLICE_X8Y14          CARRY4 (Prop_carry4_CI_CO[0])
                                                      0.254    10.284 r  drawer/canvas_y0__118_carry__2/CO[0]
                         net (fo=2, routed)           0.781    11.065    drawer/canvas_y0__118_carry__2_n_3
    SLICE_X3Y14          LUT3 (Prop_lut3_I1_O)        0.361    11.426 f  drawer/memory_reg_0_127_0_0_i_59/O
                         net (fo=8, routed)           0.347    11.773    drawer/memory_reg_0_127_0_0_i_59_n_0
    SLICE_X0Y15          LUT6 (Prop_lut6_I5_O)        0.326    12.099 r  drawer/memory_reg_0_127_0_0_i_71/O
                         net (fo=3, routed)           0.829    12.928    drawer/memory_reg_0_127_0_0_i_71_n_0
    SLICE_X5Y15          LUT3 (Prop_lut3_I2_O)        0.152    13.080 r  drawer/memory_reg_128_255_0_0_i_27/O
                         net (fo=1, routed)           0.429    13.508    drawer/memory_reg_128_255_0_0_i_27_n_0
    SLICE_X7Y16          LUT6 (Prop_lut6_I2_O)        0.326    13.834 r  drawer/memory_reg_128_255_0_0_i_17/O
                         net (fo=5, routed)           0.329    14.164    drawer/fb_write_y[7]
    SLICE_X4Y16          LUT2 (Prop_lut2_I1_O)        0.124    14.288 r  drawer/memory_reg_128_255_0_0_i_22/O
                         net (fo=1, routed)           0.000    14.288    drawer/memory_reg_128_255_0_0_i_22_n_0
    SLICE_X4Y16          CARRY4 (Prop_carry4_S[3]_CO[3])
                                                      0.401    14.689 r  drawer/memory_reg_128_255_0_0_i_11/CO[3]
                         net (fo=1, routed)           0.000    14.689    drawer/memory_reg_128_255_0_0_i_11_n_0
    SLICE_X4Y17          CARRY4 (Prop_carry4_CI_O[0])
                                                      0.222    14.911 r  drawer/memory_reg_0_127_0_0_i_51/O[0]
                         net (fo=2, routed)           0.637    15.548    drawer/memory_reg_0_127_0_0_i_51_n_7
    SLICE_X5Y17          LUT2 (Prop_lut2_I0_O)        0.299    15.847 r  drawer/memory_reg_0_127_0_0_i_55/O
                         net (fo=1, routed)           0.000    15.847    drawer/memory_reg_0_127_0_0_i_55_n_0
    SLICE_X5Y17          CARRY4 (Prop_carry4_S[0]_O[1])
                                                      0.424    16.271 r  drawer/memory_reg_0_127_0_0_i_32/O[1]
                         net (fo=1, routed)           0.560    16.831    drawer/memory_reg_0_127_0_0_i_32_n_6
    SLICE_X3Y17          CARRY4 (Prop_carry4_S[1]_O[2])
                                                      0.883    17.714 f  drawer/memory_reg_0_127_0_0_i_19/O[2]
                         net (fo=273, routed)         2.327    20.041    canvas_fb/write_addr[10]
    SLICE_X36Y18         LUT2 (Prop_lut2_I1_O)        0.328    20.369 f  canvas_fb/memory_reg_0_127_0_0_i_49/O
                         net (fo=1, routed)           0.758    21.127    canvas_fb/memory_reg_0_127_0_0_i_49_n_0
    SLICE_X31Y20         LUT6 (Prop_lut6_I5_O)        0.326    21.453 r  canvas_fb/memory_reg_0_127_0_0_i_31/O
                         net (fo=3, routed)           0.554    22.007    canvas_fb/memory_reg_0_127_0_0_i_31_n_0
    SLICE_X29Y25         LUT6 (Prop_lut6_I3_O)        0.124    22.131 r  canvas_fb/memory_reg_25472_25599_0_0_i_4/O
                         net (fo=70, routed)          1.057    23.188    drawer/memory_reg_25472_25599_0_0
    SLICE_X31Y13         LUT2 (Prop_lut2_I0_O)        0.118    23.306 f  drawer/memory_reg_41856_41983_0_0_i_2/O
                         net (fo=23, routed)          2.148    25.454    drawer/memory_reg_41856_41983_0_0_i_2_n_0
    SLICE_X31Y43         LUT6 (Prop_lut6_I5_O)        0.326    25.780 r  drawer/memory_reg_42624_42751_0_0_i_1/O
                         net (fo=4, routed)           1.091    26.872    canvas_fb/memory_reg_42624_42751_0_0/WE
    SLICE_X30Y61         RAMD64E                                      r  canvas_fb/memory_reg_42624_42751_0_0/DP.HIGH/WE
  -------------------------------------------------------------------    -------------------

                         (clock clk_out1_clk_wiz_0_1 rise edge)
                                                     40.000    40.000 r  
    N15                                               0.000    40.000 r  clk_100mhz (IN)
                         net (fo=0)                   0.000    40.000    clk_gen/inst/clk_in1
    N15                  IBUF (Prop_ibuf_I_O)         1.370    41.370 r  clk_gen/inst/clkin1_ibufg/O
                         net (fo=1, routed)           1.162    42.532    clk_gen/inst/clk_in1_clk_wiz_0
    MMCME2_ADV_X0Y0      MMCME2_ADV (Prop_mmcme2_adv_CLKIN1_CLKOUT0)
                                                     -7.221    35.311 r  clk_gen/inst/mmcm_adv_inst/CLKOUT0
                         net (fo=1, routed)           1.587    36.898    clk_gen/inst/clk_out1_clk_wiz_0
    BUFGCTRL_X0Y0        BUFG (Prop_bufg_I_O)         0.091    36.989 r  clk_gen/inst/clkout1_buf/O
                         net (fo=2798, routed)        1.432    38.420    canvas_fb/memory_reg_42624_42751_0_0/WCLK
    SLICE_X30Y61         RAMD64E                                      r  canvas_fb/memory_reg_42624_42751_0_0/DP.HIGH/CLK
                         clock pessimism              0.482    38.903    
                         clock uncertainty           -0.091    38.812    
    SLICE_X30Y61         RAMD64E (Setup_ramd64e_CLK_WE)
                                                     -0.533    38.279    canvas_fb/memory_reg_42624_42751_0_0/DP.HIGH
  -------------------------------------------------------------------
                         required time                         38.279    
                         arrival time                         -26.872    
  -------------------------------------------------------------------
                         slack                                 11.407    

Slack (MET) :             11.407ns  (required time - arrival time)
  Source:                 drawer/clear_counter_reg[8]/C
                            (rising edge-triggered cell FDCE clocked by clk_out1_clk_wiz_0_1  {rise@0.000ns fall@20.000ns period=40.000ns})
  Destination:            canvas_fb/memory_reg_42624_42751_0_0/DP.LOW/WE
                            (rising edge-triggered cell RAMD64E clocked by clk_out1_clk_wiz_0_1  {rise@0.000ns fall@20.000ns period=40.000ns})
  Path Group:             clk_out1_clk_wiz_0_1
  Path Type:              Setup (Max at Slow Process Corner)
  Requirement:            40.000ns  (clk_out1_clk_wiz_0_1 rise@40.000ns - clk_out1_clk_wiz_0_1 rise@0.000ns)
  Data Path Delay:        27.767ns  (logic 10.242ns (36.885%)  route 17.525ns (63.115%))
  Logic Levels:           30  (CARRY4=12 LUT2=4 LUT3=5 LUT4=4 LUT6=5)
  Clock Path Skew:        -0.202ns (DCD - SCD + CPR)
    Destination Clock Delay (DCD):    -1.580ns = ( 38.420 - 40.000 ) 
    Source Clock Delay      (SCD):    -0.896ns
    Clock Pessimism Removal (CPR):    0.482ns
  Clock Uncertainty:      0.091ns  ((TSJ^2 + DJ^2)^1/2) / 2 + PE
    Total System Jitter     (TSJ):    0.071ns
    Discrete Jitter          (DJ):    0.168ns
    Phase Error              (PE):    0.000ns

    Location             Delay type                Incr(ns)  Path(ns)    Netlist Resource(s)
  -------------------------------------------------------------------    -------------------
                         (clock clk_out1_clk_wiz_0_1 rise edge)
                                                      0.000     0.000 r  
    N15                                               0.000     0.000 r  clk_100mhz (IN)
                         net (fo=0)                   0.000     0.000    clk_gen/inst/clk_in1
    N15                  IBUF (Prop_ibuf_I_O)         1.440     1.440 r  clk_gen/inst/clkin1_ibufg/O
                         net (fo=1, routed)           1.233     2.673    clk_gen/inst/clk_in1_clk_wiz_0
    MMCME2_ADV_X0Y0      MMCME2_ADV (Prop_mmcme2_adv_CLKIN1_CLKOUT0)
                                                     -6.965    -4.291 r  clk_gen/inst/mmcm_adv_inst/CLKOUT0
                         net (fo=1, routed)           1.666    -2.625    clk_gen/inst/clk_out1_clk_wiz_0
    BUFGCTRL_X0Y0        BUFG (Prop_bufg_I_O)         0.096    -2.529 r  clk_gen/inst/clkout1_buf/O
                         net (fo=2798, routed)        1.633    -0.896    drawer/clk_out1
    SLICE_X7Y9           FDCE                                         r  drawer/clear_counter_reg[8]/C
  -------------------------------------------------------------------    -------------------
    SLICE_X7Y9           FDCE (Prop_fdce_C_Q)         0.419    -0.477 r  drawer/clear_counter_reg[8]/Q
                         net (fo=24, routed)          1.591     1.114    drawer/clear_counter_reg_n_0_[8]
    SLICE_X9Y13          LUT3 (Prop_lut3_I0_O)        0.324     1.438 r  drawer/canvas_y0_carry__2_i_4/O
                         net (fo=4, routed)           0.817     2.255    drawer/canvas_y0_carry__2_i_4_n_0
    SLICE_X5Y12          LUT4 (Prop_lut4_I0_O)        0.332     2.587 r  drawer/canvas_y0_carry__2_i_8/O
                         net (fo=1, routed)           0.000     2.587    drawer/canvas_y0_carry__2_i_8_n_0
    SLICE_X5Y12          CARRY4 (Prop_carry4_S[0]_CO[3])
                                                      0.532     3.119 r  drawer/canvas_y0_carry__2/CO[3]
                         net (fo=1, routed)           0.000     3.119    drawer/canvas_y0_carry__2_n_0
    SLICE_X5Y13          CARRY4 (Prop_carry4_CI_O[0])
                                                      0.222     3.341 r  drawer/canvas_y0_carry__3/O[0]
                         net (fo=2, routed)           0.833     4.174    drawer/canvas_y0_carry__3_n_7
    SLICE_X3Y13          LUT3 (Prop_lut3_I0_O)        0.327     4.501 r  drawer/canvas_y0__36_carry__2_i_3/O
                         net (fo=2, routed)           0.497     4.998    drawer/canvas_y0__36_carry__2_i_3_n_0
    SLICE_X4Y13          LUT4 (Prop_lut4_I3_O)        0.326     5.324 r  drawer/canvas_y0__36_carry__2_i_7/O
                         net (fo=1, routed)           0.000     5.324    drawer/canvas_y0__36_carry__2_i_7_n_0
    SLICE_X4Y13          CARRY4 (Prop_carry4_S[1]_CO[3])
                                                      0.550     5.874 r  drawer/canvas_y0__36_carry__2/CO[3]
                         net (fo=1, routed)           0.000     5.874    drawer/canvas_y0__36_carry__2_n_0
    SLICE_X4Y14          CARRY4 (Prop_carry4_CI_O[0])
                                                      0.222     6.096 f  drawer/canvas_y0__36_carry__3/O[0]
                         net (fo=13, routed)          0.653     6.749    drawer/canvas_y0__36_carry__3_n_7
    SLICE_X5Y15          LUT3 (Prop_lut3_I1_O)        0.299     7.048 r  drawer/canvas_y0__80_carry__0_i_1/O
                         net (fo=2, routed)           0.443     7.491    drawer/canvas_y0__80_carry__0_i_1_n_0
    SLICE_X7Y13          LUT4 (Prop_lut4_I3_O)        0.124     7.615 r  drawer/canvas_y0__80_carry__0_i_3/O
                         net (fo=1, routed)           0.000     7.615    drawer/canvas_y0__80_carry__0_i_3_n_0
    SLICE_X7Y13          CARRY4 (Prop_carry4_S[3]_CO[3])
                                                      0.401     8.016 r  drawer/canvas_y0__80_carry__0/CO[3]
                         net (fo=1, routed)           0.000     8.016    drawer/canvas_y0__80_carry__0_n_0
    SLICE_X7Y14          CARRY4 (Prop_carry4_CI_O[1])
                                                      0.334     8.350 r  drawer/canvas_y0__80_carry__1/O[1]
                         net (fo=3, routed)           0.844     9.194    drawer/canvas_y0__80_carry__1_n_6
    SLICE_X8Y13          LUT4 (Prop_lut4_I1_O)        0.303     9.497 r  drawer/canvas_y0__118_carry__1_i_7/O
                         net (fo=1, routed)           0.000     9.497    drawer/canvas_y0__118_carry__1_i_7_n_0
    SLICE_X8Y13          CARRY4 (Prop_carry4_S[1]_CO[3])
                                                      0.533    10.030 r  drawer/canvas_y0__118_carry__1/CO[3]
                         net (fo=1, routed)           0.000    10.030    drawer/canvas_y0__118_carry__1_n_0
    SLICE_X8Y14          CARRY4 (Prop_carry4_CI_CO[0])
                                                      0.254    10.284 r  drawer/canvas_y0__118_carry__2/CO[0]
                         net (fo=2, routed)           0.781    11.065    drawer/canvas_y0__118_carry__2_n_3
    SLICE_X3Y14          LUT3 (Prop_lut3_I1_O)        0.361    11.426 f  drawer/memory_reg_0_127_0_0_i_59/O
                         net (fo=8, routed)           0.347    11.773    drawer/memory_reg_0_127_0_0_i_59_n_0
    SLICE_X0Y15          LUT6 (Prop_lut6_I5_O)        0.326    12.099 r  drawer/memory_reg_0_127_0_0_i_71/O
                         net (fo=3, routed)           0.829    12.928    drawer/memory_reg_0_127_0_0_i_71_n_0
    SLICE_X5Y15          LUT3 (Prop_lut3_I2_O)        0.152    13.080 r  drawer/memory_reg_128_255_0_0_i_27/O
                         net (fo=1, routed)           0.429    13.508    drawer/memory_reg_128_255_0_0_i_27_n_0
    SLICE_X7Y16          LUT6 (Prop_lut6_I2_O)        0.326    13.834 r  drawer/memory_reg_128_255_0_0_i_17/O
                         net (fo=5, routed)           0.329    14.164    drawer/fb_write_y[7]
    SLICE_X4Y16          LUT2 (Prop_lut2_I1_O)        0.124    14.288 r  drawer/memory_reg_128_255_0_0_i_22/O
                         net (fo=1, routed)           0.000    14.288    drawer/memory_reg_128_255_0_0_i_22_n_0
    SLICE_X4Y16          CARRY4 (Prop_carry4_S[3]_CO[3])
                                                      0.401    14.689 r  drawer/memory_reg_128_255_0_0_i_11/CO[3]
                         net (fo=1, routed)           0.000    14.689    drawer/memory_reg_128_255_0_0_i_11_n_0
    SLICE_X4Y17          CARRY4 (Prop_carry4_CI_O[0])
                                                      0.222    14.911 r  drawer/memory_reg_0_127_0_0_i_51/O[0]
                         net (fo=2, routed)           0.637    15.548    drawer/memory_reg_0_127_0_0_i_51_n_7
    SLICE_X5Y17          LUT2 (Prop_lut2_I0_O)        0.299    15.847 r  drawer/memory_reg_0_127_0_0_i_55/O
                         net (fo=1, routed)           0.000    15.847    drawer/memory_reg_0_127_0_0_i_55_n_0
    SLICE_X5Y17          CARRY4 (Prop_carry4_S[0]_O[1])
                                                      0.424    16.271 r  drawer/memory_reg_0_127_0_0_i_32/O[1]
                         net (fo=1, routed)           0.560    16.831    drawer/memory_reg_0_127_0_0_i_32_n_6
    SLICE_X3Y17          CARRY4 (Prop_carry4_S[1]_O[2])
                                                      0.883    17.714 f  drawer/memory_reg_0_127_0_0_i_19/O[2]
                         net (fo=273, routed)         2.327    20.041    canvas_fb/write_addr[10]
    SLICE_X36Y18         LUT2 (Prop_lut2_I1_O)        0.328    20.369 f  canvas_fb/memory_reg_0_127_0_0_i_49/O
                         net (fo=1, routed)           0.758    21.127    canvas_fb/memory_reg_0_127_0_0_i_49_n_0
    SLICE_X31Y20         LUT6 (Prop_lut6_I5_O)        0.326    21.453 r  canvas_fb/memory_reg_0_127_0_0_i_31/O
                         net (fo=3, routed)           0.554    22.007    canvas_fb/memory_reg_0_127_0_0_i_31_n_0
    SLICE_X29Y25         LUT6 (Prop_lut6_I3_O)        0.124    22.131 r  canvas_fb/memory_reg_25472_25599_0_0_i_4/O
                         net (fo=70, routed)          1.057    23.188    drawer/memory_reg_25472_25599_0_0
    SLICE_X31Y13         LUT2 (Prop_lut2_I0_O)        0.118    23.306 f  drawer/memory_reg_41856_41983_0_0_i_2/O
                         net (fo=23, routed)          2.148    25.454    drawer/memory_reg_41856_41983_0_0_i_2_n_0
    SLICE_X31Y43         LUT6 (Prop_lut6_I5_O)        0.326    25.780 r  drawer/memory_reg_42624_42751_0_0_i_1/O
                         net (fo=4, routed)           1.091    26.872    canvas_fb/memory_reg_42624_42751_0_0/WE
    SLICE_X30Y61         RAMD64E                                      r  canvas_fb/memory_reg_42624_42751_0_0/DP.LOW/WE
  -------------------------------------------------------------------    -------------------

                         (clock clk_out1_clk_wiz_0_1 rise edge)
                                                     40.000    40.000 r  
    N15                                               0.000    40.000 r  clk_100mhz (IN)
                         net (fo=0)                   0.000    40.000    clk_gen/inst/clk_in1
    N15                  IBUF (Prop_ibuf_I_O)         1.370    41.370 r  clk_gen/inst/clkin1_ibufg/O
                         net (fo=1, routed)           1.162    42.532    clk_gen/inst/clk_in1_clk_wiz_0
    MMCME2_ADV_X0Y0      MMCME2_ADV (Prop_mmcme2_adv_CLKIN1_CLKOUT0)
                                                     -7.221    35.311 r  clk_gen/inst/mmcm_adv_inst/CLKOUT0
                         net (fo=1, routed)           1.587    36.898    clk_gen/inst/clk_out1_clk_wiz_0
    BUFGCTRL_X0Y0        BUFG (Prop_bufg_I_O)         0.091    36.989 r  clk_gen/inst/clkout1_buf/O
                         net (fo=2798, routed)        1.432    38.420    canvas_fb/memory_reg_42624_42751_0_0/WCLK
    SLICE_X30Y61         RAMD64E                                      r  canvas_fb/memory_reg_42624_42751_0_0/DP.LOW/CLK
                         clock pessimism              0.482    38.903    
                         clock uncertainty           -0.091    38.812    
    SLICE_X30Y61         RAMD64E (Setup_ramd64e_CLK_WE)
                                                     -0.533    38.279    canvas_fb/memory_reg_42624_42751_0_0/DP.LOW
  -------------------------------------------------------------------
                         required time                         38.279    
                         arrival time                         -26.872    
  -------------------------------------------------------------------
                         slack                                 11.407    

Slack (MET) :             11.407ns  (required time - arrival time)
  Source:                 drawer/clear_counter_reg[8]/C
                            (rising edge-triggered cell FDCE clocked by clk_out1_clk_wiz_0_1  {rise@0.000ns fall@20.000ns period=40.000ns})
  Destination:            canvas_fb/memory_reg_42624_42751_0_0/SP.HIGH/WE
                            (rising edge-triggered cell RAMD64E clocked by clk_out1_clk_wiz_0_1  {rise@0.000ns fall@20.000ns period=40.000ns})
  Path Group:             clk_out1_clk_wiz_0_1
  Path Type:              Setup (Max at Slow Process Corner)
  Requirement:            40.000ns  (clk_out1_clk_wiz_0_1 rise@40.000ns - clk_out1_clk_wiz_0_1 rise@0.000ns)
  Data Path Delay:        27.767ns  (logic 10.242ns (36.885%)  route 17.525ns (63.115%))
  Logic Levels:           30  (CARRY4=12 LUT2=4 LUT3=5 LUT4=4 LUT6=5)
  Clock Path Skew:        -0.202ns (DCD - SCD + CPR)
    Destination Clock Delay (DCD):    -1.580ns = ( 38.420 - 40.000 ) 
    Source Clock Delay      (SCD):    -0.896ns
    Clock Pessimism Removal (CPR):    0.482ns
  Clock Uncertainty:      0.091ns  ((TSJ^2 + DJ^2)^1/2) / 2 + PE
    Total System Jitter     (TSJ):    0.071ns
    Discrete Jitter          (DJ):    0.168ns
    Phase Error              (PE):    0.000ns

    Location             Delay type                Incr(ns)  Path(ns)    Netlist Resource(s)
  -------------------------------------------------------------------    -------------------
                         (clock clk_out1_clk_wiz_0_1 rise edge)
                                                      0.000     0.000 r  
    N15                                               0.000     0.000 r  clk_100mhz (IN)
                         net (fo=0)                   0.000     0.000    clk_gen/inst/clk_in1
    N15                  IBUF (Prop_ibuf_I_O)         1.440     1.440 r  clk_gen/inst/clkin1_ibufg/O
                         net (fo=1, routed)           1.233     2.673    clk_gen/inst/clk_in1_clk_wiz_0
    MMCME2_ADV_X0Y0      MMCME2_ADV (Prop_mmcme2_adv_CLKIN1_CLKOUT0)
                                                     -6.965    -4.291 r  clk_gen/inst/mmcm_adv_inst/CLKOUT0
                         net (fo=1, routed)           1.666    -2.625    clk_gen/inst/clk_out1_clk_wiz_0
    BUFGCTRL_X0Y0        BUFG (Prop_bufg_I_O)         0.096    -2.529 r  clk_gen/inst/clkout1_buf/O
                         net (fo=2798, routed)        1.633    -0.896    drawer/clk_out1
    SLICE_X7Y9           FDCE                                         r  drawer/clear_counter_reg[8]/C
  -------------------------------------------------------------------    -------------------
    SLICE_X7Y9           FDCE (Prop_fdce_C_Q)         0.419    -0.477 r  drawer/clear_counter_reg[8]/Q
                         net (fo=24, routed)          1.591     1.114    drawer/clear_counter_reg_n_0_[8]
    SLICE_X9Y13          LUT3 (Prop_lut3_I0_O)        0.324     1.438 r  drawer/canvas_y0_carry__2_i_4/O
                         net (fo=4, routed)           0.817     2.255    drawer/canvas_y0_carry__2_i_4_n_0
    SLICE_X5Y12          LUT4 (Prop_lut4_I0_O)        0.332     2.587 r  drawer/canvas_y0_carry__2_i_8/O
                         net (fo=1, routed)           0.000     2.587    drawer/canvas_y0_carry__2_i_8_n_0
    SLICE_X5Y12          CARRY4 (Prop_carry4_S[0]_CO[3])
                                                      0.532     3.119 r  drawer/canvas_y0_carry__2/CO[3]
                         net (fo=1, routed)           0.000     3.119    drawer/canvas_y0_carry__2_n_0
    SLICE_X5Y13          CARRY4 (Prop_carry4_CI_O[0])
                                                      0.222     3.341 r  drawer/canvas_y0_carry__3/O[0]
                         net (fo=2, routed)           0.833     4.174    drawer/canvas_y0_carry__3_n_7
    SLICE_X3Y13          LUT3 (Prop_lut3_I0_O)        0.327     4.501 r  drawer/canvas_y0__36_carry__2_i_3/O
                         net (fo=2, routed)           0.497     4.998    drawer/canvas_y0__36_carry__2_i_3_n_0
    SLICE_X4Y13          LUT4 (Prop_lut4_I3_O)        0.326     5.324 r  drawer/canvas_y0__36_carry__2_i_7/O
                         net (fo=1, routed)           0.000     5.324    drawer/canvas_y0__36_carry__2_i_7_n_0
    SLICE_X4Y13          CARRY4 (Prop_carry4_S[1]_CO[3])
                                                      0.550     5.874 r  drawer/canvas_y0__36_carry__2/CO[3]
                         net (fo=1, routed)           0.000     5.874    drawer/canvas_y0__36_carry__2_n_0
    SLICE_X4Y14          CARRY4 (Prop_carry4_CI_O[0])
                                                      0.222     6.096 f  drawer/canvas_y0__36_carry__3/O[0]
                         net (fo=13, routed)          0.653     6.749    drawer/canvas_y0__36_carry__3_n_7
    SLICE_X5Y15          LUT3 (Prop_lut3_I1_O)        0.299     7.048 r  drawer/canvas_y0__80_carry__0_i_1/O
                         net (fo=2, routed)           0.443     7.491    drawer/canvas_y0__80_carry__0_i_1_n_0
    SLICE_X7Y13          LUT4 (Prop_lut4_I3_O)        0.124     7.615 r  drawer/canvas_y0__80_carry__0_i_3/O
                         net (fo=1, routed)           0.000     7.615    drawer/canvas_y0__80_carry__0_i_3_n_0
    SLICE_X7Y13          CARRY4 (Prop_carry4_S[3]_CO[3])
                                                      0.401     8.016 r  drawer/canvas_y0__80_carry__0/CO[3]
                         net (fo=1, routed)           0.000     8.016    drawer/canvas_y0__80_carry__0_n_0
    SLICE_X7Y14          CARRY4 (Prop_carry4_CI_O[1])
                                                      0.334     8.350 r  drawer/canvas_y0__80_carry__1/O[1]
                         net (fo=3, routed)           0.844     9.194    drawer/canvas_y0__80_carry__1_n_6
    SLICE_X8Y13          LUT4 (Prop_lut4_I1_O)        0.303     9.497 r  drawer/canvas_y0__118_carry__1_i_7/O
                         net (fo=1, routed)           0.000     9.497    drawer/canvas_y0__118_carry__1_i_7_n_0
    SLICE_X8Y13          CARRY4 (Prop_carry4_S[1]_CO[3])
                                                      0.533    10.030 r  drawer/canvas_y0__118_carry__1/CO[3]
                         net (fo=1, routed)           0.000    10.030    drawer/canvas_y0__118_carry__1_n_0
    SLICE_X8Y14          CARRY4 (Prop_carry4_CI_CO[0])
                                                      0.254    10.284 r  drawer/canvas_y0__118_carry__2/CO[0]
                         net (fo=2, routed)           0.781    11.065    drawer/canvas_y0__118_carry__2_n_3
    SLICE_X3Y14          LUT3 (Prop_lut3_I1_O)        0.361    11.426 f  drawer/memory_reg_0_127_0_0_i_59/O
                         net (fo=8, routed)           0.347    11.773    drawer/memory_reg_0_127_0_0_i_59_n_0
    SLICE_X0Y15          LUT6 (Prop_lut6_I5_O)        0.326    12.099 r  drawer/memory_reg_0_127_0_0_i_71/O
                         net (fo=3, routed)           0.829    12.928    drawer/memory_reg_0_127_0_0_i_71_n_0
    SLICE_X5Y15          LUT3 (Prop_lut3_I2_O)        0.152    13.080 r  drawer/memory_reg_128_255_0_0_i_27/O
                         net (fo=1, routed)           0.429    13.508    drawer/memory_reg_128_255_0_0_i_27_n_0
    SLICE_X7Y16          LUT6 (Prop_lut6_I2_O)        0.326    13.834 r  drawer/memory_reg_128_255_0_0_i_17/O
                         net (fo=5, routed)           0.329    14.164    drawer/fb_write_y[7]
    SLICE_X4Y16          LUT2 (Prop_lut2_I1_O)        0.124    14.288 r  drawer/memory_reg_128_255_0_0_i_22/O
                         net (fo=1, routed)           0.000    14.288    drawer/memory_reg_128_255_0_0_i_22_n_0
    SLICE_X4Y16          CARRY4 (Prop_carry4_S[3]_CO[3])
                                                      0.401    14.689 r  drawer/memory_reg_128_255_0_0_i_11/CO[3]
                         net (fo=1, routed)           0.000    14.689    drawer/memory_reg_128_255_0_0_i_11_n_0
    SLICE_X4Y17          CARRY4 (Prop_carry4_CI_O[0])
                                                      0.222    14.911 r  drawer/memory_reg_0_127_0_0_i_51/O[0]
                         net (fo=2, routed)           0.637    15.548    drawer/memory_reg_0_127_0_0_i_51_n_7
    SLICE_X5Y17          LUT2 (Prop_lut2_I0_O)        0.299    15.847 r  drawer/memory_reg_0_127_0_0_i_55/O
                         net (fo=1, routed)           0.000    15.847    drawer/memory_reg_0_127_0_0_i_55_n_0
    SLICE_X5Y17          CARRY4 (Prop_carry4_S[0]_O[1])
                                                      0.424    16.271 r  drawer/memory_reg_0_127_0_0_i_32/O[1]
                         net (fo=1, routed)           0.560    16.831    drawer/memory_reg_0_127_0_0_i_32_n_6
    SLICE_X3Y17          CARRY4 (Prop_carry4_S[1]_O[2])
                                                      0.883    17.714 f  drawer/memory_reg_0_127_0_0_i_19/O[2]
                         net (fo=273, routed)         2.327    20.041    canvas_fb/write_addr[10]
    SLICE_X36Y18         LUT2 (Prop_lut2_I1_O)        0.328    20.369 f  canvas_fb/memory_reg_0_127_0_0_i_49/O
                         net (fo=1, routed)           0.758    21.127    canvas_fb/memory_reg_0_127_0_0_i_49_n_0
    SLICE_X31Y20         LUT6 (Prop_lut6_I5_O)        0.326    21.453 r  canvas_fb/memory_reg_0_127_0_0_i_31/O
                         net (fo=3, routed)           0.554    22.007    canvas_fb/memory_reg_0_127_0_0_i_31_n_0
    SLICE_X29Y25         LUT6 (Prop_lut6_I3_O)        0.124    22.131 r  canvas_fb/memory_reg_25472_25599_0_0_i_4/O
                         net (fo=70, routed)          1.057    23.188    drawer/memory_reg_25472_25599_0_0
    SLICE_X31Y13         LUT2 (Prop_lut2_I0_O)        0.118    23.306 f  drawer/memory_reg_41856_41983_0_0_i_2/O
                         net (fo=23, routed)          2.148    25.454    drawer/memory_reg_41856_41983_0_0_i_2_n_0
    SLICE_X31Y43         LUT6 (Prop_lut6_I5_O)        0.326    25.780 r  drawer/memory_reg_42624_42751_0_0_i_1/O
                         net (fo=4, routed)           1.091    26.872    canvas_fb/memory_reg_42624_42751_0_0/WE
    SLICE_X30Y61         RAMD64E                                      r  canvas_fb/memory_reg_42624_42751_0_0/SP.HIGH/WE
  -------------------------------------------------------------------    -------------------

                         (clock clk_out1_clk_wiz_0_1 rise edge)
                                                     40.000    40.000 r  
    N15                                               0.000    40.000 r  clk_100mhz (IN)
                         net (fo=0)                   0.000    40.000    clk_gen/inst/clk_in1
    N15                  IBUF (Prop_ibuf_I_O)         1.370    41.370 r  clk_gen/inst/clkin1_ibufg/O
                         net (fo=1, routed)           1.162    42.532    clk_gen/inst/clk_in1_clk_wiz_0
    MMCME2_ADV_X0Y0      MMCME2_ADV (Prop_mmcme2_adv_CLKIN1_CLKOUT0)
                                                     -7.221    35.311 r  clk_gen/inst/mmcm_adv_inst/CLKOUT0
                         net (fo=1, routed)           1.587    36.898    clk_gen/inst/clk_out1_clk_wiz_0
    BUFGCTRL_X0Y0        BUFG (Prop_bufg_I_O)         0.091    36.989 r  clk_gen/inst/clkout1_buf/O
                         net (fo=2798, routed)        1.432    38.420    canvas_fb/memory_reg_42624_42751_0_0/WCLK
    SLICE_X30Y61         RAMD64E                                      r  canvas_fb/memory_reg_42624_42751_0_0/SP.HIGH/CLK
                         clock pessimism              0.482    38.903    
                         clock uncertainty           -0.091    38.812    
    SLICE_X30Y61         RAMD64E (Setup_ramd64e_CLK_WE)
                                                     -0.533    38.279    canvas_fb/memory_reg_42624_42751_0_0/SP.HIGH
  -------------------------------------------------------------------
                         required time                         38.279    
                         arrival time                         -26.872    
  -------------------------------------------------------------------
                         slack                                 11.407    

Slack (MET) :             11.407ns  (required time - arrival time)
  Source:                 drawer/clear_counter_reg[8]/C
                            (rising edge-triggered cell FDCE clocked by clk_out1_clk_wiz_0_1  {rise@0.000ns fall@20.000ns period=40.000ns})
  Destination:            canvas_fb/memory_reg_42624_42751_0_0/SP.LOW/WE
                            (rising edge-triggered cell RAMD64E clocked by clk_out1_clk_wiz_0_1  {rise@0.000ns fall@20.000ns period=40.000ns})
  Path Group:             clk_out1_clk_wiz_0_1
  Path Type:              Setup (Max at Slow Process Corner)
  Requirement:            40.000ns  (clk_out1_clk_wiz_0_1 rise@40.000ns - clk_out1_clk_wiz_0_1 rise@0.000ns)
  Data Path Delay:        27.767ns  (logic 10.242ns (36.885%)  route 17.525ns (63.115%))
  Logic Levels:           30  (CARRY4=12 LUT2=4 LUT3=5 LUT4=4 LUT6=5)
  Clock Path Skew:        -0.202ns (DCD - SCD + CPR)
    Destination Clock Delay (DCD):    -1.580ns = ( 38.420 - 40.000 ) 
    Source Clock Delay      (SCD):    -0.896ns
    Clock Pessimism Removal (CPR):    0.482ns
  Clock Uncertainty:      0.091ns  ((TSJ^2 + DJ^2)^1/2) / 2 + PE
    Total System Jitter     (TSJ):    0.071ns
    Discrete Jitter          (DJ):    0.168ns
    Phase Error              (PE):    0.000ns

    Location             Delay type                Incr(ns)  Path(ns)    Netlist Resource(s)
  -------------------------------------------------------------------    -------------------
                         (clock clk_out1_clk_wiz_0_1 rise edge)
                                                      0.000     0.000 r  
    N15                                               0.000     0.000 r  clk_100mhz (IN)
                         net (fo=0)                   0.000     0.000    clk_gen/inst/clk_in1
    N15                  IBUF (Prop_ibuf_I_O)         1.440     1.440 r  clk_gen/inst/clkin1_ibufg/O
                         net (fo=1, routed)           1.233     2.673    clk_gen/inst/clk_in1_clk_wiz_0
    MMCME2_ADV_X0Y0      MMCME2_ADV (Prop_mmcme2_adv_CLKIN1_CLKOUT0)
                                                     -6.965    -4.291 r  clk_gen/inst/mmcm_adv_inst/CLKOUT0
                         net (fo=1, routed)           1.666    -2.625    clk_gen/inst/clk_out1_clk_wiz_0
    BUFGCTRL_X0Y0        BUFG (Prop_bufg_I_O)         0.096    -2.529 r  clk_gen/inst/clkout1_buf/O
                         net (fo=2798, routed)        1.633    -0.896    drawer/clk_out1
    SLICE_X7Y9           FDCE                                         r  drawer/clear_counter_reg[8]/C
  -------------------------------------------------------------------    -------------------
    SLICE_X7Y9           FDCE (Prop_fdce_C_Q)         0.419    -0.477 r  drawer/clear_counter_reg[8]/Q
                         net (fo=24, routed)          1.591     1.114    drawer/clear_counter_reg_n_0_[8]
    SLICE_X9Y13          LUT3 (Prop_lut3_I0_O)        0.324     1.438 r  drawer/canvas_y0_carry__2_i_4/O
                         net (fo=4, routed)           0.817     2.255    drawer/canvas_y0_carry__2_i_4_n_0
    SLICE_X5Y12          LUT4 (Prop_lut4_I0_O)        0.332     2.587 r  drawer/canvas_y0_carry__2_i_8/O
                         net (fo=1, routed)           0.000     2.587    drawer/canvas_y0_carry__2_i_8_n_0
    SLICE_X5Y12          CARRY4 (Prop_carry4_S[0]_CO[3])
                                                      0.532     3.119 r  drawer/canvas_y0_carry__2/CO[3]
                         net (fo=1, routed)           0.000     3.119    drawer/canvas_y0_carry__2_n_0
    SLICE_X5Y13          CARRY4 (Prop_carry4_CI_O[0])
                                                      0.222     3.341 r  drawer/canvas_y0_carry__3/O[0]
                         net (fo=2, routed)           0.833     4.174    drawer/canvas_y0_carry__3_n_7
    SLICE_X3Y13          LUT3 (Prop_lut3_I0_O)        0.327     4.501 r  drawer/canvas_y0__36_carry__2_i_3/O
                         net (fo=2, routed)           0.497     4.998    drawer/canvas_y0__36_carry__2_i_3_n_0
    SLICE_X4Y13          LUT4 (Prop_lut4_I3_O)        0.326     5.324 r  drawer/canvas_y0__36_carry__2_i_7/O
                         net (fo=1, routed)           0.000     5.324    drawer/canvas_y0__36_carry__2_i_7_n_0
    SLICE_X4Y13          CARRY4 (Prop_carry4_S[1]_CO[3])
                                                      0.550     5.874 r  drawer/canvas_y0__36_carry__2/CO[3]
                         net (fo=1, routed)           0.000     5.874    drawer/canvas_y0__36_carry__2_n_0
    SLICE_X4Y14          CARRY4 (Prop_carry4_CI_O[0])
                                                      0.222     6.096 f  drawer/canvas_y0__36_carry__3/O[0]
                         net (fo=13, routed)          0.653     6.749    drawer/canvas_y0__36_carry__3_n_7
    SLICE_X5Y15          LUT3 (Prop_lut3_I1_O)        0.299     7.048 r  drawer/canvas_y0__80_carry__0_i_1/O
                         net (fo=2, routed)           0.443     7.491    drawer/canvas_y0__80_carry__0_i_1_n_0
    SLICE_X7Y13          LUT4 (Prop_lut4_I3_O)        0.124     7.615 r  drawer/canvas_y0__80_carry__0_i_3/O
                         net (fo=1, routed)           0.000     7.615    drawer/canvas_y0__80_carry__0_i_3_n_0
    SLICE_X7Y13          CARRY4 (Prop_carry4_S[3]_CO[3])
                                                      0.401     8.016 r  drawer/canvas_y0__80_carry__0/CO[3]
                         net (fo=1, routed)           0.000     8.016    drawer/canvas_y0__80_carry__0_n_0
    SLICE_X7Y14          CARRY4 (Prop_carry4_CI_O[1])
                                                      0.334     8.350 r  drawer/canvas_y0__80_carry__1/O[1]
                         net (fo=3, routed)           0.844     9.194    drawer/canvas_y0__80_carry__1_n_6
    SLICE_X8Y13          LUT4 (Prop_lut4_I1_O)        0.303     9.497 r  drawer/canvas_y0__118_carry__1_i_7/O
                         net (fo=1, routed)           0.000     9.497    drawer/canvas_y0__118_carry__1_i_7_n_0
    SLICE_X8Y13          CARRY4 (Prop_carry4_S[1]_CO[3])
                                                      0.533    10.030 r  drawer/canvas_y0__118_carry__1/CO[3]
                         net (fo=1, routed)           0.000    10.030    drawer/canvas_y0__118_carry__1_n_0
    SLICE_X8Y14          CARRY4 (Prop_carry4_CI_CO[0])
                                                      0.254    10.284 r  drawer/canvas_y0__118_carry__2/CO[0]
                         net (fo=2, routed)           0.781    11.065    drawer/canvas_y0__118_carry__2_n_3
    SLICE_X3Y14          LUT3 (Prop_lut3_I1_O)        0.361    11.426 f  drawer/memory_reg_0_127_0_0_i_59/O
                         net (fo=8, routed)           0.347    11.773    drawer/memory_reg_0_127_0_0_i_59_n_0
    SLICE_X0Y15          LUT6 (Prop_lut6_I5_O)        0.326    12.099 r  drawer/memory_reg_0_127_0_0_i_71/O
                         net (fo=3, routed)           0.829    12.928    drawer/memory_reg_0_127_0_0_i_71_n_0
    SLICE_X5Y15          LUT3 (Prop_lut3_I2_O)        0.152    13.080 r  drawer/memory_reg_128_255_0_0_i_27/O
                         net (fo=1, routed)           0.429    13.508    drawer/memory_reg_128_255_0_0_i_27_n_0
    SLICE_X7Y16          LUT6 (Prop_lut6_I2_O)        0.326    13.834 r  drawer/memory_reg_128_255_0_0_i_17/O
                         net (fo=5, routed)           0.329    14.164    drawer/fb_write_y[7]
    SLICE_X4Y16          LUT2 (Prop_lut2_I1_O)        0.124    14.288 r  drawer/memory_reg_128_255_0_0_i_22/O
                         net (fo=1, routed)           0.000    14.288    drawer/memory_reg_128_255_0_0_i_22_n_0
    SLICE_X4Y16          CARRY4 (Prop_carry4_S[3]_CO[3])
                                                      0.401    14.689 r  drawer/memory_reg_128_255_0_0_i_11/CO[3]
                         net (fo=1, routed)           0.000    14.689    drawer/memory_reg_128_255_0_0_i_11_n_0
    SLICE_X4Y17          CARRY4 (Prop_carry4_CI_O[0])
                                                      0.222    14.911 r  drawer/memory_reg_0_127_0_0_i_51/O[0]
                         net (fo=2, routed)           0.637    15.548    drawer/memory_reg_0_127_0_0_i_51_n_7
    SLICE_X5Y17          LUT2 (Prop_lut2_I0_O)        0.299    15.847 r  drawer/memory_reg_0_127_0_0_i_55/O
                         net (fo=1, routed)           0.000    15.847    drawer/memory_reg_0_127_0_0_i_55_n_0
    SLICE_X5Y17          CARRY4 (Prop_carry4_S[0]_O[1])
                                                      0.424    16.271 r  drawer/memory_reg_0_127_0_0_i_32/O[1]
                         net (fo=1, routed)           0.560    16.831    drawer/memory_reg_0_127_0_0_i_32_n_6
    SLICE_X3Y17          CARRY4 (Prop_carry4_S[1]_O[2])
                                                      0.883    17.714 f  drawer/memory_reg_0_127_0_0_i_19/O[2]
                         net (fo=273, routed)         2.327    20.041    canvas_fb/write_addr[10]
    SLICE_X36Y18         LUT2 (Prop_lut2_I1_O)        0.328    20.369 f  canvas_fb/memory_reg_0_127_0_0_i_49/O
                         net (fo=1, routed)           0.758    21.127    canvas_fb/memory_reg_0_127_0_0_i_49_n_0
    SLICE_X31Y20         LUT6 (Prop_lut6_I5_O)        0.326    21.453 r  canvas_fb/memory_reg_0_127_0_0_i_31/O
                         net (fo=3, routed)           0.554    22.007    canvas_fb/memory_reg_0_127_0_0_i_31_n_0
    SLICE_X29Y25         LUT6 (Prop_lut6_I3_O)        0.124    22.131 r  canvas_fb/memory_reg_25472_25599_0_0_i_4/O
                         net (fo=70, routed)          1.057    23.188    drawer/memory_reg_25472_25599_0_0
    SLICE_X31Y13         LUT2 (Prop_lut2_I0_O)        0.118    23.306 f  drawer/memory_reg_41856_41983_0_0_i_2/O
                         net (fo=23, routed)          2.148    25.454    drawer/memory_reg_41856_41983_0_0_i_2_n_0
    SLICE_X31Y43         LUT6 (Prop_lut6_I5_O)        0.326    25.780 r  drawer/memory_reg_42624_42751_0_0_i_1/O
                         net (fo=4, routed)           1.091    26.872    canvas_fb/memory_reg_42624_42751_0_0/WE
    SLICE_X30Y61         RAMD64E                                      r  canvas_fb/memory_reg_42624_42751_0_0/SP.LOW/WE
  -------------------------------------------------------------------    -------------------

                         (clock clk_out1_clk_wiz_0_1 rise edge)
                                                     40.000    40.000 r  
    N15                                               0.000    40.000 r  clk_100mhz (IN)
                         net (fo=0)                   0.000    40.000    clk_gen/inst/clk_in1
    N15                  IBUF (Prop_ibuf_I_O)         1.370    41.370 r  clk_gen/inst/clkin1_ibufg/O
                         net (fo=1, routed)           1.162    42.532    clk_gen/inst/clk_in1_clk_wiz_0
    MMCME2_ADV_X0Y0      MMCME2_ADV (Prop_mmcme2_adv_CLKIN1_CLKOUT0)
                                                     -7.221    35.311 r  clk_gen/inst/mmcm_adv_inst/CLKOUT0
                         net (fo=1, routed)           1.587    36.898    clk_gen/inst/clk_out1_clk_wiz_0
    BUFGCTRL_X0Y0        BUFG (Prop_bufg_I_O)         0.091    36.989 r  clk_gen/inst/clkout1_buf/O
                         net (fo=2798, routed)        1.432    38.420    canvas_fb/memory_reg_42624_42751_0_0/WCLK
    SLICE_X30Y61         RAMD64E                                      r  canvas_fb/memory_reg_42624_42751_0_0/SP.LOW/CLK
                         clock pessimism              0.482    38.903    
                         clock uncertainty           -0.091    38.812    
    SLICE_X30Y61         RAMD64E (Setup_ramd64e_CLK_WE)
                                                     -0.533    38.279    canvas_fb/memory_reg_42624_42751_0_0/SP.LOW
  -------------------------------------------------------------------
                         required time                         38.279    
                         arrival time                         -26.872    
  -------------------------------------------------------------------
                         slack                                 11.407    

Slack (MET) :             11.521ns  (required time - arrival time)
  Source:                 drawer/clear_counter_reg[8]/C
                            (rising edge-triggered cell FDCE clocked by clk_out1_clk_wiz_0_1  {rise@0.000ns fall@20.000ns period=40.000ns})
  Destination:            canvas_fb/memory_reg_44544_44671_0_0/DP.HIGH/WE
                            (rising edge-triggered cell RAMD64E clocked by clk_out1_clk_wiz_0_1  {rise@0.000ns fall@20.000ns period=40.000ns})
  Path Group:             clk_out1_clk_wiz_0_1
  Path Type:              Setup (Max at Slow Process Corner)
  Requirement:            40.000ns  (clk_out1_clk_wiz_0_1 rise@40.000ns - clk_out1_clk_wiz_0_1 rise@0.000ns)
  Data Path Delay:        27.656ns  (logic 10.276ns (37.156%)  route 17.380ns (62.844%))
  Logic Levels:           30  (CARRY4=12 LUT2=3 LUT3=5 LUT4=5 LUT6=5)
  Clock Path Skew:        -0.199ns (DCD - SCD + CPR)
    Destination Clock Delay (DCD):    -1.577ns = ( 38.423 - 40.000 ) 
    Source Clock Delay      (SCD):    -0.896ns
    Clock Pessimism Removal (CPR):    0.482ns
  Clock Uncertainty:      0.091ns  ((TSJ^2 + DJ^2)^1/2) / 2 + PE
    Total System Jitter     (TSJ):    0.071ns
    Discrete Jitter          (DJ):    0.168ns
    Phase Error              (PE):    0.000ns

    Location             Delay type                Incr(ns)  Path(ns)    Netlist Resource(s)
  -------------------------------------------------------------------    -------------------
                         (clock clk_out1_clk_wiz_0_1 rise edge)
                                                      0.000     0.000 r  
    N15                                               0.000     0.000 r  clk_100mhz (IN)
                         net (fo=0)                   0.000     0.000    clk_gen/inst/clk_in1
    N15                  IBUF (Prop_ibuf_I_O)         1.440     1.440 r  clk_gen/inst/clkin1_ibufg/O
                         net (fo=1, routed)           1.233     2.673    clk_gen/inst/clk_in1_clk_wiz_0
    MMCME2_ADV_X0Y0      MMCME2_ADV (Prop_mmcme2_adv_CLKIN1_CLKOUT0)
                                                     -6.965    -4.291 r  clk_gen/inst/mmcm_adv_inst/CLKOUT0
                         net (fo=1, routed)           1.666    -2.625    clk_gen/inst/clk_out1_clk_wiz_0
    BUFGCTRL_X0Y0        BUFG (Prop_bufg_I_O)         0.096    -2.529 r  clk_gen/inst/clkout1_buf/O
                         net (fo=2798, routed)        1.633    -0.896    drawer/clk_out1
    SLICE_X7Y9           FDCE                                         r  drawer/clear_counter_reg[8]/C
  -------------------------------------------------------------------    -------------------
    SLICE_X7Y9           FDCE (Prop_fdce_C_Q)         0.419    -0.477 r  drawer/clear_counter_reg[8]/Q
                         net (fo=24, routed)          1.591     1.114    drawer/clear_counter_reg_n_0_[8]
    SLICE_X9Y13          LUT3 (Prop_lut3_I0_O)        0.324     1.438 r  drawer/canvas_y0_carry__2_i_4/O
                         net (fo=4, routed)           0.817     2.255    drawer/canvas_y0_carry__2_i_4_n_0
    SLICE_X5Y12          LUT4 (Prop_lut4_I0_O)        0.332     2.587 r  drawer/canvas_y0_carry__2_i_8/O
                         net (fo=1, routed)           0.000     2.587    drawer/canvas_y0_carry__2_i_8_n_0
    SLICE_X5Y12          CARRY4 (Prop_carry4_S[0]_CO[3])
                                                      0.532     3.119 r  drawer/canvas_y0_carry__2/CO[3]
                         net (fo=1, routed)           0.000     3.119    drawer/canvas_y0_carry__2_n_0
    SLICE_X5Y13          CARRY4 (Prop_carry4_CI_O[0])
                                                      0.222     3.341 r  drawer/canvas_y0_carry__3/O[0]
                         net (fo=2, routed)           0.833     4.174    drawer/canvas_y0_carry__3_n_7
    SLICE_X3Y13          LUT3 (Prop_lut3_I0_O)        0.327     4.501 r  drawer/canvas_y0__36_carry__2_i_3/O
                         net (fo=2, routed)           0.497     4.998    drawer/canvas_y0__36_carry__2_i_3_n_0
    SLICE_X4Y13          LUT4 (Prop_lut4_I3_O)        0.326     5.324 r  drawer/canvas_y0__36_carry__2_i_7/O
                         net (fo=1, routed)           0.000     5.324    drawer/canvas_y0__36_carry__2_i_7_n_0
    SLICE_X4Y13          CARRY4 (Prop_carry4_S[1]_CO[3])
                                                      0.550     5.874 r  drawer/canvas_y0__36_carry__2/CO[3]
                         net (fo=1, routed)           0.000     5.874    drawer/canvas_y0__36_carry__2_n_0
    SLICE_X4Y14          CARRY4 (Prop_carry4_CI_O[0])
                                                      0.222     6.096 f  drawer/canvas_y0__36_carry__3/O[0]
                         net (fo=13, routed)          0.653     6.749    drawer/canvas_y0__36_carry__3_n_7
    SLICE_X5Y15          LUT3 (Prop_lut3_I1_O)        0.299     7.048 r  drawer/canvas_y0__80_carry__0_i_1/O
                         net (fo=2, routed)           0.443     7.491    drawer/canvas_y0__80_carry__0_i_1_n_0
    SLICE_X7Y13          LUT4 (Prop_lut4_I3_O)        0.124     7.615 r  drawer/canvas_y0__80_carry__0_i_3/O
                         net (fo=1, routed)           0.000     7.615    drawer/canvas_y0__80_carry__0_i_3_n_0
    SLICE_X7Y13          CARRY4 (Prop_carry4_S[3]_CO[3])
                                                      0.401     8.016 r  drawer/canvas_y0__80_carry__0/CO[3]
                         net (fo=1, routed)           0.000     8.016    drawer/canvas_y0__80_carry__0_n_0
    SLICE_X7Y14          CARRY4 (Prop_carry4_CI_O[1])
                                                      0.334     8.350 r  drawer/canvas_y0__80_carry__1/O[1]
                         net (fo=3, routed)           0.844     9.194    drawer/canvas_y0__80_carry__1_n_6
    SLICE_X8Y13          LUT4 (Prop_lut4_I1_O)        0.303     9.497 r  drawer/canvas_y0__118_carry__1_i_7/O
                         net (fo=1, routed)           0.000     9.497    drawer/canvas_y0__118_carry__1_i_7_n_0
    SLICE_X8Y13          CARRY4 (Prop_carry4_S[1]_CO[3])
                                                      0.533    10.030 r  drawer/canvas_y0__118_carry__1/CO[3]
                         net (fo=1, routed)           0.000    10.030    drawer/canvas_y0__118_carry__1_n_0
    SLICE_X8Y14          CARRY4 (Prop_carry4_CI_CO[0])
                                                      0.254    10.284 r  drawer/canvas_y0__118_carry__2/CO[0]
                         net (fo=2, routed)           0.781    11.065    drawer/canvas_y0__118_carry__2_n_3
    SLICE_X3Y14          LUT3 (Prop_lut3_I1_O)        0.361    11.426 f  drawer/memory_reg_0_127_0_0_i_59/O
                         net (fo=8, routed)           0.347    11.773    drawer/memory_reg_0_127_0_0_i_59_n_0
    SLICE_X0Y15          LUT6 (Prop_lut6_I5_O)        0.326    12.099 r  drawer/memory_reg_0_127_0_0_i_71/O
                         net (fo=3, routed)           0.829    12.928    drawer/memory_reg_0_127_0_0_i_71_n_0
    SLICE_X5Y15          LUT3 (Prop_lut3_I2_O)        0.152    13.080 r  drawer/memory_reg_128_255_0_0_i_27/O
                         net (fo=1, routed)           0.429    13.508    drawer/memory_reg_128_255_0_0_i_27_n_0
    SLICE_X7Y16          LUT6 (Prop_lut6_I2_O)        0.326    13.834 r  drawer/memory_reg_128_255_0_0_i_17/O
                         net (fo=5, routed)           0.329    14.164    drawer/fb_write_y[7]
    SLICE_X4Y16          LUT2 (Prop_lut2_I1_O)        0.124    14.288 r  drawer/memory_reg_128_255_0_0_i_22/O
                         net (fo=1, routed)           0.000    14.288    drawer/memory_reg_128_255_0_0_i_22_n_0
    SLICE_X4Y16          CARRY4 (Prop_carry4_S[3]_CO[3])
                                                      0.401    14.689 r  drawer/memory_reg_128_255_0_0_i_11/CO[3]
                         net (fo=1, routed)           0.000    14.689    drawer/memory_reg_128_255_0_0_i_11_n_0
    SLICE_X4Y17          CARRY4 (Prop_carry4_CI_O[0])
                                                      0.222    14.911 r  drawer/memory_reg_0_127_0_0_i_51/O[0]
                         net (fo=2, routed)           0.637    15.548    drawer/memory_reg_0_127_0_0_i_51_n_7
    SLICE_X5Y17          LUT2 (Prop_lut2_I0_O)        0.299    15.847 r  drawer/memory_reg_0_127_0_0_i_55/O
                         net (fo=1, routed)           0.000    15.847    drawer/memory_reg_0_127_0_0_i_55_n_0
    SLICE_X5Y17          CARRY4 (Prop_carry4_S[0]_O[1])
                                                      0.424    16.271 r  drawer/memory_reg_0_127_0_0_i_32/O[1]
                         net (fo=1, routed)           0.560    16.831    drawer/memory_reg_0_127_0_0_i_32_n_6
    SLICE_X3Y17          CARRY4 (Prop_carry4_S[1]_O[2])
                                                      0.883    17.714 f  drawer/memory_reg_0_127_0_0_i_19/O[2]
                         net (fo=273, routed)         2.327    20.041    canvas_fb/write_addr[10]
    SLICE_X36Y18         LUT2 (Prop_lut2_I1_O)        0.328    20.369 f  canvas_fb/memory_reg_0_127_0_0_i_49/O
                         net (fo=1, routed)           0.758    21.127    canvas_fb/memory_reg_0_127_0_0_i_49_n_0
    SLICE_X31Y20         LUT6 (Prop_lut6_I5_O)        0.326    21.453 r  canvas_fb/memory_reg_0_127_0_0_i_31/O
                         net (fo=3, routed)           0.554    22.007    canvas_fb/memory_reg_0_127_0_0_i_31_n_0
    SLICE_X29Y25         LUT6 (Prop_lut6_I3_O)        0.124    22.131 r  canvas_fb/memory_reg_25472_25599_0_0_i_4/O
                         net (fo=70, routed)          1.417    23.549    drawer/memory_reg_25472_25599_0_0
    SLICE_X35Y17         LUT4 (Prop_lut4_I3_O)        0.152    23.701 f  drawer/memory_reg_40448_40575_0_0_i_2/O
                         net (fo=15, routed)          2.198    25.899    drawer/memory_reg_40448_40575_0_0_i_2_n_0
    SLICE_X39Y45         LUT6 (Prop_lut6_I5_O)        0.326    26.225 r  drawer/memory_reg_44544_44671_0_0_i_1/O
                         net (fo=4, routed)           0.536    26.760    canvas_fb/memory_reg_44544_44671_0_0/WE
    SLICE_X38Y53         RAMD64E                                      r  canvas_fb/memory_reg_44544_44671_0_0/DP.HIGH/WE
  -------------------------------------------------------------------    -------------------

                         (clock clk_out1_clk_wiz_0_1 rise edge)
                                                     40.000    40.000 r  
    N15                                               0.000    40.000 r  clk_100mhz (IN)
                         net (fo=0)                   0.000    40.000    clk_gen/inst/clk_in1
    N15                  IBUF (Prop_ibuf_I_O)         1.370    41.370 r  clk_gen/inst/clkin1_ibufg/O
                         net (fo=1, routed)           1.162    42.532    clk_gen/inst/clk_in1_clk_wiz_0
    MMCME2_ADV_X0Y0      MMCME2_ADV (Prop_mmcme2_adv_CLKIN1_CLKOUT0)
                                                     -7.221    35.311 r  clk_gen/inst/mmcm_adv_inst/CLKOUT0
                         net (fo=1, routed)           1.587    36.898    clk_gen/inst/clk_out1_clk_wiz_0
    BUFGCTRL_X0Y0        BUFG (Prop_bufg_I_O)         0.091    36.989 r  clk_gen/inst/clkout1_buf/O
                         net (fo=2798, routed)        1.435    38.423    canvas_fb/memory_reg_44544_44671_0_0/WCLK
    SLICE_X38Y53         RAMD64E                                      r  canvas_fb/memory_reg_44544_44671_0_0/DP.HIGH/CLK
                         clock pessimism              0.482    38.906    
                         clock uncertainty           -0.091    38.815    
    SLICE_X38Y53         RAMD64E (Setup_ramd64e_CLK_WE)
                                                     -0.533    38.282    canvas_fb/memory_reg_44544_44671_0_0/DP.HIGH
  -------------------------------------------------------------------
                         required time                         38.282    
                         arrival time                         -26.760    
  -------------------------------------------------------------------
                         slack                                 11.521    

Slack (MET) :             11.521ns  (required time - arrival time)
  Source:                 drawer/clear_counter_reg[8]/C
                            (rising edge-triggered cell FDCE clocked by clk_out1_clk_wiz_0_1  {rise@0.000ns fall@20.000ns period=40.000ns})
  Destination:            canvas_fb/memory_reg_44544_44671_0_0/DP.LOW/WE
                            (rising edge-triggered cell RAMD64E clocked by clk_out1_clk_wiz_0_1  {rise@0.000ns fall@20.000ns period=40.000ns})
  Path Group:             clk_out1_clk_wiz_0_1
  Path Type:              Setup (Max at Slow Process Corner)
  Requirement:            40.000ns  (clk_out1_clk_wiz_0_1 rise@40.000ns - clk_out1_clk_wiz_0_1 rise@0.000ns)
  Data Path Delay:        27.656ns  (logic 10.276ns (37.156%)  route 17.380ns (62.844%))
  Logic Levels:           30  (CARRY4=12 LUT2=3 LUT3=5 LUT4=5 LUT6=5)
  Clock Path Skew:        -0.199ns (DCD - SCD + CPR)
    Destination Clock Delay (DCD):    -1.577ns = ( 38.423 - 40.000 ) 
    Source Clock Delay      (SCD):    -0.896ns
    Clock Pessimism Removal (CPR):    0.482ns
  Clock Uncertainty:      0.091ns  ((TSJ^2 + DJ^2)^1/2) / 2 + PE
    Total System Jitter     (TSJ):    0.071ns
    Discrete Jitter          (DJ):    0.168ns
    Phase Error              (PE):    0.000ns

    Location             Delay type                Incr(ns)  Path(ns)    Netlist Resource(s)
  -------------------------------------------------------------------    -------------------
                         (clock clk_out1_clk_wiz_0_1 rise edge)
                                                      0.000     0.000 r  
    N15                                               0.000     0.000 r  clk_100mhz (IN)
                         net (fo=0)                   0.000     0.000    clk_gen/inst/clk_in1
    N15                  IBUF (Prop_ibuf_I_O)         1.440     1.440 r  clk_gen/inst/clkin1_ibufg/O
                         net (fo=1, routed)           1.233     2.673    clk_gen/inst/clk_in1_clk_wiz_0
    MMCME2_ADV_X0Y0      MMCME2_ADV (Prop_mmcme2_adv_CLKIN1_CLKOUT0)
                                                     -6.965    -4.291 r  clk_gen/inst/mmcm_adv_inst/CLKOUT0
                         net (fo=1, routed)           1.666    -2.625    clk_gen/inst/clk_out1_clk_wiz_0
    BUFGCTRL_X0Y0        BUFG (Prop_bufg_I_O)         0.096    -2.529 r  clk_gen/inst/clkout1_buf/O
                         net (fo=2798, routed)        1.633    -0.896    drawer/clk_out1
    SLICE_X7Y9           FDCE                                         r  drawer/clear_counter_reg[8]/C
  -------------------------------------------------------------------    -------------------
    SLICE_X7Y9           FDCE (Prop_fdce_C_Q)         0.419    -0.477 r  drawer/clear_counter_reg[8]/Q
                         net (fo=24, routed)          1.591     1.114    drawer/clear_counter_reg_n_0_[8]
    SLICE_X9Y13          LUT3 (Prop_lut3_I0_O)        0.324     1.438 r  drawer/canvas_y0_carry__2_i_4/O
                         net (fo=4, routed)           0.817     2.255    drawer/canvas_y0_carry__2_i_4_n_0
    SLICE_X5Y12          LUT4 (Prop_lut4_I0_O)        0.332     2.587 r  drawer/canvas_y0_carry__2_i_8/O
                         net (fo=1, routed)           0.000     2.587    drawer/canvas_y0_carry__2_i_8_n_0
    SLICE_X5Y12          CARRY4 (Prop_carry4_S[0]_CO[3])
                                                      0.532     3.119 r  drawer/canvas_y0_carry__2/CO[3]
                         net (fo=1, routed)           0.000     3.119    drawer/canvas_y0_carry__2_n_0
    SLICE_X5Y13          CARRY4 (Prop_carry4_CI_O[0])
                                                      0.222     3.341 r  drawer/canvas_y0_carry__3/O[0]
                         net (fo=2, routed)           0.833     4.174    drawer/canvas_y0_carry__3_n_7
    SLICE_X3Y13          LUT3 (Prop_lut3_I0_O)        0.327     4.501 r  drawer/canvas_y0__36_carry__2_i_3/O
                         net (fo=2, routed)           0.497     4.998    drawer/canvas_y0__36_carry__2_i_3_n_0
    SLICE_X4Y13          LUT4 (Prop_lut4_I3_O)        0.326     5.324 r  drawer/canvas_y0__36_carry__2_i_7/O
                         net (fo=1, routed)           0.000     5.324    drawer/canvas_y0__36_carry__2_i_7_n_0
    SLICE_X4Y13          CARRY4 (Prop_carry4_S[1]_CO[3])
                                                      0.550     5.874 r  drawer/canvas_y0__36_carry__2/CO[3]
                         net (fo=1, routed)           0.000     5.874    drawer/canvas_y0__36_carry__2_n_0
    SLICE_X4Y14          CARRY4 (Prop_carry4_CI_O[0])
                                                      0.222     6.096 f  drawer/canvas_y0__36_carry__3/O[0]
                         net (fo=13, routed)          0.653     6.749    drawer/canvas_y0__36_carry__3_n_7
    SLICE_X5Y15          LUT3 (Prop_lut3_I1_O)        0.299     7.048 r  drawer/canvas_y0__80_carry__0_i_1/O
                         net (fo=2, routed)           0.443     7.491    drawer/canvas_y0__80_carry__0_i_1_n_0
    SLICE_X7Y13          LUT4 (Prop_lut4_I3_O)        0.124     7.615 r  drawer/canvas_y0__80_carry__0_i_3/O
                         net (fo=1, routed)           0.000     7.615    drawer/canvas_y0__80_carry__0_i_3_n_0
    SLICE_X7Y13          CARRY4 (Prop_carry4_S[3]_CO[3])
                                                      0.401     8.016 r  drawer/canvas_y0__80_carry__0/CO[3]
                         net (fo=1, routed)           0.000     8.016    drawer/canvas_y0__80_carry__0_n_0
    SLICE_X7Y14          CARRY4 (Prop_carry4_CI_O[1])
                                                      0.334     8.350 r  drawer/canvas_y0__80_carry__1/O[1]
                         net (fo=3, routed)           0.844     9.194    drawer/canvas_y0__80_carry__1_n_6
    SLICE_X8Y13          LUT4 (Prop_lut4_I1_O)        0.303     9.497 r  drawer/canvas_y0__118_carry__1_i_7/O
                         net (fo=1, routed)           0.000     9.497    drawer/canvas_y0__118_carry__1_i_7_n_0
    SLICE_X8Y13          CARRY4 (Prop_carry4_S[1]_CO[3])
                                                      0.533    10.030 r  drawer/canvas_y0__118_carry__1/CO[3]
                         net (fo=1, routed)           0.000    10.030    drawer/canvas_y0__118_carry__1_n_0
    SLICE_X8Y14          CARRY4 (Prop_carry4_CI_CO[0])
                                                      0.254    10.284 r  drawer/canvas_y0__118_carry__2/CO[0]
                         net (fo=2, routed)           0.781    11.065    drawer/canvas_y0__118_carry__2_n_3
    SLICE_X3Y14          LUT3 (Prop_lut3_I1_O)        0.361    11.426 f  drawer/memory_reg_0_127_0_0_i_59/O
                         net (fo=8, routed)           0.347    11.773    drawer/memory_reg_0_127_0_0_i_59_n_0
    SLICE_X0Y15          LUT6 (Prop_lut6_I5_O)        0.326    12.099 r  drawer/memory_reg_0_127_0_0_i_71/O
                         net (fo=3, routed)           0.829    12.928    drawer/memory_reg_0_127_0_0_i_71_n_0
    SLICE_X5Y15          LUT3 (Prop_lut3_I2_O)        0.152    13.080 r  drawer/memory_reg_128_255_0_0_i_27/O
                         net (fo=1, routed)           0.429    13.508    drawer/memory_reg_128_255_0_0_i_27_n_0
    SLICE_X7Y16          LUT6 (Prop_lut6_I2_O)        0.326    13.834 r  drawer/memory_reg_128_255_0_0_i_17/O
                         net (fo=5, routed)           0.329    14.164    drawer/fb_write_y[7]
    SLICE_X4Y16          LUT2 (Prop_lut2_I1_O)        0.124    14.288 r  drawer/memory_reg_128_255_0_0_i_22/O
                         net (fo=1, routed)           0.000    14.288    drawer/memory_reg_128_255_0_0_i_22_n_0
    SLICE_X4Y16          CARRY4 (Prop_carry4_S[3]_CO[3])
                                                      0.401    14.689 r  drawer/memory_reg_128_255_0_0_i_11/CO[3]
                         net (fo=1, routed)           0.000    14.689    drawer/memory_reg_128_255_0_0_i_11_n_0
    SLICE_X4Y17          CARRY4 (Prop_carry4_CI_O[0])
                                                      0.222    14.911 r  drawer/memory_reg_0_127_0_0_i_51/O[0]
                         net (fo=2, routed)           0.637    15.548    drawer/memory_reg_0_127_0_0_i_51_n_7
    SLICE_X5Y17          LUT2 (Prop_lut2_I0_O)        0.299    15.847 r  drawer/memory_reg_0_127_0_0_i_55/O
                         net (fo=1, routed)           0.000    15.847    drawer/memory_reg_0_127_0_0_i_55_n_0
    SLICE_X5Y17          CARRY4 (Prop_carry4_S[0]_O[1])
                                                      0.424    16.271 r  drawer/memory_reg_0_127_0_0_i_32/O[1]
                         net (fo=1, routed)           0.560    16.831    drawer/memory_reg_0_127_0_0_i_32_n_6
    SLICE_X3Y17          CARRY4 (Prop_carry4_S[1]_O[2])
                                                      0.883    17.714 f  drawer/memory_reg_0_127_0_0_i_19/O[2]
                         net (fo=273, routed)         2.327    20.041    canvas_fb/write_addr[10]
    SLICE_X36Y18         LUT2 (Prop_lut2_I1_O)        0.328    20.369 f  canvas_fb/memory_reg_0_127_0_0_i_49/O
                         net (fo=1, routed)           0.758    21.127    canvas_fb/memory_reg_0_127_0_0_i_49_n_0
    SLICE_X31Y20         LUT6 (Prop_lut6_I5_O)        0.326    21.453 r  canvas_fb/memory_reg_0_127_0_0_i_31/O
                         net (fo=3, routed)           0.554    22.007    canvas_fb/memory_reg_0_127_0_0_i_31_n_0
    SLICE_X29Y25         LUT6 (Prop_lut6_I3_O)        0.124    22.131 r  canvas_fb/memory_reg_25472_25599_0_0_i_4/O
                         net (fo=70, routed)          1.417    23.549    drawer/memory_reg_25472_25599_0_0
    SLICE_X35Y17         LUT4 (Prop_lut4_I3_O)        0.152    23.701 f  drawer/memory_reg_40448_40575_0_0_i_2/O
                         net (fo=15, routed)          2.198    25.899    drawer/memory_reg_40448_40575_0_0_i_2_n_0
    SLICE_X39Y45         LUT6 (Prop_lut6_I5_O)        0.326    26.225 r  drawer/memory_reg_44544_44671_0_0_i_1/O
                         net (fo=4, routed)           0.536    26.760    canvas_fb/memory_reg_44544_44671_0_0/WE
    SLICE_X38Y53         RAMD64E                                      r  canvas_fb/memory_reg_44544_44671_0_0/DP.LOW/WE
  -------------------------------------------------------------------    -------------------

                         (clock clk_out1_clk_wiz_0_1 rise edge)
                                                     40.000    40.000 r  
    N15                                               0.000    40.000 r  clk_100mhz (IN)
                         net (fo=0)                   0.000    40.000    clk_gen/inst/clk_in1
    N15                  IBUF (Prop_ibuf_I_O)         1.370    41.370 r  clk_gen/inst/clkin1_ibufg/O
                         net (fo=1, routed)           1.162    42.532    clk_gen/inst/clk_in1_clk_wiz_0
    MMCME2_ADV_X0Y0      MMCME2_ADV (Prop_mmcme2_adv_CLKIN1_CLKOUT0)
                                                     -7.221    35.311 r  clk_gen/inst/mmcm_adv_inst/CLKOUT0
                         net (fo=1, routed)           1.587    36.898    clk_gen/inst/clk_out1_clk_wiz_0
    BUFGCTRL_X0Y0        BUFG (Prop_bufg_I_O)         0.091    36.989 r  clk_gen/inst/clkout1_buf/O
                         net (fo=2798, routed)        1.435    38.423    canvas_fb/memory_reg_44544_44671_0_0/WCLK
    SLICE_X38Y53         RAMD64E                                      r  canvas_fb/memory_reg_44544_44671_0_0/DP.LOW/CLK
                         clock pessimism              0.482    38.906    
                         clock uncertainty           -0.091    38.815    
    SLICE_X38Y53         RAMD64E (Setup_ramd64e_CLK_WE)
                                                     -0.533    38.282    canvas_fb/memory_reg_44544_44671_0_0/DP.LOW
  -------------------------------------------------------------------
                         required time                         38.282    
                         arrival time                         -26.760    
  -------------------------------------------------------------------
                         slack                                 11.521    





Min Delay Paths
--------------------------------------------------------------------------------------
Slack (MET) :             0.163ns  (arrival time - required time)
  Source:                 hdmi_transmitter/inst/encg/n1d_reg[2]/C
                            (rising edge-triggered cell FDRE clocked by clk_out1_clk_wiz_0_1  {rise@0.000ns fall@20.000ns period=40.000ns})
  Destination:            hdmi_transmitter/inst/encg/q_m_reg_reg[1]/D
                            (rising edge-triggered cell FDRE clocked by clk_out1_clk_wiz_0_1  {rise@0.000ns fall@20.000ns period=40.000ns})
  Path Group:             clk_out1_clk_wiz_0_1
  Path Type:              Hold (Min at Fast Process Corner)
  Requirement:            0.000ns  (clk_out1_clk_wiz_0_1 rise@0.000ns - clk_out1_clk_wiz_0_1 rise@0.000ns)
  Data Path Delay:        0.268ns  (logic 0.186ns (69.370%)  route 0.082ns (30.630%))
  Logic Levels:           1  (LUT6=1)
  Clock Path Skew:        0.013ns (DCD - SCD - CPR)
    Destination Clock Delay (DCD):    -0.843ns
    Source Clock Delay      (SCD):    -0.606ns
    Clock Pessimism Removal (CPR):    -0.250ns

    Location             Delay type                Incr(ns)  Path(ns)    Netlist Resource(s)
  -------------------------------------------------------------------    -------------------
                         (clock clk_out1_clk_wiz_0_1 rise edge)
                                                      0.000     0.000 r  
    N15                                               0.000     0.000 r  clk_100mhz (IN)
                         net (fo=0)                   0.000     0.000    clk_gen/inst/clk_in1
    N15                  IBUF (Prop_ibuf_I_O)         0.209     0.209 r  clk_gen/inst/clkin1_ibufg/O
                         net (fo=1, routed)           0.440     0.649    clk_gen/inst/clk_in1_clk_wiz_0
    MMCME2_ADV_X0Y0      MMCME2_ADV (Prop_mmcme2_adv_CLKIN1_CLKOUT0)
                                                     -2.362    -1.714 r  clk_gen/inst/mmcm_adv_inst/CLKOUT0
                         net (fo=1, routed)           0.489    -1.225    clk_gen/inst/clk_out1_clk_wiz_0
    BUFGCTRL_X0Y0        BUFG (Prop_bufg_I_O)         0.026    -1.199 r  clk_gen/inst/clkout1_buf/O
                         net (fo=2798, routed)        0.593    -0.606    hdmi_transmitter/inst/encg/pix_clk
    SLICE_X1Y10          FDRE                                         r  hdmi_transmitter/inst/encg/n1d_reg[2]/C
  -------------------------------------------------------------------    -------------------
    SLICE_X1Y10          FDRE (Prop_fdre_C_Q)         0.141    -0.465 r  hdmi_transmitter/inst/encg/n1d_reg[2]/Q
                         net (fo=4, routed)           0.082    -0.383    hdmi_transmitter/inst/encg/n1d[2]
    SLICE_X0Y10          LUT6 (Prop_lut6_I0_O)        0.045    -0.338 r  hdmi_transmitter/inst/encg/q_m_reg[1]_i_1__0/O
                         net (fo=1, routed)           0.000    -0.338    hdmi_transmitter/inst/encg/q_m_1
    SLICE_X0Y10          FDRE                                         r  hdmi_transmitter/inst/encg/q_m_reg_reg[1]/D
  -------------------------------------------------------------------    -------------------

                         (clock clk_out1_clk_wiz_0_1 rise edge)
                                                      0.000     0.000 r  
    N15                                               0.000     0.000 r  clk_100mhz (IN)
                         net (fo=0)                   0.000     0.000    clk_gen/inst/clk_in1
    N15                  IBUF (Prop_ibuf_I_O)         0.396     0.396 r  clk_gen/inst/clkin1_ibufg/O
                         net (fo=1, routed)           0.480     0.876    clk_gen/inst/clk_in1_clk_wiz_0
    MMCME2_ADV_X0Y0      MMCME2_ADV (Prop_mmcme2_adv_CLKIN1_CLKOUT0)
                                                     -3.145    -2.269 r  clk_gen/inst/mmcm_adv_inst/CLKOUT0
                         net (fo=1, routed)           0.534    -1.735    clk_gen/inst/clk_out1_clk_wiz_0
    BUFGCTRL_X0Y0        BUFG (Prop_bufg_I_O)         0.029    -1.706 r  clk_gen/inst/clkout1_buf/O
                         net (fo=2798, routed)        0.864    -0.843    hdmi_transmitter/inst/encg/pix_clk
    SLICE_X0Y10          FDRE                                         r  hdmi_transmitter/inst/encg/q_m_reg_reg[1]/C
                         clock pessimism              0.250    -0.593    
    SLICE_X0Y10          FDRE (Hold_fdre_C_D)         0.092    -0.501    hdmi_transmitter/inst/encg/q_m_reg_reg[1]
  -------------------------------------------------------------------
                         required time                          0.501    
                         arrival time                          -0.338    
  -------------------------------------------------------------------
                         slack                                  0.163    

Slack (MET) :             0.166ns  (arrival time - required time)
  Source:                 debounce_draw/btn_prev_reg/C
                            (rising edge-triggered cell FDCE clocked by clk_out1_clk_wiz_0_1  {rise@0.000ns fall@20.000ns period=40.000ns})
  Destination:            draw_mode_latched_reg/D
                            (rising edge-triggered cell FDCE clocked by clk_out1_clk_wiz_0_1  {rise@0.000ns fall@20.000ns period=40.000ns})
  Path Group:             clk_out1_clk_wiz_0_1
  Path Type:              Hold (Min at Fast Process Corner)
  Requirement:            0.000ns  (clk_out1_clk_wiz_0_1 rise@0.000ns - clk_out1_clk_wiz_0_1 rise@0.000ns)
  Data Path Delay:        0.286ns  (logic 0.189ns (66.115%)  route 0.097ns (33.885%))
  Logic Levels:           1  (LUT3=1)
  Clock Path Skew:        0.013ns (DCD - SCD - CPR)
    Destination Clock Delay (DCD):    -0.845ns
    Source Clock Delay      (SCD):    -0.608ns
    Clock Pessimism Removal (CPR):    -0.250ns

    Location             Delay type                Incr(ns)  Path(ns)    Netlist Resource(s)
  -------------------------------------------------------------------    -------------------
                         (clock clk_out1_clk_wiz_0_1 rise edge)
                                                      0.000     0.000 r  
    N15                                               0.000     0.000 r  clk_100mhz (IN)
                         net (fo=0)                   0.000     0.000    clk_gen/inst/clk_in1
    N15                  IBUF (Prop_ibuf_I_O)         0.209     0.209 r  clk_gen/inst/clkin1_ibufg/O
                         net (fo=1, routed)           0.440     0.649    clk_gen/inst/clk_in1_clk_wiz_0
    MMCME2_ADV_X0Y0      MMCME2_ADV (Prop_mmcme2_adv_CLKIN1_CLKOUT0)
                                                     -2.362    -1.714 r  clk_gen/inst/mmcm_adv_inst/CLKOUT0
                         net (fo=1, routed)           0.489    -1.225    clk_gen/inst/clk_out1_clk_wiz_0
    BUFGCTRL_X0Y0        BUFG (Prop_bufg_I_O)         0.026    -1.199 r  clk_gen/inst/clkout1_buf/O
                         net (fo=2798, routed)        0.591    -0.608    debounce_draw/clk_out1
    SLICE_X5Y53          FDCE                                         r  debounce_draw/btn_prev_reg/C
  -------------------------------------------------------------------    -------------------
    SLICE_X5Y53          FDCE (Prop_fdce_C_Q)         0.141    -0.467 r  debounce_draw/btn_prev_reg/Q
                         net (fo=1, routed)           0.097    -0.370    debounce_draw/btn_prev
    SLICE_X4Y53          LUT3 (Prop_lut3_I0_O)        0.048    -0.322 r  debounce_draw/draw_mode_latched_i_1/O
                         net (fo=1, routed)           0.000    -0.322    debounce_draw_n_0
    SLICE_X4Y53          FDCE                                         r  draw_mode_latched_reg/D
  -------------------------------------------------------------------    -------------------

                         (clock clk_out1_clk_wiz_0_1 rise edge)
                                                      0.000     0.000 r  
    N15                                               0.000     0.000 r  clk_100mhz (IN)
                         net (fo=0)                   0.000     0.000    clk_gen/inst/clk_in1
    N15                  IBUF (Prop_ibuf_I_O)         0.396     0.396 r  clk_gen/inst/clkin1_ibufg/O
                         net (fo=1, routed)           0.480     0.876    clk_gen/inst/clk_in1_clk_wiz_0
    MMCME2_ADV_X0Y0      MMCME2_ADV (Prop_mmcme2_adv_CLKIN1_CLKOUT0)
                                                     -3.145    -2.269 r  clk_gen/inst/mmcm_adv_inst/CLKOUT0
                         net (fo=1, routed)           0.534    -1.735    clk_gen/inst/clk_out1_clk_wiz_0
    BUFGCTRL_X0Y0        BUFG (Prop_bufg_I_O)         0.029    -1.706 r  clk_gen/inst/clkout1_buf/O
                         net (fo=2798, routed)        0.861    -0.845    clk_25mhz
    SLICE_X4Y53          FDCE                                         r  draw_mode_latched_reg/C
                         clock pessimism              0.250    -0.595    
    SLICE_X4Y53          FDCE (Hold_fdce_C_D)         0.107    -0.488    draw_mode_latched_reg
  -------------------------------------------------------------------
                         required time                          0.488    
                         arrival time                          -0.322    
  -------------------------------------------------------------------
                         slack                                  0.166    

Slack (MET) :             0.182ns  (arrival time - required time)
  Source:                 debounce_clear/btn_sync2_reg/C
                            (rising edge-triggered cell FDCE clocked by clk_out1_clk_wiz_0_1  {rise@0.000ns fall@20.000ns period=40.000ns})
  Destination:            debounce_clear/counter_reg[8]/D
                            (rising edge-triggered cell FDCE clocked by clk_out1_clk_wiz_0_1  {rise@0.000ns fall@20.000ns period=40.000ns})
  Path Group:             clk_out1_clk_wiz_0_1
  Path Type:              Hold (Min at Fast Process Corner)
  Requirement:            0.000ns  (clk_out1_clk_wiz_0_1 rise@0.000ns - clk_out1_clk_wiz_0_1 rise@0.000ns)
  Data Path Delay:        0.565ns  (logic 0.186ns (32.946%)  route 0.379ns (67.054%))
  Logic Levels:           1  (LUT4=1)
  Clock Path Skew:        0.276ns (DCD - SCD - CPR)
    Destination Clock Delay (DCD):    -0.840ns
    Source Clock Delay      (SCD):    -0.608ns
    Clock Pessimism Removal (CPR):    -0.508ns

    Location             Delay type                Incr(ns)  Path(ns)    Netlist Resource(s)
  -------------------------------------------------------------------    -------------------
                         (clock clk_out1_clk_wiz_0_1 rise edge)
                                                      0.000     0.000 r  
    N15                                               0.000     0.000 r  clk_100mhz (IN)
                         net (fo=0)                   0.000     0.000    clk_gen/inst/clk_in1
    N15                  IBUF (Prop_ibuf_I_O)         0.209     0.209 r  clk_gen/inst/clkin1_ibufg/O
                         net (fo=1, routed)           0.440     0.649    clk_gen/inst/clk_in1_clk_wiz_0
    MMCME2_ADV_X0Y0      MMCME2_ADV (Prop_mmcme2_adv_CLKIN1_CLKOUT0)
                                                     -2.362    -1.714 r  clk_gen/inst/mmcm_adv_inst/CLKOUT0
                         net (fo=1, routed)           0.489    -1.225    clk_gen/inst/clk_out1_clk_wiz_0
    BUFGCTRL_X0Y0        BUFG (Prop_bufg_I_O)         0.026    -1.199 r  clk_gen/inst/clkout1_buf/O
                         net (fo=2798, routed)        0.591    -0.608    debounce_clear/clk_out1
    SLICE_X4Y55          FDCE                                         r  debounce_clear/btn_sync2_reg/C
  -------------------------------------------------------------------    -------------------
    SLICE_X4Y55          FDCE (Prop_fdce_C_Q)         0.141    -0.467 r  debounce_clear/btn_sync2_reg/Q
                         net (fo=21, routed)          0.379    -0.089    debounce_clear/btn_sync2
    SLICE_X1Y48          LUT4 (Prop_lut4_I0_O)        0.045    -0.044 r  debounce_clear/counter[8]_i_1__1/O
                         net (fo=1, routed)           0.000    -0.044    debounce_clear/p_0_in[8]
    SLICE_X1Y48          FDCE                                         r  debounce_clear/counter_reg[8]/D
  -------------------------------------------------------------------    -------------------

                         (clock clk_out1_clk_wiz_0_1 rise edge)
                                                      0.000     0.000 r  
    N15                                               0.000     0.000 r  clk_100mhz (IN)
                         net (fo=0)                   0.000     0.000    clk_gen/inst/clk_in1
    N15                  IBUF (Prop_ibuf_I_O)         0.396     0.396 r  clk_gen/inst/clkin1_ibufg/O
                         net (fo=1, routed)           0.480     0.876    clk_gen/inst/clk_in1_clk_wiz_0
    MMCME2_ADV_X0Y0      MMCME2_ADV (Prop_mmcme2_adv_CLKIN1_CLKOUT0)
                                                     -3.145    -2.269 r  clk_gen/inst/mmcm_adv_inst/CLKOUT0
                         net (fo=1, routed)           0.534    -1.735    clk_gen/inst/clk_out1_clk_wiz_0
    BUFGCTRL_X0Y0        BUFG (Prop_bufg_I_O)         0.029    -1.706 r  clk_gen/inst/clkout1_buf/O
                         net (fo=2798, routed)        0.867    -0.840    debounce_clear/clk_out1
    SLICE_X1Y48          FDCE                                         r  debounce_clear/counter_reg[8]/C
                         clock pessimism              0.508    -0.332    
    SLICE_X1Y48          FDCE (Hold_fdce_C_D)         0.107    -0.225    debounce_clear/counter_reg[8]
  -------------------------------------------------------------------
                         required time                          0.225    
                         arrival time                          -0.044    
  -------------------------------------------------------------------
                         slack                                  0.182    

Slack (MET) :             0.191ns  (arrival time - required time)
  Source:                 hdmi_transmitter/inst/encb/n1d_reg[1]/C
                            (rising edge-triggered cell FDRE clocked by clk_out1_clk_wiz_0_1  {rise@0.000ns fall@20.000ns period=40.000ns})
  Destination:            hdmi_transmitter/inst/encb/q_m_reg_reg[1]/D
                            (rising edge-triggered cell FDRE clocked by clk_out1_clk_wiz_0_1  {rise@0.000ns fall@20.000ns period=40.000ns})
  Path Group:             clk_out1_clk_wiz_0_1
  Path Type:              Hold (Min at Fast Process Corner)
  Requirement:            0.000ns  (clk_out1_clk_wiz_0_1 rise@0.000ns - clk_out1_clk_wiz_0_1 rise@0.000ns)
  Data Path Delay:        0.299ns  (logic 0.186ns (62.156%)  route 0.113ns (37.844%))
  Logic Levels:           1  (LUT6=1)
  Clock Path Skew:        0.016ns (DCD - SCD - CPR)
    Destination Clock Delay (DCD):    -0.843ns
    Source Clock Delay      (SCD):    -0.606ns
    Clock Pessimism Removal (CPR):    -0.253ns

    Location             Delay type                Incr(ns)  Path(ns)    Netlist Resource(s)
  -------------------------------------------------------------------    -------------------
                         (clock clk_out1_clk_wiz_0_1 rise edge)
                                                      0.000     0.000 r  
    N15                                               0.000     0.000 r  clk_100mhz (IN)
                         net (fo=0)                   0.000     0.000    clk_gen/inst/clk_in1
    N15                  IBUF (Prop_ibuf_I_O)         0.209     0.209 r  clk_gen/inst/clkin1_ibufg/O
                         net (fo=1, routed)           0.440     0.649    clk_gen/inst/clk_in1_clk_wiz_0
    MMCME2_ADV_X0Y0      MMCME2_ADV (Prop_mmcme2_adv_CLKIN1_CLKOUT0)
                                                     -2.362    -1.714 r  clk_gen/inst/mmcm_adv_inst/CLKOUT0
                         net (fo=1, routed)           0.489    -1.225    clk_gen/inst/clk_out1_clk_wiz_0
    BUFGCTRL_X0Y0        BUFG (Prop_bufg_I_O)         0.026    -1.199 r  clk_gen/inst/clkout1_buf/O
                         net (fo=2798, routed)        0.593    -0.606    hdmi_transmitter/inst/encb/pix_clk
    SLICE_X7Y6           FDRE                                         r  hdmi_transmitter/inst/encb/n1d_reg[1]/C
  -------------------------------------------------------------------    -------------------
    SLICE_X7Y6           FDRE (Prop_fdre_C_Q)         0.141    -0.465 r  hdmi_transmitter/inst/encb/n1d_reg[1]/Q
                         net (fo=4, routed)           0.113    -0.352    hdmi_transmitter/inst/encb/n1d[1]
    SLICE_X5Y6           LUT6 (Prop_lut6_I2_O)        0.045    -0.307 r  hdmi_transmitter/inst/encb/q_m_reg[1]_i_1/O
                         net (fo=1, routed)           0.000    -0.307    hdmi_transmitter/inst/encb/q_m_1
    SLICE_X5Y6           FDRE                                         r  hdmi_transmitter/inst/encb/q_m_reg_reg[1]/D
  -------------------------------------------------------------------    -------------------

                         (clock clk_out1_clk_wiz_0_1 rise edge)
                                                      0.000     0.000 r  
    N15                                               0.000     0.000 r  clk_100mhz (IN)
                         net (fo=0)                   0.000     0.000    clk_gen/inst/clk_in1
    N15                  IBUF (Prop_ibuf_I_O)         0.396     0.396 r  clk_gen/inst/clkin1_ibufg/O
                         net (fo=1, routed)           0.480     0.876    clk_gen/inst/clk_in1_clk_wiz_0
    MMCME2_ADV_X0Y0      MMCME2_ADV (Prop_mmcme2_adv_CLKIN1_CLKOUT0)
                                                     -3.145    -2.269 r  clk_gen/inst/mmcm_adv_inst/CLKOUT0
                         net (fo=1, routed)           0.534    -1.735    clk_gen/inst/clk_out1_clk_wiz_0
    BUFGCTRL_X0Y0        BUFG (Prop_bufg_I_O)         0.029    -1.706 r  clk_gen/inst/clkout1_buf/O
                         net (fo=2798, routed)        0.864    -0.843    hdmi_transmitter/inst/encb/pix_clk
    SLICE_X5Y6           FDRE                                         r  hdmi_transmitter/inst/encb/q_m_reg_reg[1]/C
                         clock pessimism              0.253    -0.590    
    SLICE_X5Y6           FDRE (Hold_fdre_C_D)         0.092    -0.498    hdmi_transmitter/inst/encb/q_m_reg_reg[1]
  -------------------------------------------------------------------
                         required time                          0.498    
                         arrival time                          -0.307    
  -------------------------------------------------------------------
                         slack                                  0.191    

Slack (MET) :             0.197ns  (arrival time - required time)
  Source:                 debounce_clear/btn_sync2_reg/C
                            (rising edge-triggered cell FDCE clocked by clk_out1_clk_wiz_0_1  {rise@0.000ns fall@20.000ns period=40.000ns})
  Destination:            debounce_clear/counter_reg[7]/D
                            (rising edge-triggered cell FDCE clocked by clk_out1_clk_wiz_0_1  {rise@0.000ns fall@20.000ns period=40.000ns})
  Path Group:             clk_out1_clk_wiz_0_1
  Path Type:              Hold (Min at Fast Process Corner)
  Requirement:            0.000ns  (clk_out1_clk_wiz_0_1 rise@0.000ns - clk_out1_clk_wiz_0_1 rise@0.000ns)
  Data Path Delay:        0.565ns  (logic 0.186ns (32.946%)  route 0.379ns (67.054%))
  Logic Levels:           1  (LUT4=1)
  Clock Path Skew:        0.276ns (DCD - SCD - CPR)
    Destination Clock Delay (DCD):    -0.840ns
    Source Clock Delay      (SCD):    -0.608ns
    Clock Pessimism Removal (CPR):    -0.508ns

    Location             Delay type                Incr(ns)  Path(ns)    Netlist Resource(s)
  -------------------------------------------------------------------    -------------------
                         (clock clk_out1_clk_wiz_0_1 rise edge)
                                                      0.000     0.000 r  
    N15                                               0.000     0.000 r  clk_100mhz (IN)
                         net (fo=0)                   0.000     0.000    clk_gen/inst/clk_in1
    N15                  IBUF (Prop_ibuf_I_O)         0.209     0.209 r  clk_gen/inst/clkin1_ibufg/O
                         net (fo=1, routed)           0.440     0.649    clk_gen/inst/clk_in1_clk_wiz_0
    MMCME2_ADV_X0Y0      MMCME2_ADV (Prop_mmcme2_adv_CLKIN1_CLKOUT0)
                                                     -2.362    -1.714 r  clk_gen/inst/mmcm_adv_inst/CLKOUT0
                         net (fo=1, routed)           0.489    -1.225    clk_gen/inst/clk_out1_clk_wiz_0
    BUFGCTRL_X0Y0        BUFG (Prop_bufg_I_O)         0.026    -1.199 r  clk_gen/inst/clkout1_buf/O
                         net (fo=2798, routed)        0.591    -0.608    debounce_clear/clk_out1
    SLICE_X4Y55          FDCE                                         r  debounce_clear/btn_sync2_reg/C
  -------------------------------------------------------------------    -------------------
    SLICE_X4Y55          FDCE (Prop_fdce_C_Q)         0.141    -0.467 r  debounce_clear/btn_sync2_reg/Q
                         net (fo=21, routed)          0.379    -0.089    debounce_clear/btn_sync2
    SLICE_X1Y48          LUT4 (Prop_lut4_I0_O)        0.045    -0.044 r  debounce_clear/counter[7]_i_1__1/O
                         net (fo=1, routed)           0.000    -0.044    debounce_clear/p_0_in[7]
    SLICE_X1Y48          FDCE                                         r  debounce_clear/counter_reg[7]/D
  -------------------------------------------------------------------    -------------------

                         (clock clk_out1_clk_wiz_0_1 rise edge)
                                                      0.000     0.000 r  
    N15                                               0.000     0.000 r  clk_100mhz (IN)
                         net (fo=0)                   0.000     0.000    clk_gen/inst/clk_in1
    N15                  IBUF (Prop_ibuf_I_O)         0.396     0.396 r  clk_gen/inst/clkin1_ibufg/O
                         net (fo=1, routed)           0.480     0.876    clk_gen/inst/clk_in1_clk_wiz_0
    MMCME2_ADV_X0Y0      MMCME2_ADV (Prop_mmcme2_adv_CLKIN1_CLKOUT0)
                                                     -3.145    -2.269 r  clk_gen/inst/mmcm_adv_inst/CLKOUT0
                         net (fo=1, routed)           0.534    -1.735    clk_gen/inst/clk_out1_clk_wiz_0
    BUFGCTRL_X0Y0        BUFG (Prop_bufg_I_O)         0.029    -1.706 r  clk_gen/inst/clkout1_buf/O
                         net (fo=2798, routed)        0.867    -0.840    debounce_clear/clk_out1
    SLICE_X1Y48          FDCE                                         r  debounce_clear/counter_reg[7]/C
                         clock pessimism              0.508    -0.332    
    SLICE_X1Y48          FDCE (Hold_fdce_C_D)         0.092    -0.240    debounce_clear/counter_reg[7]
  -------------------------------------------------------------------
                         required time                          0.240    
                         arrival time                          -0.044    
  -------------------------------------------------------------------
                         slack                                  0.197    

Slack (MET) :             0.197ns  (arrival time - required time)
  Source:                 hdmi_transmitter/inst/encr/q_m_reg_reg[6]/C
                            (rising edge-triggered cell FDRE clocked by clk_out1_clk_wiz_0_1  {rise@0.000ns fall@20.000ns period=40.000ns})
  Destination:            hdmi_transmitter/inst/encr/dout_reg[6]/D
                            (rising edge-triggered cell FDCE clocked by clk_out1_clk_wiz_0_1  {rise@0.000ns fall@20.000ns period=40.000ns})
  Path Group:             clk_out1_clk_wiz_0_1
  Path Type:              Hold (Min at Fast Process Corner)
  Requirement:            0.000ns  (clk_out1_clk_wiz_0_1 rise@0.000ns - clk_out1_clk_wiz_0_1 rise@0.000ns)
  Data Path Delay:        0.302ns  (logic 0.186ns (61.544%)  route 0.116ns (38.456%))
  Logic Levels:           1  (LUT3=1)
  Clock Path Skew:        0.013ns (DCD - SCD - CPR)
    Destination Clock Delay (DCD):    -0.852ns
    Source Clock Delay      (SCD):    -0.612ns
    Clock Pessimism Removal (CPR):    -0.253ns

    Location             Delay type                Incr(ns)  Path(ns)    Netlist Resource(s)
  -------------------------------------------------------------------    -------------------
                         (clock clk_out1_clk_wiz_0_1 rise edge)
                                                      0.000     0.000 r  
    N15                                               0.000     0.000 r  clk_100mhz (IN)
                         net (fo=0)                   0.000     0.000    clk_gen/inst/clk_in1
    N15                  IBUF (Prop_ibuf_I_O)         0.209     0.209 r  clk_gen/inst/clkin1_ibufg/O
                         net (fo=1, routed)           0.440     0.649    clk_gen/inst/clk_in1_clk_wiz_0
    MMCME2_ADV_X0Y0      MMCME2_ADV (Prop_mmcme2_adv_CLKIN1_CLKOUT0)
                                                     -2.362    -1.714 r  clk_gen/inst/mmcm_adv_inst/CLKOUT0
                         net (fo=1, routed)           0.489    -1.225    clk_gen/inst/clk_out1_clk_wiz_0
    BUFGCTRL_X0Y0        BUFG (Prop_bufg_I_O)         0.026    -1.199 r  clk_gen/inst/clkout1_buf/O
                         net (fo=2798, routed)        0.587    -0.612    hdmi_transmitter/inst/encr/pix_clk
    SLICE_X0Y19          FDRE                                         r  hdmi_transmitter/inst/encr/q_m_reg_reg[6]/C
  -------------------------------------------------------------------    -------------------
    SLICE_X0Y19          FDRE (Prop_fdre_C_Q)         0.141    -0.471 r  hdmi_transmitter/inst/encr/q_m_reg_reg[6]/Q
                         net (fo=1, routed)           0.116    -0.355    hdmi_transmitter/inst/encr/q_m_reg_reg_n_0_[6]
    SLICE_X0Y20          LUT3 (Prop_lut3_I1_O)        0.045    -0.310 r  hdmi_transmitter/inst/encr/dout[6]_i_1__1/O
                         net (fo=1, routed)           0.000    -0.310    hdmi_transmitter/inst/encr/dout[6]_i_1__1_n_0
    SLICE_X0Y20          FDCE                                         r  hdmi_transmitter/inst/encr/dout_reg[6]/D
  -------------------------------------------------------------------    -------------------

                         (clock clk_out1_clk_wiz_0_1 rise edge)
                                                      0.000     0.000 r  
    N15                                               0.000     0.000 r  clk_100mhz (IN)
                         net (fo=0)                   0.000     0.000    clk_gen/inst/clk_in1
    N15                  IBUF (Prop_ibuf_I_O)         0.396     0.396 r  clk_gen/inst/clkin1_ibufg/O
                         net (fo=1, routed)           0.480     0.876    clk_gen/inst/clk_in1_clk_wiz_0
    MMCME2_ADV_X0Y0      MMCME2_ADV (Prop_mmcme2_adv_CLKIN1_CLKOUT0)
                                                     -3.145    -2.269 r  clk_gen/inst/mmcm_adv_inst/CLKOUT0
                         net (fo=1, routed)           0.534    -1.735    clk_gen/inst/clk_out1_clk_wiz_0
    BUFGCTRL_X0Y0        BUFG (Prop_bufg_I_O)         0.029    -1.706 r  clk_gen/inst/clkout1_buf/O
                         net (fo=2798, routed)        0.855    -0.852    hdmi_transmitter/inst/encr/pix_clk
    SLICE_X0Y20          FDCE                                         r  hdmi_transmitter/inst/encr/dout_reg[6]/C
                         clock pessimism              0.253    -0.599    
    SLICE_X0Y20          FDCE (Hold_fdce_C_D)         0.092    -0.507    hdmi_transmitter/inst/encr/dout_reg[6]
  -------------------------------------------------------------------
                         required time                          0.507    
                         arrival time                          -0.310    
  -------------------------------------------------------------------
                         slack                                  0.197    

Slack (MET) :             0.199ns  (arrival time - required time)
  Source:                 hdmi_transmitter/inst/encb/c1_q_reg/C
                            (rising edge-triggered cell FDRE clocked by clk_out1_clk_wiz_0_1  {rise@0.000ns fall@20.000ns period=40.000ns})
  Destination:            hdmi_transmitter/inst/encb/c1_reg_reg/D
                            (rising edge-triggered cell FDRE clocked by clk_out1_clk_wiz_0_1  {rise@0.000ns fall@20.000ns period=40.000ns})
  Path Group:             clk_out1_clk_wiz_0_1
  Path Type:              Hold (Min at Fast Process Corner)
  Requirement:            0.000ns  (clk_out1_clk_wiz_0_1 rise@0.000ns - clk_out1_clk_wiz_0_1 rise@0.000ns)
  Data Path Delay:        0.280ns  (logic 0.164ns (58.521%)  route 0.116ns (41.479%))
  Logic Levels:           0  
  Clock Path Skew:        0.015ns (DCD - SCD - CPR)
    Destination Clock Delay (DCD):    -0.846ns
    Source Clock Delay      (SCD):    -0.608ns
    Clock Pessimism Removal (CPR):    -0.253ns

    Location             Delay type                Incr(ns)  Path(ns)    Netlist Resource(s)
  -------------------------------------------------------------------    -------------------
                         (clock clk_out1_clk_wiz_0_1 rise edge)
                                                      0.000     0.000 r  
    N15                                               0.000     0.000 r  clk_100mhz (IN)
                         net (fo=0)                   0.000     0.000    clk_gen/inst/clk_in1
    N15                  IBUF (Prop_ibuf_I_O)         0.209     0.209 r  clk_gen/inst/clkin1_ibufg/O
                         net (fo=1, routed)           0.440     0.649    clk_gen/inst/clk_in1_clk_wiz_0
    MMCME2_ADV_X0Y0      MMCME2_ADV (Prop_mmcme2_adv_CLKIN1_CLKOUT0)
                                                     -2.362    -1.714 r  clk_gen/inst/mmcm_adv_inst/CLKOUT0
                         net (fo=1, routed)           0.489    -1.225    clk_gen/inst/clk_out1_clk_wiz_0
    BUFGCTRL_X0Y0        BUFG (Prop_bufg_I_O)         0.026    -1.199 r  clk_gen/inst/clkout1_buf/O
                         net (fo=2798, routed)        0.591    -0.608    hdmi_transmitter/inst/encb/pix_clk
    SLICE_X2Y15          FDRE                                         r  hdmi_transmitter/inst/encb/c1_q_reg/C
  -------------------------------------------------------------------    -------------------
    SLICE_X2Y15          FDRE (Prop_fdre_C_Q)         0.164    -0.444 r  hdmi_transmitter/inst/encb/c1_q_reg/Q
                         net (fo=1, routed)           0.116    -0.328    hdmi_transmitter/inst/encb/c1_q
    SLICE_X3Y13          FDRE                                         r  hdmi_transmitter/inst/encb/c1_reg_reg/D
  -------------------------------------------------------------------    -------------------

                         (clock clk_out1_clk_wiz_0_1 rise edge)
                                                      0.000     0.000 r  
    N15                                               0.000     0.000 r  clk_100mhz (IN)
                         net (fo=0)                   0.000     0.000    clk_gen/inst/clk_in1
    N15                  IBUF (Prop_ibuf_I_O)         0.396     0.396 r  clk_gen/inst/clkin1_ibufg/O
                         net (fo=1, routed)           0.480     0.876    clk_gen/inst/clk_in1_clk_wiz_0
    MMCME2_ADV_X0Y0      MMCME2_ADV (Prop_mmcme2_adv_CLKIN1_CLKOUT0)
                                                     -3.145    -2.269 r  clk_gen/inst/mmcm_adv_inst/CLKOUT0
                         net (fo=1, routed)           0.534    -1.735    clk_gen/inst/clk_out1_clk_wiz_0
    BUFGCTRL_X0Y0        BUFG (Prop_bufg_I_O)         0.029    -1.706 r  clk_gen/inst/clkout1_buf/O
                         net (fo=2798, routed)        0.861    -0.846    hdmi_transmitter/inst/encb/pix_clk
    SLICE_X3Y13          FDRE                                         r  hdmi_transmitter/inst/encb/c1_reg_reg/C
                         clock pessimism              0.253    -0.593    
    SLICE_X3Y13          FDRE (Hold_fdre_C_D)         0.066    -0.527    hdmi_transmitter/inst/encb/c1_reg_reg
  -------------------------------------------------------------------
                         required time                          0.527    
                         arrival time                          -0.328    
  -------------------------------------------------------------------
                         slack                                  0.199    

Slack (MET) :             0.204ns  (arrival time - required time)
  Source:                 hdmi_transmitter/inst/encg/q_m_reg_reg[3]/C
                            (rising edge-triggered cell FDRE clocked by clk_out1_clk_wiz_0_1  {rise@0.000ns fall@20.000ns period=40.000ns})
  Destination:            hdmi_transmitter/inst/encg/dout_reg[3]/D
                            (rising edge-triggered cell FDCE clocked by clk_out1_clk_wiz_0_1  {rise@0.000ns fall@20.000ns period=40.000ns})
  Path Group:             clk_out1_clk_wiz_0_1
  Path Type:              Hold (Min at Fast Process Corner)
  Requirement:            0.000ns  (clk_out1_clk_wiz_0_1 rise@0.000ns - clk_out1_clk_wiz_0_1 rise@0.000ns)
  Data Path Delay:        0.308ns  (logic 0.186ns (60.459%)  route 0.122ns (39.541%))
  Logic Levels:           1  (LUT5=1)
  Clock Path Skew:        0.013ns (DCD - SCD - CPR)
    Destination Clock Delay (DCD):    -0.846ns
    Source Clock Delay      (SCD):    -0.606ns
    Clock Pessimism Removal (CPR):    -0.253ns

    Location             Delay type                Incr(ns)  Path(ns)    Netlist Resource(s)
  -------------------------------------------------------------------    -------------------
                         (clock clk_out1_clk_wiz_0_1 rise edge)
                                                      0.000     0.000 r  
    N15                                               0.000     0.000 r  clk_100mhz (IN)
                         net (fo=0)                   0.000     0.000    clk_gen/inst/clk_in1
    N15                  IBUF (Prop_ibuf_I_O)         0.209     0.209 r  clk_gen/inst/clkin1_ibufg/O
                         net (fo=1, routed)           0.440     0.649    clk_gen/inst/clk_in1_clk_wiz_0
    MMCME2_ADV_X0Y0      MMCME2_ADV (Prop_mmcme2_adv_CLKIN1_CLKOUT0)
                                                     -2.362    -1.714 r  clk_gen/inst/mmcm_adv_inst/CLKOUT0
                         net (fo=1, routed)           0.489    -1.225    clk_gen/inst/clk_out1_clk_wiz_0
    BUFGCTRL_X0Y0        BUFG (Prop_bufg_I_O)         0.026    -1.199 r  clk_gen/inst/clkout1_buf/O
                         net (fo=2798, routed)        0.593    -0.606    hdmi_transmitter/inst/encg/pix_clk
    SLICE_X0Y11          FDRE                                         r  hdmi_transmitter/inst/encg/q_m_reg_reg[3]/C
  -------------------------------------------------------------------    -------------------
    SLICE_X0Y11          FDRE (Prop_fdre_C_Q)         0.141    -0.465 r  hdmi_transmitter/inst/encg/q_m_reg_reg[3]/Q
                         net (fo=1, routed)           0.122    -0.344    hdmi_transmitter/inst/encg/q_m_reg_reg_n_0_[3]
    SLICE_X0Y13          LUT5 (Prop_lut5_I2_O)        0.045    -0.299 r  hdmi_transmitter/inst/encg/dout[3]_i_1__0/O
                         net (fo=1, routed)           0.000    -0.299    hdmi_transmitter/inst/encg/dout[3]_i_1__0_n_0
    SLICE_X0Y13          FDCE                                         r  hdmi_transmitter/inst/encg/dout_reg[3]/D
  -------------------------------------------------------------------    -------------------

                         (clock clk_out1_clk_wiz_0_1 rise edge)
                                                      0.000     0.000 r  
    N15                                               0.000     0.000 r  clk_100mhz (IN)
                         net (fo=0)                   0.000     0.000    clk_gen/inst/clk_in1
    N15                  IBUF (Prop_ibuf_I_O)         0.396     0.396 r  clk_gen/inst/clkin1_ibufg/O
                         net (fo=1, routed)           0.480     0.876    clk_gen/inst/clk_in1_clk_wiz_0
    MMCME2_ADV_X0Y0      MMCME2_ADV (Prop_mmcme2_adv_CLKIN1_CLKOUT0)
                                                     -3.145    -2.269 r  clk_gen/inst/mmcm_adv_inst/CLKOUT0
                         net (fo=1, routed)           0.534    -1.735    clk_gen/inst/clk_out1_clk_wiz_0
    BUFGCTRL_X0Y0        BUFG (Prop_bufg_I_O)         0.029    -1.706 r  clk_gen/inst/clkout1_buf/O
                         net (fo=2798, routed)        0.861    -0.846    hdmi_transmitter/inst/encg/pix_clk
    SLICE_X0Y13          FDCE                                         r  hdmi_transmitter/inst/encg/dout_reg[3]/C
                         clock pessimism              0.253    -0.593    
    SLICE_X0Y13          FDCE (Hold_fdce_C_D)         0.091    -0.502    hdmi_transmitter/inst/encg/dout_reg[3]
  -------------------------------------------------------------------
                         required time                          0.502    
                         arrival time                          -0.299    
  -------------------------------------------------------------------
                         slack                                  0.204    

Slack (MET) :             0.204ns  (arrival time - required time)
  Source:                 cursor_y_reg[7]/C
                            (rising edge-triggered cell FDPE clocked by clk_out1_clk_wiz_0_1  {rise@0.000ns fall@20.000ns period=40.000ns})
  Destination:            drawer/prev_cursor_y_reg[7]/D
                            (rising edge-triggered cell FDCE clocked by clk_out1_clk_wiz_0_1  {rise@0.000ns fall@20.000ns period=40.000ns})
  Path Group:             clk_out1_clk_wiz_0_1
  Path Type:              Hold (Min at Fast Process Corner)
  Requirement:            0.000ns  (clk_out1_clk_wiz_0_1 rise@0.000ns - clk_out1_clk_wiz_0_1 rise@0.000ns)
  Data Path Delay:        0.289ns  (logic 0.141ns (48.849%)  route 0.148ns (51.151%))
  Logic Levels:           0  
  Clock Path Skew:        0.015ns (DCD - SCD - CPR)
    Destination Clock Delay (DCD):    -0.846ns
    Source Clock Delay      (SCD):    -0.608ns
    Clock Pessimism Removal (CPR):    -0.253ns

    Location             Delay type                Incr(ns)  Path(ns)    Netlist Resource(s)
  -------------------------------------------------------------------    -------------------
                         (clock clk_out1_clk_wiz_0_1 rise edge)
                                                      0.000     0.000 r  
    N15                                               0.000     0.000 r  clk_100mhz (IN)
                         net (fo=0)                   0.000     0.000    clk_gen/inst/clk_in1
    N15                  IBUF (Prop_ibuf_I_O)         0.209     0.209 r  clk_gen/inst/clkin1_ibufg/O
                         net (fo=1, routed)           0.440     0.649    clk_gen/inst/clk_in1_clk_wiz_0
    MMCME2_ADV_X0Y0      MMCME2_ADV (Prop_mmcme2_adv_CLKIN1_CLKOUT0)
                                                     -2.362    -1.714 r  clk_gen/inst/mmcm_adv_inst/CLKOUT0
                         net (fo=1, routed)           0.489    -1.225    clk_gen/inst/clk_out1_clk_wiz_0
    BUFGCTRL_X0Y0        BUFG (Prop_bufg_I_O)         0.026    -1.199 r  clk_gen/inst/clkout1_buf/O
                         net (fo=2798, routed)        0.591    -0.608    clk_25mhz
    SLICE_X3Y34          FDPE                                         r  cursor_y_reg[7]/C
  -------------------------------------------------------------------    -------------------
    SLICE_X3Y34          FDPE (Prop_fdpe_C_Q)         0.141    -0.467 r  cursor_y_reg[7]/Q
                         net (fo=39, routed)          0.148    -0.320    drawer/Q[6]
    SLICE_X1Y35          FDCE                                         r  drawer/prev_cursor_y_reg[7]/D
  -------------------------------------------------------------------    -------------------

                         (clock clk_out1_clk_wiz_0_1 rise edge)
                                                      0.000     0.000 r  
    N15                                               0.000     0.000 r  clk_100mhz (IN)
                         net (fo=0)                   0.000     0.000    clk_gen/inst/clk_in1
    N15                  IBUF (Prop_ibuf_I_O)         0.396     0.396 r  clk_gen/inst/clkin1_ibufg/O
                         net (fo=1, routed)           0.480     0.876    clk_gen/inst/clk_in1_clk_wiz_0
    MMCME2_ADV_X0Y0      MMCME2_ADV (Prop_mmcme2_adv_CLKIN1_CLKOUT0)
                                                     -3.145    -2.269 r  clk_gen/inst/mmcm_adv_inst/CLKOUT0
                         net (fo=1, routed)           0.534    -1.735    clk_gen/inst/clk_out1_clk_wiz_0
    BUFGCTRL_X0Y0        BUFG (Prop_bufg_I_O)         0.029    -1.706 r  clk_gen/inst/clkout1_buf/O
                         net (fo=2798, routed)        0.861    -0.846    drawer/clk_out1
    SLICE_X1Y35          FDCE                                         r  drawer/prev_cursor_y_reg[7]/C
                         clock pessimism              0.253    -0.593    
    SLICE_X1Y35          FDCE (Hold_fdce_C_D)         0.070    -0.523    drawer/prev_cursor_y_reg[7]
  -------------------------------------------------------------------
                         required time                          0.523    
                         arrival time                          -0.320    
  -------------------------------------------------------------------
                         slack                                  0.204    

Slack (MET) :             0.210ns  (arrival time - required time)
  Source:                 hdmi_transmitter/inst/encb/vdin_q_reg[4]/C
                            (rising edge-triggered cell FDRE clocked by clk_out1_clk_wiz_0_1  {rise@0.000ns fall@20.000ns period=40.000ns})
  Destination:            hdmi_transmitter/inst/encb/q_m_reg_reg[6]/D
                            (rising edge-triggered cell FDRE clocked by clk_out1_clk_wiz_0_1  {rise@0.000ns fall@20.000ns period=40.000ns})
  Path Group:             clk_out1_clk_wiz_0_1
  Path Type:              Hold (Min at Fast Process Corner)
  Requirement:            0.000ns  (clk_out1_clk_wiz_0_1 rise@0.000ns - clk_out1_clk_wiz_0_1 rise@0.000ns)
  Data Path Delay:        0.318ns  (logic 0.186ns (58.419%)  route 0.132ns (41.581%))
  Logic Levels:           1  (LUT5=1)
  Clock Path Skew:        0.016ns (DCD - SCD - CPR)
    Destination Clock Delay (DCD):    -0.841ns
    Source Clock Delay      (SCD):    -0.604ns
    Clock Pessimism Removal (CPR):    -0.253ns

    Location             Delay type                Incr(ns)  Path(ns)    Netlist Resource(s)
  -------------------------------------------------------------------    -------------------
                         (clock clk_out1_clk_wiz_0_1 rise edge)
                                                      0.000     0.000 r  
    N15                                               0.000     0.000 r  clk_100mhz (IN)
                         net (fo=0)                   0.000     0.000    clk_gen/inst/clk_in1
    N15                  IBUF (Prop_ibuf_I_O)         0.209     0.209 r  clk_gen/inst/clkin1_ibufg/O
                         net (fo=1, routed)           0.440     0.649    clk_gen/inst/clk_in1_clk_wiz_0
    MMCME2_ADV_X0Y0      MMCME2_ADV (Prop_mmcme2_adv_CLKIN1_CLKOUT0)
                                                     -2.362    -1.714 r  clk_gen/inst/mmcm_adv_inst/CLKOUT0
                         net (fo=1, routed)           0.489    -1.225    clk_gen/inst/clk_out1_clk_wiz_0
    BUFGCTRL_X0Y0        BUFG (Prop_bufg_I_O)         0.026    -1.199 r  clk_gen/inst/clkout1_buf/O
                         net (fo=2798, routed)        0.595    -0.604    hdmi_transmitter/inst/encb/pix_clk
    SLICE_X3Y6           FDRE                                         r  hdmi_transmitter/inst/encb/vdin_q_reg[4]/C
  -------------------------------------------------------------------    -------------------
    SLICE_X3Y6           FDRE (Prop_fdre_C_Q)         0.141    -0.463 r  hdmi_transmitter/inst/encb/vdin_q_reg[4]/Q
                         net (fo=6, routed)           0.132    -0.331    hdmi_transmitter/inst/encb/p_0_in2_in
    SLICE_X1Y6           LUT5 (Prop_lut5_I2_O)        0.045    -0.286 r  hdmi_transmitter/inst/encb/q_m_reg[6]_i_1/O
                         net (fo=1, routed)           0.000    -0.286    hdmi_transmitter/inst/encb/q_m_6
    SLICE_X1Y6           FDRE                                         r  hdmi_transmitter/inst/encb/q_m_reg_reg[6]/D
  -------------------------------------------------------------------    -------------------

                         (clock clk_out1_clk_wiz_0_1 rise edge)
                                                      0.000     0.000 r  
    N15                                               0.000     0.000 r  clk_100mhz (IN)
                         net (fo=0)                   0.000     0.000    clk_gen/inst/clk_in1
    N15                  IBUF (Prop_ibuf_I_O)         0.396     0.396 r  clk_gen/inst/clkin1_ibufg/O
                         net (fo=1, routed)           0.480     0.876    clk_gen/inst/clk_in1_clk_wiz_0
    MMCME2_ADV_X0Y0      MMCME2_ADV (Prop_mmcme2_adv_CLKIN1_CLKOUT0)
                                                     -3.145    -2.269 r  clk_gen/inst/mmcm_adv_inst/CLKOUT0
                         net (fo=1, routed)           0.534    -1.735    clk_gen/inst/clk_out1_clk_wiz_0
    BUFGCTRL_X0Y0        BUFG (Prop_bufg_I_O)         0.029    -1.706 r  clk_gen/inst/clkout1_buf/O
                         net (fo=2798, routed)        0.866    -0.841    hdmi_transmitter/inst/encb/pix_clk
    SLICE_X1Y6           FDRE                                         r  hdmi_transmitter/inst/encb/q_m_reg_reg[6]/C
                         clock pessimism              0.253    -0.588    
    SLICE_X1Y6           FDRE (Hold_fdre_C_D)         0.092    -0.496    hdmi_transmitter/inst/encb/q_m_reg_reg[6]
  -------------------------------------------------------------------
                         required time                          0.496    
                         arrival time                          -0.286    
  -------------------------------------------------------------------
                         slack                                  0.210    





Pulse Width Checks
--------------------------------------------------------------------------------------
Clock Name:         clk_out1_clk_wiz_0_1
Waveform(ns):       { 0.000 20.000 }
Period(ns):         40.000
Sources:            { clk_gen/inst/mmcm_adv_inst/CLKOUT0 }

Check Type        Corner  Lib Pin             Reference Pin  Required(ns)  Actual(ns)  Slack(ns)  Location         Pin
Min Period        n/a     BUFG/I              n/a            2.155         40.000      37.845     BUFGCTRL_X0Y0    clk_gen/inst/clkout1_buf/I
Min Period        n/a     OSERDESE2/CLKDIV    n/a            1.667         40.000      38.333     OLOGIC_X0Y20     hdmi_transmitter/inst/serial_b/oserdes_m/CLKDIV
Min Period        n/a     OSERDESE2/CLKDIV    n/a            1.667         40.000      38.333     OLOGIC_X0Y19     hdmi_transmitter/inst/serial_b/oserdes_s/CLKDIV
Min Period        n/a     OSERDESE2/CLKDIV    n/a            1.667         40.000      38.333     OLOGIC_X0Y18     hdmi_transmitter/inst/serial_clk/oserdes_m/CLKDIV
Min Period        n/a     OSERDESE2/CLKDIV    n/a            1.667         40.000      38.333     OLOGIC_X0Y17     hdmi_transmitter/inst/serial_clk/oserdes_s/CLKDIV
Min Period        n/a     OSERDESE2/CLKDIV    n/a            1.667         40.000      38.333     OLOGIC_X0Y22     hdmi_transmitter/inst/serial_g/oserdes_m/CLKDIV
Min Period        n/a     OSERDESE2/CLKDIV    n/a            1.667         40.000      38.333     OLOGIC_X0Y21     hdmi_transmitter/inst/serial_g/oserdes_s/CLKDIV
Min Period        n/a     OSERDESE2/CLKDIV    n/a            1.667         40.000      38.333     OLOGIC_X0Y24     hdmi_transmitter/inst/serial_r/oserdes_m/CLKDIV
Min Period        n/a     OSERDESE2/CLKDIV    n/a            1.667         40.000      38.333     OLOGIC_X0Y23     hdmi_transmitter/inst/serial_r/oserdes_s/CLKDIV
Min Period        n/a     MMCME2_ADV/CLKOUT0  n/a            1.249         40.000      38.751     MMCME2_ADV_X0Y0  clk_gen/inst/mmcm_adv_inst/CLKOUT0
Max Period        n/a     MMCME2_ADV/CLKOUT0  n/a            213.360       40.000      173.360    MMCME2_ADV_X0Y0  clk_gen/inst/mmcm_adv_inst/CLKOUT0
Low Pulse Width   Slow    RAMD64E/CLK         n/a            1.250         20.000      18.750     SLICE_X14Y36     canvas_fb/memory_reg_0_127_0_0/DP.HIGH/CLK
Low Pulse Width   Fast    RAMD64E/CLK         n/a            1.250         20.000      18.750     SLICE_X14Y36     canvas_fb/memory_reg_0_127_0_0/DP.HIGH/CLK
Low Pulse Width   Slow    RAMD64E/CLK         n/a            1.250         20.000      18.750     SLICE_X14Y36     canvas_fb/memory_reg_0_127_0_0/DP.LOW/CLK
Low Pulse Width   Fast    RAMD64E/CLK         n/a            1.250         20.000      18.750     SLICE_X14Y36     canvas_fb/memory_reg_0_127_0_0/DP.LOW/CLK
Low Pulse Width   Slow    RAMD64E/CLK         n/a            1.250         20.000      18.750     SLICE_X14Y36     canvas_fb/memory_reg_0_127_0_0/SP.HIGH/CLK
Low Pulse Width   Fast    RAMD64E/CLK         n/a            1.250         20.000      18.750     SLICE_X14Y36     canvas_fb/memory_reg_0_127_0_0/SP.HIGH/CLK
Low Pulse Width   Slow    RAMD64E/CLK         n/a            1.250         20.000      18.750     SLICE_X14Y36     canvas_fb/memory_reg_0_127_0_0/SP.LOW/CLK
Low Pulse Width   Fast    RAMD64E/CLK         n/a            1.250         20.000      18.750     SLICE_X14Y36     canvas_fb/memory_reg_0_127_0_0/SP.LOW/CLK
Low Pulse Width   Slow    RAMD64E/CLK         n/a            1.250         20.000      18.750     SLICE_X10Y45     canvas_fb/memory_reg_0_63_0_0/DP/CLK
Low Pulse Width   Fast    RAMD64E/CLK         n/a            1.250         20.000      18.750     SLICE_X10Y45     canvas_fb/memory_reg_0_63_0_0/DP/CLK
High Pulse Width  Slow    RAMD64E/CLK         n/a            1.250         20.000      18.750     SLICE_X14Y36     canvas_fb/memory_reg_0_127_0_0/DP.HIGH/CLK
High Pulse Width  Fast    RAMD64E/CLK         n/a            1.250         20.000      18.750     SLICE_X14Y36     canvas_fb/memory_reg_0_127_0_0/DP.HIGH/CLK
High Pulse Width  Slow    RAMD64E/CLK         n/a            1.250         20.000      18.750     SLICE_X14Y36     canvas_fb/memory_reg_0_127_0_0/DP.LOW/CLK
High Pulse Width  Fast    RAMD64E/CLK         n/a            1.250         20.000      18.750     SLICE_X14Y36     canvas_fb/memory_reg_0_127_0_0/DP.LOW/CLK
High Pulse Width  Slow    RAMD64E/CLK         n/a            1.250         20.000      18.750     SLICE_X14Y36     canvas_fb/memory_reg_0_127_0_0/SP.HIGH/CLK
High Pulse Width  Fast    RAMD64E/CLK         n/a            1.250         20.000      18.750     SLICE_X14Y36     canvas_fb/memory_reg_0_127_0_0/SP.HIGH/CLK
High Pulse Width  Slow    RAMD64E/CLK         n/a            1.250         20.000      18.750     SLICE_X14Y36     canvas_fb/memory_reg_0_127_0_0/SP.LOW/CLK
High Pulse Width  Fast    RAMD64E/CLK         n/a            1.250         20.000      18.750     SLICE_X14Y36     canvas_fb/memory_reg_0_127_0_0/SP.LOW/CLK
High Pulse Width  Slow    RAMD64E/CLK         n/a            1.250         20.000      18.750     SLICE_X10Y45     canvas_fb/memory_reg_0_63_0_0/DP/CLK
High Pulse Width  Fast    RAMD64E/CLK         n/a            1.250         20.000      18.750     SLICE_X10Y45     canvas_fb/memory_reg_0_63_0_0/DP/CLK



---------------------------------------------------------------------------------------------------
From Clock:  clk_out2_clk_wiz_0_1
  To Clock:  clk_out2_clk_wiz_0_1

Setup :           NA  Failing Endpoints,  Worst Slack           NA  ,  Total Violation           NA
Hold  :           NA  Failing Endpoints,  Worst Slack           NA  ,  Total Violation           NA
PW    :            0  Failing Endpoints,  Worst Slack        5.845ns,  Total Violation        0.000ns
---------------------------------------------------------------------------------------------------


Pulse Width Checks
--------------------------------------------------------------------------------------
Clock Name:         clk_out2_clk_wiz_0_1
Waveform(ns):       { 0.000 4.000 }
Period(ns):         8.000
Sources:            { clk_gen/inst/mmcm_adv_inst/CLKOUT1 }

Check Type  Corner  Lib Pin             Reference Pin  Required(ns)  Actual(ns)  Slack(ns)  Location         Pin
Min Period  n/a     BUFG/I              n/a            2.155         8.000       5.845      BUFGCTRL_X0Y1    clk_gen/inst/clkout2_buf/I
Min Period  n/a     OSERDESE2/CLK       n/a            1.667         8.000       6.333      OLOGIC_X0Y20     hdmi_transmitter/inst/serial_b/oserdes_m/CLK
Min Period  n/a     OSERDESE2/CLK       n/a            1.667         8.000       6.333      OLOGIC_X0Y19     hdmi_transmitter/inst/serial_b/oserdes_s/CLK
Min Period  n/a     OSERDESE2/CLK       n/a            1.667         8.000       6.333      OLOGIC_X0Y18     hdmi_transmitter/inst/serial_clk/oserdes_m/CLK
Min Period  n/a     OSERDESE2/CLK       n/a            1.667         8.000       6.333      OLOGIC_X0Y17     hdmi_transmitter/inst/serial_clk/oserdes_s/CLK
Min Period  n/a     OSERDESE2/CLK       n/a            1.667         8.000       6.333      OLOGIC_X0Y22     hdmi_transmitter/inst/serial_g/oserdes_m/CLK
Min Period  n/a     OSERDESE2/CLK       n/a            1.667         8.000       6.333      OLOGIC_X0Y21     hdmi_transmitter/inst/serial_g/oserdes_s/CLK
Min Period  n/a     OSERDESE2/CLK       n/a            1.667         8.000       6.333      OLOGIC_X0Y24     hdmi_transmitter/inst/serial_r/oserdes_m/CLK
Min Period  n/a     OSERDESE2/CLK       n/a            1.667         8.000       6.333      OLOGIC_X0Y23     hdmi_transmitter/inst/serial_r/oserdes_s/CLK
Min Period  n/a     MMCME2_ADV/CLKOUT1  n/a            1.249         8.000       6.751      MMCME2_ADV_X0Y0  clk_gen/inst/mmcm_adv_inst/CLKOUT1
Max Period  n/a     MMCME2_ADV/CLKOUT1  n/a            213.360       8.000       205.360    MMCME2_ADV_X0Y0  clk_gen/inst/mmcm_adv_inst/CLKOUT1



---------------------------------------------------------------------------------------------------
From Clock:  clkfbout_clk_wiz_0_1
  To Clock:  clkfbout_clk_wiz_0_1

Setup :           NA  Failing Endpoints,  Worst Slack           NA  ,  Total Violation           NA
Hold  :           NA  Failing Endpoints,  Worst Slack           NA  ,  Total Violation           NA
PW    :            0  Failing Endpoints,  Worst Slack        7.845ns,  Total Violation        0.000ns
---------------------------------------------------------------------------------------------------


Pulse Width Checks
--------------------------------------------------------------------------------------
Clock Name:         clkfbout_clk_wiz_0_1
Waveform(ns):       { 0.000 5.000 }
Period(ns):         10.000
Sources:            { clk_gen/inst/mmcm_adv_inst/CLKFBOUT }

Check Type  Corner  Lib Pin              Reference Pin  Required(ns)  Actual(ns)  Slack(ns)  Location         Pin
Min Period  n/a     BUFG/I               n/a            2.155         10.000      7.845      BUFGCTRL_X0Y2    clk_gen/inst/clkf_buf/I
Min Period  n/a     MMCME2_ADV/CLKFBOUT  n/a            1.249         10.000      8.751      MMCME2_ADV_X0Y0  clk_gen/inst/mmcm_adv_inst/CLKFBOUT
Min Period  n/a     MMCME2_ADV/CLKFBIN   n/a            1.249         10.000      8.751      MMCME2_ADV_X0Y0  clk_gen/inst/mmcm_adv_inst/CLKFBIN
Max Period  n/a     MMCME2_ADV/CLKFBIN   n/a            100.000       10.000      90.000     MMCME2_ADV_X0Y0  clk_gen/inst/mmcm_adv_inst/CLKFBIN
Max Period  n/a     MMCME2_ADV/CLKFBOUT  n/a            213.360       10.000      203.360    MMCME2_ADV_X0Y0  clk_gen/inst/mmcm_adv_inst/CLKFBOUT



--------------------------------------------------------------------------------------
Path Group:  (none)
From Clock:  
  To Clock:  

Max Delay             2 Endpoints
Min Delay             2 Endpoints
--------------------------------------------------------------------------------------


Max Delay Paths
--------------------------------------------------------------------------------------
Slack:                    inf
  Source:                 sw[8]
                            (input port)
  Destination:            led[4]
                            (output port)
  Path Group:             (none)
  Path Type:              Max at Slow Process Corner
  Data Path Delay:        10.611ns  (logic 4.977ns (46.906%)  route 5.634ns (53.094%))
  Logic Levels:           3  (IBUF=1 LUT4=1 OBUF=1)

    Location             Delay type                Incr(ns)  Path(ns)    Netlist Resource(s)
  -------------------------------------------------------------------    -------------------
    B2                                                0.000     0.000 r  sw[8] (IN)
                         net (fo=0)                   0.000     0.000    sw[8]
    B2                   IBUF (Prop_ibuf_I_O)         1.338     1.338 r  sw_IBUF[8]_inst/O
                         net (fo=2, routed)           3.952     5.291    sw_IBUF[8]
    SLICE_X5Y53          LUT4 (Prop_lut4_I0_O)        0.124     5.415 r  led_OBUF[4]_inst_i_1/O
                         net (fo=1, routed)           1.682     7.096    led_OBUF[4]
    J15                  OBUF (Prop_obuf_I_O)         3.515    10.611 r  led_OBUF[4]_inst/O
                         net (fo=0)                   0.000    10.611    led[4]
    J15                                                               r  led[4] (OUT)
  -------------------------------------------------------------------    -------------------

Slack:                    inf
  Source:                 sw[4]
                            (input port)
  Destination:            led[2]
                            (output port)
  Path Group:             (none)
  Path Type:              Max at Slow Process Corner
  Data Path Delay:        9.740ns  (logic 4.972ns (51.041%)  route 4.769ns (48.959%))
  Logic Levels:           3  (IBUF=1 LUT2=1 OBUF=1)

    Location             Delay type                Incr(ns)  Path(ns)    Netlist Resource(s)
  -------------------------------------------------------------------    -------------------
    E1                                                0.000     0.000 r  sw[4] (IN)
                         net (fo=0)                   0.000     0.000    sw[4]
    E1                   IBUF (Prop_ibuf_I_O)         1.325     1.325 r  sw_IBUF[4]_inst/O
                         net (fo=6, routed)           3.098     4.422    sw_IBUF[4]
    SLICE_X1Y63          LUT2 (Prop_lut2_I1_O)        0.124     4.546 r  led_OBUF[2]_inst_i_1/O
                         net (fo=1, routed)           1.671     6.218    led_OBUF[2]
    E13                  OBUF (Prop_obuf_I_O)         3.523     9.740 r  led_OBUF[2]_inst/O
                         net (fo=0)                   0.000     9.740    led[2]
    E13                                                               r  led[2] (OUT)
  -------------------------------------------------------------------    -------------------





Min Delay Paths
--------------------------------------------------------------------------------------
Slack:                    inf
  Source:                 sw[4]
                            (input port)
  Destination:            led[2]
                            (output port)
  Path Group:             (none)
  Path Type:              Min at Fast Process Corner
  Data Path Delay:        3.391ns  (logic 1.671ns (49.259%)  route 1.721ns (50.741%))
  Logic Levels:           3  (IBUF=1 LUT2=1 OBUF=1)

    Location             Delay type                Incr(ns)  Path(ns)    Netlist Resource(s)
  -------------------------------------------------------------------    -------------------
    E1                                                0.000     0.000 r  sw[4] (IN)
                         net (fo=0)                   0.000     0.000    sw[4]
    E1                   IBUF (Prop_ibuf_I_O)         0.402     0.402 r  sw_IBUF[4]_inst/O
                         net (fo=6, routed)           1.379     1.780    sw_IBUF[4]
    SLICE_X1Y63          LUT2 (Prop_lut2_I1_O)        0.045     1.825 r  led_OBUF[2]_inst_i_1/O
                         net (fo=1, routed)           0.342     2.168    led_OBUF[2]
    E13                  OBUF (Prop_obuf_I_O)         1.224     3.391 r  led_OBUF[2]_inst/O
                         net (fo=0)                   0.000     3.391    led[2]
    E13                                                               r  led[2] (OUT)
  -------------------------------------------------------------------    -------------------

Slack:                    inf
  Source:                 sw[6]
                            (input port)
  Destination:            led[4]
                            (output port)
  Path Group:             (none)
  Path Type:              Min at Fast Process Corner
  Data Path Delay:        3.495ns  (logic 1.664ns (47.596%)  route 1.832ns (52.404%))
  Logic Levels:           3  (IBUF=1 LUT4=1 OBUF=1)

    Location             Delay type                Incr(ns)  Path(ns)    Netlist Resource(s)
  -------------------------------------------------------------------    -------------------
    D1                                                0.000     0.000 r  sw[6] (IN)
                         net (fo=0)                   0.000     0.000    sw[6]
    D1                   IBUF (Prop_ibuf_I_O)         0.403     0.403 r  sw_IBUF[6]_inst/O
                         net (fo=2, routed)           1.488     1.890    sw_IBUF[6]
    SLICE_X5Y53          LUT4 (Prop_lut4_I3_O)        0.045     1.935 r  led_OBUF[4]_inst_i_1/O
                         net (fo=1, routed)           0.344     2.279    led_OBUF[4]
    J15                  OBUF (Prop_obuf_I_O)         1.216     3.495 r  led_OBUF[4]_inst/O
                         net (fo=0)                   0.000     3.495    led[4]
    J15                                                               r  led[4] (OUT)
  -------------------------------------------------------------------    -------------------





--------------------------------------------------------------------------------------
Path Group:  (none)
From Clock:  clk_out1_clk_wiz_0_1
  To Clock:  

Max Delay             6 Endpoints
Min Delay             6 Endpoints
--------------------------------------------------------------------------------------


Max Delay Paths
--------------------------------------------------------------------------------------
Slack:                    inf
  Source:                 vga_ctrl/h_count_reg[8]/C
                            (rising edge-triggered cell FDCE clocked by clk_out1_clk_wiz_0_1  {rise@0.000ns fall@20.000ns period=40.000ns})
  Destination:            led[5]
                            (output port)
  Path Group:             (none)
  Path Type:              Max at Slow Process Corner
  Data Path Delay:        11.975ns  (logic 4.610ns (38.499%)  route 7.365ns (61.501%))
  Logic Levels:           5  (LUT3=1 LUT5=1 LUT6=2 OBUF=1)
  Clock Uncertainty:      0.186ns  ((TSJ^2 + DJ^2)^1/2) / 2 + PE
    Total System Jitter     (TSJ):    0.050ns
    Discrete Jitter          (DJ):    0.168ns
    Phase Error              (PE):    0.099ns

    Location             Delay type                Incr(ns)  Path(ns)    Netlist Resource(s)
  -------------------------------------------------------------------    -------------------
                         (clock clk_out1_clk_wiz_0_1 rise edge)
                                                      0.000     0.000 r  
    N15                                               0.000     0.000 r  clk_100mhz (IN)
                         net (fo=0)                   0.000     0.000    clk_gen/inst/clk_in1
    N15                  IBUF (Prop_ibuf_I_O)         1.440     1.440 r  clk_gen/inst/clkin1_ibufg/O
                         net (fo=1, routed)           1.233     2.673    clk_gen/inst/clk_in1_clk_wiz_0
    MMCME2_ADV_X0Y0      MMCME2_ADV (Prop_mmcme2_adv_CLKIN1_CLKOUT0)
                                                     -6.965    -4.291 r  clk_gen/inst/mmcm_adv_inst/CLKOUT0
                         net (fo=1, routed)           1.666    -2.625    clk_gen/inst/clk_out1_clk_wiz_0
    BUFGCTRL_X0Y0        BUFG (Prop_bufg_I_O)         0.096    -2.529 r  clk_gen/inst/clkout1_buf/O
                         net (fo=2798, routed)        1.618    -0.911    vga_ctrl/clk_out1
    SLICE_X4Y22          FDCE                                         r  vga_ctrl/h_count_reg[8]/C
  -------------------------------------------------------------------    -------------------
    SLICE_X4Y22          FDCE (Prop_fdce_C_Q)         0.419    -0.492 f  vga_ctrl/h_count_reg[8]/Q
                         net (fo=21, routed)          1.562     1.070    vga_ctrl/Q[6]
    SLICE_X1Y29          LUT6 (Prop_lut6_I0_O)        0.299     1.369 f  vga_ctrl/memory_reg_0_127_0_0_i_43/O
                         net (fo=1, routed)           0.446     1.816    vga_ctrl/memory_reg_0_127_0_0_i_43_n_0
    SLICE_X1Y28          LUT6 (Prop_lut6_I0_O)        0.124     1.940 f  vga_ctrl/memory_reg_0_127_0_0_i_26/O
                         net (fo=23, routed)          1.026     2.966    vga_ctrl/memory_reg_0_127_0_0_i_26_n_0
    SLICE_X0Y22          LUT5 (Prop_lut5_I1_O)        0.124     3.090 f  vga_ctrl/hdmi_transmitter_i_27/O
                         net (fo=166, routed)         1.277     4.367    vga_ctrl/v_count_reg[9]_0
    SLICE_X4Y30          LUT3 (Prop_lut3_I2_O)        0.124     4.491 r  vga_ctrl/led_OBUF[5]_inst_i_1/O
                         net (fo=1, routed)           3.053     7.544    led_OBUF[5]
    G17                  OBUF (Prop_obuf_I_O)         3.520    11.064 r  led_OBUF[5]_inst/O
                         net (fo=0)                   0.000    11.064    led[5]
    G17                                                               r  led[5] (OUT)
  -------------------------------------------------------------------    -------------------

Slack:                    inf
  Source:                 debounce_predict/btn_stable_reg/C
                            (rising edge-triggered cell FDCE clocked by clk_out1_clk_wiz_0_1  {rise@0.000ns fall@20.000ns period=40.000ns})
  Destination:            led[7]
                            (output port)
  Path Group:             (none)
  Path Type:              Max at Slow Process Corner
  Data Path Delay:        8.103ns  (logic 4.341ns (53.578%)  route 3.761ns (46.422%))
  Logic Levels:           2  (LUT2=1 OBUF=1)
  Clock Uncertainty:      0.186ns  ((TSJ^2 + DJ^2)^1/2) / 2 + PE
    Total System Jitter     (TSJ):    0.050ns
    Discrete Jitter          (DJ):    0.168ns
    Phase Error              (PE):    0.099ns

    Location             Delay type                Incr(ns)  Path(ns)    Netlist Resource(s)
  -------------------------------------------------------------------    -------------------
                         (clock clk_out1_clk_wiz_0_1 rise edge)
                                                      0.000     0.000 r  
    N15                                               0.000     0.000 r  clk_100mhz (IN)
                         net (fo=0)                   0.000     0.000    clk_gen/inst/clk_in1
    N15                  IBUF (Prop_ibuf_I_O)         1.440     1.440 r  clk_gen/inst/clkin1_ibufg/O
                         net (fo=1, routed)           1.233     2.673    clk_gen/inst/clk_in1_clk_wiz_0
    MMCME2_ADV_X0Y0      MMCME2_ADV (Prop_mmcme2_adv_CLKIN1_CLKOUT0)
                                                     -6.965    -4.291 r  clk_gen/inst/mmcm_adv_inst/CLKOUT0
                         net (fo=1, routed)           1.666    -2.625    clk_gen/inst/clk_out1_clk_wiz_0
    BUFGCTRL_X0Y0        BUFG (Prop_bufg_I_O)         0.096    -2.529 r  clk_gen/inst/clkout1_buf/O
                         net (fo=2798, routed)        1.636    -0.893    debounce_predict/clk_out1
    SLICE_X7Y48          FDCE                                         r  debounce_predict/btn_stable_reg/C
  -------------------------------------------------------------------    -------------------
    SLICE_X7Y48          FDCE (Prop_fdce_C_Q)         0.456    -0.437 r  debounce_predict/btn_stable_reg/Q
                         net (fo=23, routed)          1.336     0.900    debounce_predict/btn_stable_reg_n_0
    SLICE_X5Y51          LUT2 (Prop_lut2_I0_O)        0.152     1.052 r  debounce_predict/led_OBUF[7]_inst_i_1/O
                         net (fo=1, routed)           2.425     3.477    led_OBUF[7]
    E15                  OBUF (Prop_obuf_I_O)         3.733     7.210 r  led_OBUF[7]_inst/O
                         net (fo=0)                   0.000     7.210    led[7]
    E15                                                               r  led[7] (OUT)
  -------------------------------------------------------------------    -------------------

Slack:                    inf
  Source:                 debounce_clear/btn_stable_reg/C
                            (rising edge-triggered cell FDCE clocked by clk_out1_clk_wiz_0_1  {rise@0.000ns fall@20.000ns period=40.000ns})
  Destination:            led[6]
                            (output port)
  Path Group:             (none)
  Path Type:              Max at Slow Process Corner
  Data Path Delay:        7.488ns  (logic 4.096ns (54.704%)  route 3.392ns (45.296%))
  Logic Levels:           2  (LUT2=1 OBUF=1)
  Clock Uncertainty:      0.186ns  ((TSJ^2 + DJ^2)^1/2) / 2 + PE
    Total System Jitter     (TSJ):    0.050ns
    Discrete Jitter          (DJ):    0.168ns
    Phase Error              (PE):    0.099ns

    Location             Delay type                Incr(ns)  Path(ns)    Netlist Resource(s)
  -------------------------------------------------------------------    -------------------
                         (clock clk_out1_clk_wiz_0_1 rise edge)
                                                      0.000     0.000 r  
    N15                                               0.000     0.000 r  clk_100mhz (IN)
                         net (fo=0)                   0.000     0.000    clk_gen/inst/clk_in1
    N15                  IBUF (Prop_ibuf_I_O)         1.440     1.440 r  clk_gen/inst/clkin1_ibufg/O
                         net (fo=1, routed)           1.233     2.673    clk_gen/inst/clk_in1_clk_wiz_0
    MMCME2_ADV_X0Y0      MMCME2_ADV (Prop_mmcme2_adv_CLKIN1_CLKOUT0)
                                                     -6.965    -4.291 r  clk_gen/inst/mmcm_adv_inst/CLKOUT0
                         net (fo=1, routed)           1.666    -2.625    clk_gen/inst/clk_out1_clk_wiz_0
    BUFGCTRL_X0Y0        BUFG (Prop_bufg_I_O)         0.096    -2.529 r  clk_gen/inst/clkout1_buf/O
                         net (fo=2798, routed)        1.639    -0.890    debounce_clear/clk_out1
    SLICE_X1Y47          FDCE                                         r  debounce_clear/btn_stable_reg/C
  -------------------------------------------------------------------    -------------------
    SLICE_X1Y47          FDCE (Prop_fdce_C_Q)         0.456    -0.434 r  debounce_clear/btn_stable_reg/Q
                         net (fo=27, routed)          0.890     0.456    debounce_clear/btn_stable_reg_0
    SLICE_X1Y48          LUT2 (Prop_lut2_I0_O)        0.124     0.580 r  debounce_clear/led_OBUF[6]_inst_i_1/O
                         net (fo=1, routed)           2.502     3.082    led_OBUF[6]
    F15                  OBUF (Prop_obuf_I_O)         3.516     6.599 r  led_OBUF[6]_inst/O
                         net (fo=0)                   0.000     6.599    led[6]
    F15                                                               r  led[6] (OUT)
  -------------------------------------------------------------------    -------------------

Slack:                    inf
  Source:                 draw_mode_latched_reg/C
                            (rising edge-triggered cell FDCE clocked by clk_out1_clk_wiz_0_1  {rise@0.000ns fall@20.000ns period=40.000ns})
  Destination:            led[2]
                            (output port)
  Path Group:             (none)
  Path Type:              Max at Slow Process Corner
  Data Path Delay:        6.749ns  (logic 4.241ns (62.842%)  route 2.508ns (37.158%))
  Logic Levels:           2  (LUT2=1 OBUF=1)
  Clock Uncertainty:      0.186ns  ((TSJ^2 + DJ^2)^1/2) / 2 + PE
    Total System Jitter     (TSJ):    0.050ns
    Discrete Jitter          (DJ):    0.168ns
    Phase Error              (PE):    0.099ns

    Location             Delay type                Incr(ns)  Path(ns)    Netlist Resource(s)
  -------------------------------------------------------------------    -------------------
                         (clock clk_out1_clk_wiz_0_1 rise edge)
                                                      0.000     0.000 r  
    N15                                               0.000     0.000 r  clk_100mhz (IN)
                         net (fo=0)                   0.000     0.000    clk_gen/inst/clk_in1
    N15                  IBUF (Prop_ibuf_I_O)         1.440     1.440 r  clk_gen/inst/clkin1_ibufg/O
                         net (fo=1, routed)           1.233     2.673    clk_gen/inst/clk_in1_clk_wiz_0
    MMCME2_ADV_X0Y0      MMCME2_ADV (Prop_mmcme2_adv_CLKIN1_CLKOUT0)
                                                     -6.965    -4.291 r  clk_gen/inst/mmcm_adv_inst/CLKOUT0
                         net (fo=1, routed)           1.666    -2.625    clk_gen/inst/clk_out1_clk_wiz_0
    BUFGCTRL_X0Y0        BUFG (Prop_bufg_I_O)         0.096    -2.529 r  clk_gen/inst/clkout1_buf/O
                         net (fo=2798, routed)        1.623    -0.906    clk_25mhz
    SLICE_X4Y53          FDCE                                         r  draw_mode_latched_reg/C
  -------------------------------------------------------------------    -------------------
    SLICE_X4Y53          FDCE (Prop_fdce_C_Q)         0.419    -0.487 r  draw_mode_latched_reg/Q
                         net (fo=8, routed)           0.837     0.350    led_OBUF[3]
    SLICE_X1Y63          LUT2 (Prop_lut2_I0_O)        0.299     0.649 r  led_OBUF[2]_inst_i_1/O
                         net (fo=1, routed)           1.671     2.320    led_OBUF[2]
    E13                  OBUF (Prop_obuf_I_O)         3.523     5.843 r  led_OBUF[2]_inst/O
                         net (fo=0)                   0.000     5.843    led[2]
    E13                                                               r  led[2] (OUT)
  -------------------------------------------------------------------    -------------------

Slack:                    inf
  Source:                 draw_mode_latched_reg/C
                            (rising edge-triggered cell FDCE clocked by clk_out1_clk_wiz_0_1  {rise@0.000ns fall@20.000ns period=40.000ns})
  Destination:            led[3]
                            (output port)
  Path Group:             (none)
  Path Type:              Max at Slow Process Corner
  Data Path Delay:        6.463ns  (logic 4.112ns (63.623%)  route 2.351ns (36.377%))
  Logic Levels:           1  (OBUF=1)
  Clock Uncertainty:      0.186ns  ((TSJ^2 + DJ^2)^1/2) / 2 + PE
    Total System Jitter     (TSJ):    0.050ns
    Discrete Jitter          (DJ):    0.168ns
    Phase Error              (PE):    0.099ns

    Location             Delay type                Incr(ns)  Path(ns)    Netlist Resource(s)
  -------------------------------------------------------------------    -------------------
                         (clock clk_out1_clk_wiz_0_1 rise edge)
                                                      0.000     0.000 r  
    N15                                               0.000     0.000 r  clk_100mhz (IN)
                         net (fo=0)                   0.000     0.000    clk_gen/inst/clk_in1
    N15                  IBUF (Prop_ibuf_I_O)         1.440     1.440 r  clk_gen/inst/clkin1_ibufg/O
                         net (fo=1, routed)           1.233     2.673    clk_gen/inst/clk_in1_clk_wiz_0
    MMCME2_ADV_X0Y0      MMCME2_ADV (Prop_mmcme2_adv_CLKIN1_CLKOUT0)
                                                     -6.965    -4.291 r  clk_gen/inst/mmcm_adv_inst/CLKOUT0
                         net (fo=1, routed)           1.666    -2.625    clk_gen/inst/clk_out1_clk_wiz_0
    BUFGCTRL_X0Y0        BUFG (Prop_bufg_I_O)         0.096    -2.529 r  clk_gen/inst/clkout1_buf/O
                         net (fo=2798, routed)        1.623    -0.906    clk_25mhz
    SLICE_X4Y53          FDCE                                         r  draw_mode_latched_reg/C
  -------------------------------------------------------------------    -------------------
    SLICE_X4Y53          FDCE (Prop_fdce_C_Q)         0.419    -0.487 r  draw_mode_latched_reg/Q
                         net (fo=8, routed)           2.351     1.864    led_OBUF[3]
    H15                  OBUF (Prop_obuf_I_O)         3.693     5.557 r  led_OBUF[3]_inst/O
                         net (fo=0)                   0.000     5.557    led[3]
    H15                                                               r  led[3] (OUT)
  -------------------------------------------------------------------    -------------------

Slack:                    inf
  Source:                 heartbeat_counter_reg[23]/C
                            (rising edge-triggered cell FDCE clocked by clk_out1_clk_wiz_0_1  {rise@0.000ns fall@20.000ns period=40.000ns})
  Destination:            led[0]
                            (output port)
  Path Group:             (none)
  Path Type:              Max at Slow Process Corner
  Data Path Delay:        5.964ns  (logic 3.979ns (66.721%)  route 1.985ns (33.279%))
  Logic Levels:           1  (OBUF=1)
  Clock Uncertainty:      0.186ns  ((TSJ^2 + DJ^2)^1/2) / 2 + PE
    Total System Jitter     (TSJ):    0.050ns
    Discrete Jitter          (DJ):    0.168ns
    Phase Error              (PE):    0.099ns

    Location             Delay type                Incr(ns)  Path(ns)    Netlist Resource(s)
  -------------------------------------------------------------------    -------------------
                         (clock clk_out1_clk_wiz_0_1 rise edge)
                                                      0.000     0.000 r  
    N15                                               0.000     0.000 r  clk_100mhz (IN)
                         net (fo=0)                   0.000     0.000    clk_gen/inst/clk_in1
    N15                  IBUF (Prop_ibuf_I_O)         1.440     1.440 r  clk_gen/inst/clkin1_ibufg/O
                         net (fo=1, routed)           1.233     2.673    clk_gen/inst/clk_in1_clk_wiz_0
    MMCME2_ADV_X0Y0      MMCME2_ADV (Prop_mmcme2_adv_CLKIN1_CLKOUT0)
                                                     -6.965    -4.291 r  clk_gen/inst/mmcm_adv_inst/CLKOUT0
                         net (fo=1, routed)           1.666    -2.625    clk_gen/inst/clk_out1_clk_wiz_0
    BUFGCTRL_X0Y0        BUFG (Prop_bufg_I_O)         0.096    -2.529 r  clk_gen/inst/clkout1_buf/O
                         net (fo=2798, routed)        1.615    -0.914    clk_25mhz
    SLICE_X0Y68          FDCE                                         r  heartbeat_counter_reg[23]/C
  -------------------------------------------------------------------    -------------------
    SLICE_X0Y68          FDCE (Prop_fdce_C_Q)         0.456    -0.458 r  heartbeat_counter_reg[23]/Q
                         net (fo=2, routed)           1.985     1.527    led_OBUF[0]
    E18                  OBUF (Prop_obuf_I_O)         3.523     5.050 r  led_OBUF[0]_inst/O
                         net (fo=0)                   0.000     5.050    led[0]
    E18                                                               r  led[0] (OUT)
  -------------------------------------------------------------------    -------------------





Min Delay Paths
--------------------------------------------------------------------------------------
Slack:                    inf
  Source:                 heartbeat_counter_reg[23]/C
                            (rising edge-triggered cell FDCE clocked by clk_out1_clk_wiz_0_1  {rise@0.000ns fall@20.000ns period=40.000ns})
  Destination:            led[0]
                            (output port)
  Path Group:             (none)
  Path Type:              Min at Fast Process Corner
  Data Path Delay:        1.820ns  (logic 1.365ns (75.013%)  route 0.455ns (24.987%))
  Logic Levels:           1  (OBUF=1)
  Clock Uncertainty:      0.186ns  ((TSJ^2 + DJ^2)^1/2) / 2 + PE
    Total System Jitter     (TSJ):    0.050ns
    Discrete Jitter          (DJ):    0.168ns
    Phase Error              (PE):    0.099ns

    Location             Delay type                Incr(ns)  Path(ns)    Netlist Resource(s)
  -------------------------------------------------------------------    -------------------
                         (clock clk_out1_clk_wiz_0_1 rise edge)
                                                      0.000     0.000 r  
    N15                                               0.000     0.000 r  clk_100mhz (IN)
                         net (fo=0)                   0.000     0.000    clk_gen/inst/clk_in1
    N15                  IBUF (Prop_ibuf_I_O)         0.209     0.209 r  clk_gen/inst/clkin1_ibufg/O
                         net (fo=1, routed)           0.440     0.649    clk_gen/inst/clk_in1_clk_wiz_0
    MMCME2_ADV_X0Y0      MMCME2_ADV (Prop_mmcme2_adv_CLKIN1_CLKOUT0)
                                                     -2.362    -1.714 r  clk_gen/inst/mmcm_adv_inst/CLKOUT0
                         net (fo=1, routed)           0.489    -1.225    clk_gen/inst/clk_out1_clk_wiz_0
    BUFGCTRL_X0Y0        BUFG (Prop_bufg_I_O)         0.026    -1.199 r  clk_gen/inst/clkout1_buf/O
                         net (fo=2798, routed)        0.586    -0.613    clk_25mhz
    SLICE_X0Y68          FDCE                                         r  heartbeat_counter_reg[23]/C
  -------------------------------------------------------------------    -------------------
    SLICE_X0Y68          FDCE (Prop_fdce_C_Q)         0.141    -0.472 r  heartbeat_counter_reg[23]/Q
                         net (fo=2, routed)           0.455    -0.017    led_OBUF[0]
    E18                  OBUF (Prop_obuf_I_O)         1.224     1.207 r  led_OBUF[0]_inst/O
                         net (fo=0)                   0.000     1.207    led[0]
    E18                                                               r  led[0] (OUT)
  -------------------------------------------------------------------    -------------------

Slack:                    inf
  Source:                 draw_mode_latched_reg/C
                            (rising edge-triggered cell FDCE clocked by clk_out1_clk_wiz_0_1  {rise@0.000ns fall@20.000ns period=40.000ns})
  Destination:            led[3]
                            (output port)
  Path Group:             (none)
  Path Type:              Min at Fast Process Corner
  Data Path Delay:        2.046ns  (logic 1.401ns (68.472%)  route 0.645ns (31.528%))
  Logic Levels:           1  (OBUF=1)
  Clock Uncertainty:      0.186ns  ((TSJ^2 + DJ^2)^1/2) / 2 + PE
    Total System Jitter     (TSJ):    0.050ns
    Discrete Jitter          (DJ):    0.168ns
    Phase Error              (PE):    0.099ns

    Location             Delay type                Incr(ns)  Path(ns)    Netlist Resource(s)
  -------------------------------------------------------------------    -------------------
                         (clock clk_out1_clk_wiz_0_1 rise edge)
                                                      0.000     0.000 r  
    N15                                               0.000     0.000 r  clk_100mhz (IN)
                         net (fo=0)                   0.000     0.000    clk_gen/inst/clk_in1
    N15                  IBUF (Prop_ibuf_I_O)         0.209     0.209 r  clk_gen/inst/clkin1_ibufg/O
                         net (fo=1, routed)           0.440     0.649    clk_gen/inst/clk_in1_clk_wiz_0
    MMCME2_ADV_X0Y0      MMCME2_ADV (Prop_mmcme2_adv_CLKIN1_CLKOUT0)
                                                     -2.362    -1.714 r  clk_gen/inst/mmcm_adv_inst/CLKOUT0
                         net (fo=1, routed)           0.489    -1.225    clk_gen/inst/clk_out1_clk_wiz_0
    BUFGCTRL_X0Y0        BUFG (Prop_bufg_I_O)         0.026    -1.199 r  clk_gen/inst/clkout1_buf/O
                         net (fo=2798, routed)        0.591    -0.608    clk_25mhz
    SLICE_X4Y53          FDCE                                         r  draw_mode_latched_reg/C
  -------------------------------------------------------------------    -------------------
    SLICE_X4Y53          FDCE (Prop_fdce_C_Q)         0.128    -0.480 r  draw_mode_latched_reg/Q
                         net (fo=8, routed)           0.645     0.165    led_OBUF[3]
    H15                  OBUF (Prop_obuf_I_O)         1.273     1.438 r  led_OBUF[3]_inst/O
                         net (fo=0)                   0.000     1.438    led[3]
    H15                                                               r  led[3] (OUT)
  -------------------------------------------------------------------    -------------------

Slack:                    inf
  Source:                 draw_mode_latched_reg/C
                            (rising edge-triggered cell FDCE clocked by clk_out1_clk_wiz_0_1  {rise@0.000ns fall@20.000ns period=40.000ns})
  Destination:            led[2]
                            (output port)
  Path Group:             (none)
  Path Type:              Min at Fast Process Corner
  Data Path Delay:        2.154ns  (logic 1.451ns (67.373%)  route 0.703ns (32.627%))
  Logic Levels:           2  (LUT2=1 OBUF=1)
  Clock Uncertainty:      0.186ns  ((TSJ^2 + DJ^2)^1/2) / 2 + PE
    Total System Jitter     (TSJ):    0.050ns
    Discrete Jitter          (DJ):    0.168ns
    Phase Error              (PE):    0.099ns

    Location             Delay type                Incr(ns)  Path(ns)    Netlist Resource(s)
  -------------------------------------------------------------------    -------------------
                         (clock clk_out1_clk_wiz_0_1 rise edge)
                                                      0.000     0.000 r  
    N15                                               0.000     0.000 r  clk_100mhz (IN)
                         net (fo=0)                   0.000     0.000    clk_gen/inst/clk_in1
    N15                  IBUF (Prop_ibuf_I_O)         0.209     0.209 r  clk_gen/inst/clkin1_ibufg/O
                         net (fo=1, routed)           0.440     0.649    clk_gen/inst/clk_in1_clk_wiz_0
    MMCME2_ADV_X0Y0      MMCME2_ADV (Prop_mmcme2_adv_CLKIN1_CLKOUT0)
                                                     -2.362    -1.714 r  clk_gen/inst/mmcm_adv_inst/CLKOUT0
                         net (fo=1, routed)           0.489    -1.225    clk_gen/inst/clk_out1_clk_wiz_0
    BUFGCTRL_X0Y0        BUFG (Prop_bufg_I_O)         0.026    -1.199 r  clk_gen/inst/clkout1_buf/O
                         net (fo=2798, routed)        0.591    -0.608    clk_25mhz
    SLICE_X4Y53          FDCE                                         r  draw_mode_latched_reg/C
  -------------------------------------------------------------------    -------------------
    SLICE_X4Y53          FDCE (Prop_fdce_C_Q)         0.128    -0.480 r  draw_mode_latched_reg/Q
                         net (fo=8, routed)           0.361    -0.120    led_OBUF[3]
    SLICE_X1Y63          LUT2 (Prop_lut2_I0_O)        0.099    -0.021 r  led_OBUF[2]_inst_i_1/O
                         net (fo=1, routed)           0.342     0.322    led_OBUF[2]
    E13                  OBUF (Prop_obuf_I_O)         1.224     1.545 r  led_OBUF[2]_inst/O
                         net (fo=0)                   0.000     1.545    led[2]
    E13                                                               r  led[2] (OUT)
  -------------------------------------------------------------------    -------------------

Slack:                    inf
  Source:                 debounce_clear/btn_prev_reg/C
                            (rising edge-triggered cell FDCE clocked by clk_out1_clk_wiz_0_1  {rise@0.000ns fall@20.000ns period=40.000ns})
  Destination:            led[6]
                            (output port)
  Path Group:             (none)
  Path Type:              Min at Fast Process Corner
  Data Path Delay:        2.296ns  (logic 1.403ns (61.131%)  route 0.892ns (38.869%))
  Logic Levels:           2  (LUT2=1 OBUF=1)
  Clock Uncertainty:      0.186ns  ((TSJ^2 + DJ^2)^1/2) / 2 + PE
    Total System Jitter     (TSJ):    0.050ns
    Discrete Jitter          (DJ):    0.168ns
    Phase Error              (PE):    0.099ns

    Location             Delay type                Incr(ns)  Path(ns)    Netlist Resource(s)
  -------------------------------------------------------------------    -------------------
                         (clock clk_out1_clk_wiz_0_1 rise edge)
                                                      0.000     0.000 r  
    N15                                               0.000     0.000 r  clk_100mhz (IN)
                         net (fo=0)                   0.000     0.000    clk_gen/inst/clk_in1
    N15                  IBUF (Prop_ibuf_I_O)         0.209     0.209 r  clk_gen/inst/clkin1_ibufg/O
                         net (fo=1, routed)           0.440     0.649    clk_gen/inst/clk_in1_clk_wiz_0
    MMCME2_ADV_X0Y0      MMCME2_ADV (Prop_mmcme2_adv_CLKIN1_CLKOUT0)
                                                     -2.362    -1.714 r  clk_gen/inst/mmcm_adv_inst/CLKOUT0
                         net (fo=1, routed)           0.489    -1.225    clk_gen/inst/clk_out1_clk_wiz_0
    BUFGCTRL_X0Y0        BUFG (Prop_bufg_I_O)         0.026    -1.199 r  clk_gen/inst/clkout1_buf/O
                         net (fo=2798, routed)        0.596    -0.603    debounce_clear/clk_out1
    SLICE_X0Y47          FDCE                                         r  debounce_clear/btn_prev_reg/C
  -------------------------------------------------------------------    -------------------
    SLICE_X0Y47          FDCE (Prop_fdce_C_Q)         0.141    -0.462 f  debounce_clear/btn_prev_reg/Q
                         net (fo=5, routed)           0.206    -0.256    debounce_clear/btn_prev
    SLICE_X1Y48          LUT2 (Prop_lut2_I1_O)        0.045    -0.211 r  debounce_clear/led_OBUF[6]_inst_i_1/O
                         net (fo=1, routed)           0.686     0.475    led_OBUF[6]
    F15                  OBUF (Prop_obuf_I_O)         1.217     1.693 r  led_OBUF[6]_inst/O
                         net (fo=0)                   0.000     1.693    led[6]
    F15                                                               r  led[6] (OUT)
  -------------------------------------------------------------------    -------------------

Slack:                    inf
  Source:                 debounce_predict/btn_prev_reg/C
                            (rising edge-triggered cell FDCE clocked by clk_out1_clk_wiz_0_1  {rise@0.000ns fall@20.000ns period=40.000ns})
  Destination:            led[7]
                            (output port)
  Path Group:             (none)
  Path Type:              Min at Fast Process Corner
  Data Path Delay:        2.407ns  (logic 1.479ns (61.462%)  route 0.927ns (38.538%))
  Logic Levels:           2  (LUT2=1 OBUF=1)
  Clock Uncertainty:      0.186ns  ((TSJ^2 + DJ^2)^1/2) / 2 + PE
    Total System Jitter     (TSJ):    0.050ns
    Discrete Jitter          (DJ):    0.168ns
    Phase Error              (PE):    0.099ns

    Location             Delay type                Incr(ns)  Path(ns)    Netlist Resource(s)
  -------------------------------------------------------------------    -------------------
                         (clock clk_out1_clk_wiz_0_1 rise edge)
                                                      0.000     0.000 r  
    N15                                               0.000     0.000 r  clk_100mhz (IN)
                         net (fo=0)                   0.000     0.000    clk_gen/inst/clk_in1
    N15                  IBUF (Prop_ibuf_I_O)         0.209     0.209 r  clk_gen/inst/clkin1_ibufg/O
                         net (fo=1, routed)           0.440     0.649    clk_gen/inst/clk_in1_clk_wiz_0
    MMCME2_ADV_X0Y0      MMCME2_ADV (Prop_mmcme2_adv_CLKIN1_CLKOUT0)
                                                     -2.362    -1.714 r  clk_gen/inst/mmcm_adv_inst/CLKOUT0
                         net (fo=1, routed)           0.489    -1.225    clk_gen/inst/clk_out1_clk_wiz_0
    BUFGCTRL_X0Y0        BUFG (Prop_bufg_I_O)         0.026    -1.199 r  clk_gen/inst/clkout1_buf/O
                         net (fo=2798, routed)        0.592    -0.607    debounce_predict/clk_out1
    SLICE_X5Y51          FDCE                                         r  debounce_predict/btn_prev_reg/C
  -------------------------------------------------------------------    -------------------
    SLICE_X5Y51          FDCE (Prop_fdce_C_Q)         0.141    -0.466 f  debounce_predict/btn_prev_reg/Q
                         net (fo=1, routed)           0.275    -0.191    debounce_predict/btn_prev
    SLICE_X5Y51          LUT2 (Prop_lut2_I1_O)        0.044    -0.147 r  debounce_predict/led_OBUF[7]_inst_i_1/O
                         net (fo=1, routed)           0.652     0.505    led_OBUF[7]
    E15                  OBUF (Prop_obuf_I_O)         1.294     1.799 r  led_OBUF[7]_inst/O
                         net (fo=0)                   0.000     1.799    led[7]
    E15                                                               r  led[7] (OUT)
  -------------------------------------------------------------------    -------------------

Slack:                    inf
  Source:                 cursor_y_reg[2]/C
                            (rising edge-triggered cell FDCE clocked by clk_out1_clk_wiz_0_1  {rise@0.000ns fall@20.000ns period=40.000ns})
  Destination:            led[5]
                            (output port)
  Path Group:             (none)
  Path Type:              Min at Fast Process Corner
  Data Path Delay:        3.100ns  (logic 1.604ns (51.753%)  route 1.496ns (48.247%))
  Logic Levels:           4  (CARRY4=1 LUT3=1 LUT5=1 OBUF=1)
  Clock Uncertainty:      0.186ns  ((TSJ^2 + DJ^2)^1/2) / 2 + PE
    Total System Jitter     (TSJ):    0.050ns
    Discrete Jitter          (DJ):    0.168ns
    Phase Error              (PE):    0.099ns

    Location             Delay type                Incr(ns)  Path(ns)    Netlist Resource(s)
  -------------------------------------------------------------------    -------------------
                         (clock clk_out1_clk_wiz_0_1 rise edge)
                                                      0.000     0.000 r  
    N15                                               0.000     0.000 r  clk_100mhz (IN)
                         net (fo=0)                   0.000     0.000    clk_gen/inst/clk_in1
    N15                  IBUF (Prop_ibuf_I_O)         0.209     0.209 r  clk_gen/inst/clkin1_ibufg/O
                         net (fo=1, routed)           0.440     0.649    clk_gen/inst/clk_in1_clk_wiz_0
    MMCME2_ADV_X0Y0      MMCME2_ADV (Prop_mmcme2_adv_CLKIN1_CLKOUT0)
                                                     -2.362    -1.714 r  clk_gen/inst/mmcm_adv_inst/CLKOUT0
                         net (fo=1, routed)           0.489    -1.225    clk_gen/inst/clk_out1_clk_wiz_0
    BUFGCTRL_X0Y0        BUFG (Prop_bufg_I_O)         0.026    -1.199 r  clk_gen/inst/clkout1_buf/O
                         net (fo=2798, routed)        0.590    -0.609    clk_25mhz
    SLICE_X3Y33          FDCE                                         r  cursor_y_reg[2]/C
  -------------------------------------------------------------------    -------------------
    SLICE_X3Y33          FDCE (Prop_fdce_C_Q)         0.141    -0.468 r  cursor_y_reg[2]/Q
                         net (fo=32, routed)          0.314    -0.154    vga_ctrl/led_OBUF[5]_inst_i_2_0[1]
    SLICE_X5Y29          LUT5 (Prop_lut5_I3_O)        0.045    -0.109 r  vga_ctrl/led_OBUF[5]_inst_i_7/O
                         net (fo=1, routed)           0.000    -0.109    vga_ctrl/led_OBUF[5]_inst_i_7_n_0
    SLICE_X5Y29          CARRY4 (Prop_carry4_S[0]_CO[3])
                                                      0.152     0.043 r  vga_ctrl/led_OBUF[5]_inst_i_2/CO[3]
                         net (fo=2, routed)           0.270     0.313    vga_ctrl/red6
    SLICE_X4Y30          LUT3 (Prop_lut3_I0_O)        0.045     0.358 r  vga_ctrl/led_OBUF[5]_inst_i_1/O
                         net (fo=1, routed)           0.911     1.269    led_OBUF[5]
    G17                  OBUF (Prop_obuf_I_O)         1.221     2.490 r  led_OBUF[5]_inst/O
                         net (fo=0)                   0.000     2.490    led[5]
    G17                                                               r  led[5] (OUT)
  -------------------------------------------------------------------    -------------------





--------------------------------------------------------------------------------------
Path Group:  (none)
From Clock:  clk_out2_clk_wiz_0_1
  To Clock:  

Max Delay             8 Endpoints
Min Delay             8 Endpoints
--------------------------------------------------------------------------------------


Max Delay Paths
--------------------------------------------------------------------------------------
Slack:                    inf
  Source:                 hdmi_transmitter/inst/serial_clk/oserdes_m/CLK
                            (rising edge-triggered cell OSERDESE2 clocked by clk_out2_clk_wiz_0_1  {rise@0.000ns fall@4.000ns period=8.000ns})
  Destination:            hdmi_clk_n
                            (output port)
  Path Group:             (none)
  Path Type:              Max at Slow Process Corner
  Data Path Delay:        2.311ns  (logic 2.310ns (99.957%)  route 0.001ns (0.043%))
  Logic Levels:           1  (OBUFDS=1)
  Clock Uncertainty:      0.165ns  ((TSJ^2 + DJ^2)^1/2) / 2 + PE
    Total System Jitter     (TSJ):    0.050ns
    Discrete Jitter          (DJ):    0.124ns
    Phase Error              (PE):    0.099ns

    Location             Delay type                Incr(ns)  Path(ns)    Netlist Resource(s)
  -------------------------------------------------------------------    -------------------
                         (clock clk_out2_clk_wiz_0_1 rise edge)
                                                      0.000     0.000 r  
    N15                                               0.000     0.000 r  clk_100mhz (IN)
                         net (fo=0)                   0.000     0.000    clk_gen/inst/clk_in1
    N15                  IBUF (Prop_ibuf_I_O)         1.440     1.440 r  clk_gen/inst/clkin1_ibufg/O
                         net (fo=1, routed)           1.233     2.673    clk_gen/inst/clk_in1_clk_wiz_0
    MMCME2_ADV_X0Y0      MMCME2_ADV (Prop_mmcme2_adv_CLKIN1_CLKOUT1)
                                                     -6.965    -4.291 r  clk_gen/inst/mmcm_adv_inst/CLKOUT1
                         net (fo=1, routed)           1.666    -2.625    clk_gen/inst/clk_out2_clk_wiz_0
    BUFGCTRL_X0Y1        BUFG (Prop_bufg_I_O)         0.096    -2.529 r  clk_gen/inst/clkout2_buf/O
                         net (fo=8, routed)           1.671    -0.858    hdmi_transmitter/inst/serial_clk/pix_clkx5
    OLOGIC_X0Y18         OSERDESE2                                    r  hdmi_transmitter/inst/serial_clk/oserdes_m/CLK
  -------------------------------------------------------------------    -------------------
    OLOGIC_X0Y18         OSERDESE2 (Prop_oserdese2_CLK_OQ)
                                                      0.472    -0.386 r  hdmi_transmitter/inst/serial_clk/oserdes_m/OQ
                         net (fo=1, routed)           0.001    -0.385    hdmi_transmitter/inst/tmdsclk
    U16                  OBUFDS (Prop_obufds_I_OB)    1.838     1.453 r  hdmi_transmitter/inst/OBUFDS_CLK/OB
                         net (fo=0)                   0.000     1.453    hdmi_clk_n
    V17                                                               r  hdmi_clk_n (OUT)
  -------------------------------------------------------------------    -------------------

Slack:                    inf
  Source:                 hdmi_transmitter/inst/serial_clk/oserdes_m/CLK
                            (rising edge-triggered cell OSERDESE2 clocked by clk_out2_clk_wiz_0_1  {rise@0.000ns fall@4.000ns period=8.000ns})
  Destination:            hdmi_clk_p
                            (output port)
  Path Group:             (none)
  Path Type:              Max at Slow Process Corner
  Data Path Delay:        2.310ns  (logic 2.309ns (99.957%)  route 0.001ns (0.043%))
  Logic Levels:           1  (OBUFDS=1)
  Clock Uncertainty:      0.165ns  ((TSJ^2 + DJ^2)^1/2) / 2 + PE
    Total System Jitter     (TSJ):    0.050ns
    Discrete Jitter          (DJ):    0.124ns
    Phase Error              (PE):    0.099ns

    Location             Delay type                Incr(ns)  Path(ns)    Netlist Resource(s)
  -------------------------------------------------------------------    -------------------
                         (clock clk_out2_clk_wiz_0_1 rise edge)
                                                      0.000     0.000 r  
    N15                                               0.000     0.000 r  clk_100mhz (IN)
                         net (fo=0)                   0.000     0.000    clk_gen/inst/clk_in1
    N15                  IBUF (Prop_ibuf_I_O)         1.440     1.440 r  clk_gen/inst/clkin1_ibufg/O
                         net (fo=1, routed)           1.233     2.673    clk_gen/inst/clk_in1_clk_wiz_0
    MMCME2_ADV_X0Y0      MMCME2_ADV (Prop_mmcme2_adv_CLKIN1_CLKOUT1)
                                                     -6.965    -4.291 r  clk_gen/inst/mmcm_adv_inst/CLKOUT1
                         net (fo=1, routed)           1.666    -2.625    clk_gen/inst/clk_out2_clk_wiz_0
    BUFGCTRL_X0Y1        BUFG (Prop_bufg_I_O)         0.096    -2.529 r  clk_gen/inst/clkout2_buf/O
                         net (fo=8, routed)           1.671    -0.858    hdmi_transmitter/inst/serial_clk/pix_clkx5
    OLOGIC_X0Y18         OSERDESE2                                    r  hdmi_transmitter/inst/serial_clk/oserdes_m/CLK
  -------------------------------------------------------------------    -------------------
    OLOGIC_X0Y18         OSERDESE2 (Prop_oserdese2_CLK_OQ)
                                                      0.472    -0.386 r  hdmi_transmitter/inst/serial_clk/oserdes_m/OQ
                         net (fo=1, routed)           0.001    -0.385    hdmi_transmitter/inst/tmdsclk
    U16                  OBUFDS (Prop_obufds_I_O)     1.837     1.452 r  hdmi_transmitter/inst/OBUFDS_CLK/O
                         net (fo=0)                   0.000     1.452    hdmi_clk_p
    U16                                                               r  hdmi_clk_p (OUT)
  -------------------------------------------------------------------    -------------------

Slack:                    inf
  Source:                 hdmi_transmitter/inst/serial_g/oserdes_m/CLK
                            (rising edge-triggered cell OSERDESE2 clocked by clk_out2_clk_wiz_0_1  {rise@0.000ns fall@4.000ns period=8.000ns})
  Destination:            hdmi_data_n[1]
                            (output port)
  Path Group:             (none)
  Path Type:              Max at Slow Process Corner
  Data Path Delay:        2.312ns  (logic 2.311ns (99.957%)  route 0.001ns (0.043%))
  Logic Levels:           1  (OBUFDS=1)
  Clock Uncertainty:      0.165ns  ((TSJ^2 + DJ^2)^1/2) / 2 + PE
    Total System Jitter     (TSJ):    0.050ns
    Discrete Jitter          (DJ):    0.124ns
    Phase Error              (PE):    0.099ns

    Location             Delay type                Incr(ns)  Path(ns)    Netlist Resource(s)
  -------------------------------------------------------------------    -------------------
                         (clock clk_out2_clk_wiz_0_1 rise edge)
                                                      0.000     0.000 r  
    N15                                               0.000     0.000 r  clk_100mhz (IN)
                         net (fo=0)                   0.000     0.000    clk_gen/inst/clk_in1
    N15                  IBUF (Prop_ibuf_I_O)         1.440     1.440 r  clk_gen/inst/clkin1_ibufg/O
                         net (fo=1, routed)           1.233     2.673    clk_gen/inst/clk_in1_clk_wiz_0
    MMCME2_ADV_X0Y0      MMCME2_ADV (Prop_mmcme2_adv_CLKIN1_CLKOUT1)
                                                     -6.965    -4.291 r  clk_gen/inst/mmcm_adv_inst/CLKOUT1
                         net (fo=1, routed)           1.666    -2.625    clk_gen/inst/clk_out2_clk_wiz_0
    BUFGCTRL_X0Y1        BUFG (Prop_bufg_I_O)         0.096    -2.529 r  clk_gen/inst/clkout2_buf/O
                         net (fo=8, routed)           1.665    -0.864    hdmi_transmitter/inst/serial_g/pix_clkx5
    OLOGIC_X0Y22         OSERDESE2                                    r  hdmi_transmitter/inst/serial_g/oserdes_m/CLK
  -------------------------------------------------------------------    -------------------
    OLOGIC_X0Y22         OSERDESE2 (Prop_oserdese2_CLK_OQ)
                                                      0.472    -0.392 r  hdmi_transmitter/inst/serial_g/oserdes_m/OQ
                         net (fo=1, routed)           0.001    -0.391    hdmi_transmitter/inst/TMDSINT_1
    R16                  OBUFDS (Prop_obufds_I_OB)    1.839     1.447 r  hdmi_transmitter/inst/OBUFDS_G/OB
                         net (fo=0)                   0.000     1.447    hdmi_data_n[1]
    R17                                                               r  hdmi_data_n[1] (OUT)
  -------------------------------------------------------------------    -------------------

Slack:                    inf
  Source:                 hdmi_transmitter/inst/serial_b/oserdes_m/CLK
                            (rising edge-triggered cell OSERDESE2 clocked by clk_out2_clk_wiz_0_1  {rise@0.000ns fall@4.000ns period=8.000ns})
  Destination:            hdmi_data_n[0]
                            (output port)
  Path Group:             (none)
  Path Type:              Max at Slow Process Corner
  Data Path Delay:        2.310ns  (logic 2.309ns (99.957%)  route 0.001ns (0.043%))
  Logic Levels:           1  (OBUFDS=1)
  Clock Uncertainty:      0.165ns  ((TSJ^2 + DJ^2)^1/2) / 2 + PE
    Total System Jitter     (TSJ):    0.050ns
    Discrete Jitter          (DJ):    0.124ns
    Phase Error              (PE):    0.099ns

    Location             Delay type                Incr(ns)  Path(ns)    Netlist Resource(s)
  -------------------------------------------------------------------    -------------------
                         (clock clk_out2_clk_wiz_0_1 rise edge)
                                                      0.000     0.000 r  
    N15                                               0.000     0.000 r  clk_100mhz (IN)
                         net (fo=0)                   0.000     0.000    clk_gen/inst/clk_in1
    N15                  IBUF (Prop_ibuf_I_O)         1.440     1.440 r  clk_gen/inst/clkin1_ibufg/O
                         net (fo=1, routed)           1.233     2.673    clk_gen/inst/clk_in1_clk_wiz_0
    MMCME2_ADV_X0Y0      MMCME2_ADV (Prop_mmcme2_adv_CLKIN1_CLKOUT1)
                                                     -6.965    -4.291 r  clk_gen/inst/mmcm_adv_inst/CLKOUT1
                         net (fo=1, routed)           1.666    -2.625    clk_gen/inst/clk_out2_clk_wiz_0
    BUFGCTRL_X0Y1        BUFG (Prop_bufg_I_O)         0.096    -2.529 r  clk_gen/inst/clkout2_buf/O
                         net (fo=8, routed)           1.666    -0.863    hdmi_transmitter/inst/serial_b/pix_clkx5
    OLOGIC_X0Y20         OSERDESE2                                    r  hdmi_transmitter/inst/serial_b/oserdes_m/CLK
  -------------------------------------------------------------------    -------------------
    OLOGIC_X0Y20         OSERDESE2 (Prop_oserdese2_CLK_OQ)
                                                      0.472    -0.391 r  hdmi_transmitter/inst/serial_b/oserdes_m/OQ
                         net (fo=1, routed)           0.001    -0.390    hdmi_transmitter/inst/TMDSINT_0
    U17                  OBUFDS (Prop_obufds_I_OB)    1.837     1.447 r  hdmi_transmitter/inst/OBUFDS_B/OB
                         net (fo=0)                   0.000     1.447    hdmi_data_n[0]
    U18                                                               r  hdmi_data_n[0] (OUT)
  -------------------------------------------------------------------    -------------------

Slack:                    inf
  Source:                 hdmi_transmitter/inst/serial_g/oserdes_m/CLK
                            (rising edge-triggered cell OSERDESE2 clocked by clk_out2_clk_wiz_0_1  {rise@0.000ns fall@4.000ns period=8.000ns})
  Destination:            hdmi_data_p[1]
                            (output port)
  Path Group:             (none)
  Path Type:              Max at Slow Process Corner
  Data Path Delay:        2.311ns  (logic 2.310ns (99.957%)  route 0.001ns (0.043%))
  Logic Levels:           1  (OBUFDS=1)
  Clock Uncertainty:      0.165ns  ((TSJ^2 + DJ^2)^1/2) / 2 + PE
    Total System Jitter     (TSJ):    0.050ns
    Discrete Jitter          (DJ):    0.124ns
    Phase Error              (PE):    0.099ns

    Location             Delay type                Incr(ns)  Path(ns)    Netlist Resource(s)
  -------------------------------------------------------------------    -------------------
                         (clock clk_out2_clk_wiz_0_1 rise edge)
                                                      0.000     0.000 r  
    N15                                               0.000     0.000 r  clk_100mhz (IN)
                         net (fo=0)                   0.000     0.000    clk_gen/inst/clk_in1
    N15                  IBUF (Prop_ibuf_I_O)         1.440     1.440 r  clk_gen/inst/clkin1_ibufg/O
                         net (fo=1, routed)           1.233     2.673    clk_gen/inst/clk_in1_clk_wiz_0
    MMCME2_ADV_X0Y0      MMCME2_ADV (Prop_mmcme2_adv_CLKIN1_CLKOUT1)
                                                     -6.965    -4.291 r  clk_gen/inst/mmcm_adv_inst/CLKOUT1
                         net (fo=1, routed)           1.666    -2.625    clk_gen/inst/clk_out2_clk_wiz_0
    BUFGCTRL_X0Y1        BUFG (Prop_bufg_I_O)         0.096    -2.529 r  clk_gen/inst/clkout2_buf/O
                         net (fo=8, routed)           1.665    -0.864    hdmi_transmitter/inst/serial_g/pix_clkx5
    OLOGIC_X0Y22         OSERDESE2                                    r  hdmi_transmitter/inst/serial_g/oserdes_m/CLK
  -------------------------------------------------------------------    -------------------
    OLOGIC_X0Y22         OSERDESE2 (Prop_oserdese2_CLK_OQ)
                                                      0.472    -0.392 r  hdmi_transmitter/inst/serial_g/oserdes_m/OQ
                         net (fo=1, routed)           0.001    -0.391    hdmi_transmitter/inst/TMDSINT_1
    R16                  OBUFDS (Prop_obufds_I_O)     1.838     1.446 r  hdmi_transmitter/inst/OBUFDS_G/O
                         net (fo=0)                   0.000     1.446    hdmi_data_p[1]
    R16                                                               r  hdmi_data_p[1] (OUT)
  -------------------------------------------------------------------    -------------------

Slack:                    inf
  Source:                 hdmi_transmitter/inst/serial_b/oserdes_m/CLK
                            (rising edge-triggered cell OSERDESE2 clocked by clk_out2_clk_wiz_0_1  {rise@0.000ns fall@4.000ns period=8.000ns})
  Destination:            hdmi_data_p[0]
                            (output port)
  Path Group:             (none)
  Path Type:              Max at Slow Process Corner
  Data Path Delay:        2.309ns  (logic 2.308ns (99.957%)  route 0.001ns (0.043%))
  Logic Levels:           1  (OBUFDS=1)
  Clock Uncertainty:      0.165ns  ((TSJ^2 + DJ^2)^1/2) / 2 + PE
    Total System Jitter     (TSJ):    0.050ns
    Discrete Jitter          (DJ):    0.124ns
    Phase Error              (PE):    0.099ns

    Location             Delay type                Incr(ns)  Path(ns)    Netlist Resource(s)
  -------------------------------------------------------------------    -------------------
                         (clock clk_out2_clk_wiz_0_1 rise edge)
                                                      0.000     0.000 r  
    N15                                               0.000     0.000 r  clk_100mhz (IN)
                         net (fo=0)                   0.000     0.000    clk_gen/inst/clk_in1
    N15                  IBUF (Prop_ibuf_I_O)         1.440     1.440 r  clk_gen/inst/clkin1_ibufg/O
                         net (fo=1, routed)           1.233     2.673    clk_gen/inst/clk_in1_clk_wiz_0
    MMCME2_ADV_X0Y0      MMCME2_ADV (Prop_mmcme2_adv_CLKIN1_CLKOUT1)
                                                     -6.965    -4.291 r  clk_gen/inst/mmcm_adv_inst/CLKOUT1
                         net (fo=1, routed)           1.666    -2.625    clk_gen/inst/clk_out2_clk_wiz_0
    BUFGCTRL_X0Y1        BUFG (Prop_bufg_I_O)         0.096    -2.529 r  clk_gen/inst/clkout2_buf/O
                         net (fo=8, routed)           1.666    -0.863    hdmi_transmitter/inst/serial_b/pix_clkx5
    OLOGIC_X0Y20         OSERDESE2                                    r  hdmi_transmitter/inst/serial_b/oserdes_m/CLK
  -------------------------------------------------------------------    -------------------
    OLOGIC_X0Y20         OSERDESE2 (Prop_oserdese2_CLK_OQ)
                                                      0.472    -0.391 r  hdmi_transmitter/inst/serial_b/oserdes_m/OQ
                         net (fo=1, routed)           0.001    -0.390    hdmi_transmitter/inst/TMDSINT_0
    U17                  OBUFDS (Prop_obufds_I_O)     1.836     1.446 r  hdmi_transmitter/inst/OBUFDS_B/O
                         net (fo=0)                   0.000     1.446    hdmi_data_p[0]
    U17                                                               r  hdmi_data_p[0] (OUT)
  -------------------------------------------------------------------    -------------------

Slack:                    inf
  Source:                 hdmi_transmitter/inst/serial_r/oserdes_m/CLK
                            (rising edge-triggered cell OSERDESE2 clocked by clk_out2_clk_wiz_0_1  {rise@0.000ns fall@4.000ns period=8.000ns})
  Destination:            hdmi_data_n[2]
                            (output port)
  Path Group:             (none)
  Path Type:              Max at Slow Process Corner
  Data Path Delay:        2.299ns  (logic 2.298ns (99.956%)  route 0.001ns (0.043%))
  Logic Levels:           1  (OBUFDS=1)
  Clock Uncertainty:      0.165ns  ((TSJ^2 + DJ^2)^1/2) / 2 + PE
    Total System Jitter     (TSJ):    0.050ns
    Discrete Jitter          (DJ):    0.124ns
    Phase Error              (PE):    0.099ns

    Location             Delay type                Incr(ns)  Path(ns)    Netlist Resource(s)
  -------------------------------------------------------------------    -------------------
                         (clock clk_out2_clk_wiz_0_1 rise edge)
                                                      0.000     0.000 r  
    N15                                               0.000     0.000 r  clk_100mhz (IN)
                         net (fo=0)                   0.000     0.000    clk_gen/inst/clk_in1
    N15                  IBUF (Prop_ibuf_I_O)         1.440     1.440 r  clk_gen/inst/clkin1_ibufg/O
                         net (fo=1, routed)           1.233     2.673    clk_gen/inst/clk_in1_clk_wiz_0
    MMCME2_ADV_X0Y0      MMCME2_ADV (Prop_mmcme2_adv_CLKIN1_CLKOUT1)
                                                     -6.965    -4.291 r  clk_gen/inst/mmcm_adv_inst/CLKOUT1
                         net (fo=1, routed)           1.666    -2.625    clk_gen/inst/clk_out2_clk_wiz_0
    BUFGCTRL_X0Y1        BUFG (Prop_bufg_I_O)         0.096    -2.529 r  clk_gen/inst/clkout2_buf/O
                         net (fo=8, routed)           1.663    -0.866    hdmi_transmitter/inst/serial_r/pix_clkx5
    OLOGIC_X0Y24         OSERDESE2                                    r  hdmi_transmitter/inst/serial_r/oserdes_m/CLK
  -------------------------------------------------------------------    -------------------
    OLOGIC_X0Y24         OSERDESE2 (Prop_oserdese2_CLK_OQ)
                                                      0.472    -0.394 r  hdmi_transmitter/inst/serial_r/oserdes_m/OQ
                         net (fo=1, routed)           0.001    -0.393    hdmi_transmitter/inst/TMDSINT_2
    R14                  OBUFDS (Prop_obufds_I_OB)    1.826     1.433 r  hdmi_transmitter/inst/OBUFDS_R/OB
                         net (fo=0)                   0.000     1.433    hdmi_data_n[2]
    T14                                                               r  hdmi_data_n[2] (OUT)
  -------------------------------------------------------------------    -------------------

Slack:                    inf
  Source:                 hdmi_transmitter/inst/serial_r/oserdes_m/CLK
                            (rising edge-triggered cell OSERDESE2 clocked by clk_out2_clk_wiz_0_1  {rise@0.000ns fall@4.000ns period=8.000ns})
  Destination:            hdmi_data_p[2]
                            (output port)
  Path Group:             (none)
  Path Type:              Max at Slow Process Corner
  Data Path Delay:        2.298ns  (logic 2.297ns (99.956%)  route 0.001ns (0.044%))
  Logic Levels:           1  (OBUFDS=1)
  Clock Uncertainty:      0.165ns  ((TSJ^2 + DJ^2)^1/2) / 2 + PE
    Total System Jitter     (TSJ):    0.050ns
    Discrete Jitter          (DJ):    0.124ns
    Phase Error              (PE):    0.099ns

    Location             Delay type                Incr(ns)  Path(ns)    Netlist Resource(s)
  -------------------------------------------------------------------    -------------------
                         (clock clk_out2_clk_wiz_0_1 rise edge)
                                                      0.000     0.000 r  
    N15                                               0.000     0.000 r  clk_100mhz (IN)
                         net (fo=0)                   0.000     0.000    clk_gen/inst/clk_in1
    N15                  IBUF (Prop_ibuf_I_O)         1.440     1.440 r  clk_gen/inst/clkin1_ibufg/O
                         net (fo=1, routed)           1.233     2.673    clk_gen/inst/clk_in1_clk_wiz_0
    MMCME2_ADV_X0Y0      MMCME2_ADV (Prop_mmcme2_adv_CLKIN1_CLKOUT1)
                                                     -6.965    -4.291 r  clk_gen/inst/mmcm_adv_inst/CLKOUT1
                         net (fo=1, routed)           1.666    -2.625    clk_gen/inst/clk_out2_clk_wiz_0
    BUFGCTRL_X0Y1        BUFG (Prop_bufg_I_O)         0.096    -2.529 r  clk_gen/inst/clkout2_buf/O
                         net (fo=8, routed)           1.663    -0.866    hdmi_transmitter/inst/serial_r/pix_clkx5
    OLOGIC_X0Y24         OSERDESE2                                    r  hdmi_transmitter/inst/serial_r/oserdes_m/CLK
  -------------------------------------------------------------------    -------------------
    OLOGIC_X0Y24         OSERDESE2 (Prop_oserdese2_CLK_OQ)
                                                      0.472    -0.394 r  hdmi_transmitter/inst/serial_r/oserdes_m/OQ
                         net (fo=1, routed)           0.001    -0.393    hdmi_transmitter/inst/TMDSINT_2
    R14                  OBUFDS (Prop_obufds_I_O)     1.825     1.432 r  hdmi_transmitter/inst/OBUFDS_R/O
                         net (fo=0)                   0.000     1.432    hdmi_data_p[2]
    R14                                                               r  hdmi_data_p[2] (OUT)
  -------------------------------------------------------------------    -------------------





Min Delay Paths
--------------------------------------------------------------------------------------
Slack:                    inf
  Source:                 hdmi_transmitter/inst/serial_r/oserdes_m/CLK
                            (rising edge-triggered cell OSERDESE2 clocked by clk_out2_clk_wiz_0_1  {rise@0.000ns fall@4.000ns period=8.000ns})
  Destination:            hdmi_data_p[2]
                            (output port)
  Path Group:             (none)
  Path Type:              Min at Fast Process Corner
  Data Path Delay:        0.952ns  (logic 0.951ns (99.895%)  route 0.001ns (0.105%))
  Logic Levels:           1  (OBUFDS=1)
  Clock Uncertainty:      0.165ns  ((TSJ^2 + DJ^2)^1/2) / 2 + PE
    Total System Jitter     (TSJ):    0.050ns
    Discrete Jitter          (DJ):    0.124ns
    Phase Error              (PE):    0.099ns

    Location             Delay type                Incr(ns)  Path(ns)    Netlist Resource(s)
  -------------------------------------------------------------------    -------------------
                         (clock clk_out2_clk_wiz_0_1 rise edge)
                                                      0.000     0.000 r  
    N15                                               0.000     0.000 r  clk_100mhz (IN)
                         net (fo=0)                   0.000     0.000    clk_gen/inst/clk_in1
    N15                  IBUF (Prop_ibuf_I_O)         0.209     0.209 r  clk_gen/inst/clkin1_ibufg/O
                         net (fo=1, routed)           0.440     0.649    clk_gen/inst/clk_in1_clk_wiz_0
    MMCME2_ADV_X0Y0      MMCME2_ADV (Prop_mmcme2_adv_CLKIN1_CLKOUT1)
                                                     -2.362    -1.714 r  clk_gen/inst/mmcm_adv_inst/CLKOUT1
                         net (fo=1, routed)           0.489    -1.225    clk_gen/inst/clk_out2_clk_wiz_0
    BUFGCTRL_X0Y1        BUFG (Prop_bufg_I_O)         0.026    -1.199 r  clk_gen/inst/clkout2_buf/O
                         net (fo=8, routed)           0.580    -0.619    hdmi_transmitter/inst/serial_r/pix_clkx5
    OLOGIC_X0Y24         OSERDESE2                                    r  hdmi_transmitter/inst/serial_r/oserdes_m/CLK
  -------------------------------------------------------------------    -------------------
    OLOGIC_X0Y24         OSERDESE2 (Prop_oserdese2_CLK_OQ)
                                                      0.177    -0.442 r  hdmi_transmitter/inst/serial_r/oserdes_m/OQ
                         net (fo=1, routed)           0.001    -0.441    hdmi_transmitter/inst/TMDSINT_2
    R14                  OBUFDS (Prop_obufds_I_O)     0.774     0.333 r  hdmi_transmitter/inst/OBUFDS_R/O
                         net (fo=0)                   0.000     0.333    hdmi_data_p[2]
    R14                                                               r  hdmi_data_p[2] (OUT)
  -------------------------------------------------------------------    -------------------

Slack:                    inf
  Source:                 hdmi_transmitter/inst/serial_r/oserdes_m/CLK
                            (rising edge-triggered cell OSERDESE2 clocked by clk_out2_clk_wiz_0_1  {rise@0.000ns fall@4.000ns period=8.000ns})
  Destination:            hdmi_data_n[2]
                            (output port)
  Path Group:             (none)
  Path Type:              Min at Fast Process Corner
  Data Path Delay:        0.953ns  (logic 0.952ns (99.895%)  route 0.001ns (0.105%))
  Logic Levels:           1  (OBUFDS=1)
  Clock Uncertainty:      0.165ns  ((TSJ^2 + DJ^2)^1/2) / 2 + PE
    Total System Jitter     (TSJ):    0.050ns
    Discrete Jitter          (DJ):    0.124ns
    Phase Error              (PE):    0.099ns

    Location             Delay type                Incr(ns)  Path(ns)    Netlist Resource(s)
  -------------------------------------------------------------------    -------------------
                         (clock clk_out2_clk_wiz_0_1 rise edge)
                                                      0.000     0.000 r  
    N15                                               0.000     0.000 r  clk_100mhz (IN)
                         net (fo=0)                   0.000     0.000    clk_gen/inst/clk_in1
    N15                  IBUF (Prop_ibuf_I_O)         0.209     0.209 r  clk_gen/inst/clkin1_ibufg/O
                         net (fo=1, routed)           0.440     0.649    clk_gen/inst/clk_in1_clk_wiz_0
    MMCME2_ADV_X0Y0      MMCME2_ADV (Prop_mmcme2_adv_CLKIN1_CLKOUT1)
                                                     -2.362    -1.714 r  clk_gen/inst/mmcm_adv_inst/CLKOUT1
                         net (fo=1, routed)           0.489    -1.225    clk_gen/inst/clk_out2_clk_wiz_0
    BUFGCTRL_X0Y1        BUFG (Prop_bufg_I_O)         0.026    -1.199 r  clk_gen/inst/clkout2_buf/O
                         net (fo=8, routed)           0.580    -0.619    hdmi_transmitter/inst/serial_r/pix_clkx5
    OLOGIC_X0Y24         OSERDESE2                                    r  hdmi_transmitter/inst/serial_r/oserdes_m/CLK
  -------------------------------------------------------------------    -------------------
    OLOGIC_X0Y24         OSERDESE2 (Prop_oserdese2_CLK_OQ)
                                                      0.177    -0.442 r  hdmi_transmitter/inst/serial_r/oserdes_m/OQ
                         net (fo=1, routed)           0.001    -0.441    hdmi_transmitter/inst/TMDSINT_2
    R14                  OBUFDS (Prop_obufds_I_OB)    0.775     0.334 r  hdmi_transmitter/inst/OBUFDS_R/OB
                         net (fo=0)                   0.000     0.334    hdmi_data_n[2]
    T14                                                               r  hdmi_data_n[2] (OUT)
  -------------------------------------------------------------------    -------------------

Slack:                    inf
  Source:                 hdmi_transmitter/inst/serial_b/oserdes_m/CLK
                            (rising edge-triggered cell OSERDESE2 clocked by clk_out2_clk_wiz_0_1  {rise@0.000ns fall@4.000ns period=8.000ns})
  Destination:            hdmi_data_p[0]
                            (output port)
  Path Group:             (none)
  Path Type:              Min at Fast Process Corner
  Data Path Delay:        0.963ns  (logic 0.962ns (99.896%)  route 0.001ns (0.104%))
  Logic Levels:           1  (OBUFDS=1)
  Clock Uncertainty:      0.165ns  ((TSJ^2 + DJ^2)^1/2) / 2 + PE
    Total System Jitter     (TSJ):    0.050ns
    Discrete Jitter          (DJ):    0.124ns
    Phase Error              (PE):    0.099ns

    Location             Delay type                Incr(ns)  Path(ns)    Netlist Resource(s)
  -------------------------------------------------------------------    -------------------
                         (clock clk_out2_clk_wiz_0_1 rise edge)
                                                      0.000     0.000 r  
    N15                                               0.000     0.000 r  clk_100mhz (IN)
                         net (fo=0)                   0.000     0.000    clk_gen/inst/clk_in1
    N15                  IBUF (Prop_ibuf_I_O)         0.209     0.209 r  clk_gen/inst/clkin1_ibufg/O
                         net (fo=1, routed)           0.440     0.649    clk_gen/inst/clk_in1_clk_wiz_0
    MMCME2_ADV_X0Y0      MMCME2_ADV (Prop_mmcme2_adv_CLKIN1_CLKOUT1)
                                                     -2.362    -1.714 r  clk_gen/inst/mmcm_adv_inst/CLKOUT1
                         net (fo=1, routed)           0.489    -1.225    clk_gen/inst/clk_out2_clk_wiz_0
    BUFGCTRL_X0Y1        BUFG (Prop_bufg_I_O)         0.026    -1.199 r  clk_gen/inst/clkout2_buf/O
                         net (fo=8, routed)           0.582    -0.617    hdmi_transmitter/inst/serial_b/pix_clkx5
    OLOGIC_X0Y20         OSERDESE2                                    r  hdmi_transmitter/inst/serial_b/oserdes_m/CLK
  -------------------------------------------------------------------    -------------------
    OLOGIC_X0Y20         OSERDESE2 (Prop_oserdese2_CLK_OQ)
                                                      0.177    -0.440 r  hdmi_transmitter/inst/serial_b/oserdes_m/OQ
                         net (fo=1, routed)           0.001    -0.439    hdmi_transmitter/inst/TMDSINT_0
    U17                  OBUFDS (Prop_obufds_I_O)     0.785     0.346 r  hdmi_transmitter/inst/OBUFDS_B/O
                         net (fo=0)                   0.000     0.346    hdmi_data_p[0]
    U17                                                               r  hdmi_data_p[0] (OUT)
  -------------------------------------------------------------------    -------------------

Slack:                    inf
  Source:                 hdmi_transmitter/inst/serial_g/oserdes_m/CLK
                            (rising edge-triggered cell OSERDESE2 clocked by clk_out2_clk_wiz_0_1  {rise@0.000ns fall@4.000ns period=8.000ns})
  Destination:            hdmi_data_p[1]
                            (output port)
  Path Group:             (none)
  Path Type:              Min at Fast Process Corner
  Data Path Delay:        0.965ns  (logic 0.964ns (99.896%)  route 0.001ns (0.104%))
  Logic Levels:           1  (OBUFDS=1)
  Clock Uncertainty:      0.165ns  ((TSJ^2 + DJ^2)^1/2) / 2 + PE
    Total System Jitter     (TSJ):    0.050ns
    Discrete Jitter          (DJ):    0.124ns
    Phase Error              (PE):    0.099ns

    Location             Delay type                Incr(ns)  Path(ns)    Netlist Resource(s)
  -------------------------------------------------------------------    -------------------
                         (clock clk_out2_clk_wiz_0_1 rise edge)
                                                      0.000     0.000 r  
    N15                                               0.000     0.000 r  clk_100mhz (IN)
                         net (fo=0)                   0.000     0.000    clk_gen/inst/clk_in1
    N15                  IBUF (Prop_ibuf_I_O)         0.209     0.209 r  clk_gen/inst/clkin1_ibufg/O
                         net (fo=1, routed)           0.440     0.649    clk_gen/inst/clk_in1_clk_wiz_0
    MMCME2_ADV_X0Y0      MMCME2_ADV (Prop_mmcme2_adv_CLKIN1_CLKOUT1)
                                                     -2.362    -1.714 r  clk_gen/inst/mmcm_adv_inst/CLKOUT1
                         net (fo=1, routed)           0.489    -1.225    clk_gen/inst/clk_out2_clk_wiz_0
    BUFGCTRL_X0Y1        BUFG (Prop_bufg_I_O)         0.026    -1.199 r  clk_gen/inst/clkout2_buf/O
                         net (fo=8, routed)           0.581    -0.618    hdmi_transmitter/inst/serial_g/pix_clkx5
    OLOGIC_X0Y22         OSERDESE2                                    r  hdmi_transmitter/inst/serial_g/oserdes_m/CLK
  -------------------------------------------------------------------    -------------------
    OLOGIC_X0Y22         OSERDESE2 (Prop_oserdese2_CLK_OQ)
                                                      0.177    -0.441 r  hdmi_transmitter/inst/serial_g/oserdes_m/OQ
                         net (fo=1, routed)           0.001    -0.440    hdmi_transmitter/inst/TMDSINT_1
    R16                  OBUFDS (Prop_obufds_I_O)     0.787     0.346 r  hdmi_transmitter/inst/OBUFDS_G/O
                         net (fo=0)                   0.000     0.346    hdmi_data_p[1]
    R16                                                               r  hdmi_data_p[1] (OUT)
  -------------------------------------------------------------------    -------------------

Slack:                    inf
  Source:                 hdmi_transmitter/inst/serial_b/oserdes_m/CLK
                            (rising edge-triggered cell OSERDESE2 clocked by clk_out2_clk_wiz_0_1  {rise@0.000ns fall@4.000ns period=8.000ns})
  Destination:            hdmi_data_n[0]
                            (output port)
  Path Group:             (none)
  Path Type:              Min at Fast Process Corner
  Data Path Delay:        0.964ns  (logic 0.963ns (99.896%)  route 0.001ns (0.104%))
  Logic Levels:           1  (OBUFDS=1)
  Clock Uncertainty:      0.165ns  ((TSJ^2 + DJ^2)^1/2) / 2 + PE
    Total System Jitter     (TSJ):    0.050ns
    Discrete Jitter          (DJ):    0.124ns
    Phase Error              (PE):    0.099ns

    Location             Delay type                Incr(ns)  Path(ns)    Netlist Resource(s)
  -------------------------------------------------------------------    -------------------
                         (clock clk_out2_clk_wiz_0_1 rise edge)
                                                      0.000     0.000 r  
    N15                                               0.000     0.000 r  clk_100mhz (IN)
                         net (fo=0)                   0.000     0.000    clk_gen/inst/clk_in1
    N15                  IBUF (Prop_ibuf_I_O)         0.209     0.209 r  clk_gen/inst/clkin1_ibufg/O
                         net (fo=1, routed)           0.440     0.649    clk_gen/inst/clk_in1_clk_wiz_0
    MMCME2_ADV_X0Y0      MMCME2_ADV (Prop_mmcme2_adv_CLKIN1_CLKOUT1)
                                                     -2.362    -1.714 r  clk_gen/inst/mmcm_adv_inst/CLKOUT1
                         net (fo=1, routed)           0.489    -1.225    clk_gen/inst/clk_out2_clk_wiz_0
    BUFGCTRL_X0Y1        BUFG (Prop_bufg_I_O)         0.026    -1.199 r  clk_gen/inst/clkout2_buf/O
                         net (fo=8, routed)           0.582    -0.617    hdmi_transmitter/inst/serial_b/pix_clkx5
    OLOGIC_X0Y20         OSERDESE2                                    r  hdmi_transmitter/inst/serial_b/oserdes_m/CLK
  -------------------------------------------------------------------    -------------------
    OLOGIC_X0Y20         OSERDESE2 (Prop_oserdese2_CLK_OQ)
                                                      0.177    -0.440 r  hdmi_transmitter/inst/serial_b/oserdes_m/OQ
                         net (fo=1, routed)           0.001    -0.439    hdmi_transmitter/inst/TMDSINT_0
    U17                  OBUFDS (Prop_obufds_I_OB)    0.786     0.347 r  hdmi_transmitter/inst/OBUFDS_B/OB
                         net (fo=0)                   0.000     0.347    hdmi_data_n[0]
    U18                                                               r  hdmi_data_n[0] (OUT)
  -------------------------------------------------------------------    -------------------

Slack:                    inf
  Source:                 hdmi_transmitter/inst/serial_g/oserdes_m/CLK
                            (rising edge-triggered cell OSERDESE2 clocked by clk_out2_clk_wiz_0_1  {rise@0.000ns fall@4.000ns period=8.000ns})
  Destination:            hdmi_data_n[1]
                            (output port)
  Path Group:             (none)
  Path Type:              Min at Fast Process Corner
  Data Path Delay:        0.966ns  (logic 0.965ns (99.896%)  route 0.001ns (0.104%))
  Logic Levels:           1  (OBUFDS=1)
  Clock Uncertainty:      0.165ns  ((TSJ^2 + DJ^2)^1/2) / 2 + PE
    Total System Jitter     (TSJ):    0.050ns
    Discrete Jitter          (DJ):    0.124ns
    Phase Error              (PE):    0.099ns

    Location             Delay type                Incr(ns)  Path(ns)    Netlist Resource(s)
  -------------------------------------------------------------------    -------------------
                         (clock clk_out2_clk_wiz_0_1 rise edge)
                                                      0.000     0.000 r  
    N15                                               0.000     0.000 r  clk_100mhz (IN)
                         net (fo=0)                   0.000     0.000    clk_gen/inst/clk_in1
    N15                  IBUF (Prop_ibuf_I_O)         0.209     0.209 r  clk_gen/inst/clkin1_ibufg/O
                         net (fo=1, routed)           0.440     0.649    clk_gen/inst/clk_in1_clk_wiz_0
    MMCME2_ADV_X0Y0      MMCME2_ADV (Prop_mmcme2_adv_CLKIN1_CLKOUT1)
                                                     -2.362    -1.714 r  clk_gen/inst/mmcm_adv_inst/CLKOUT1
                         net (fo=1, routed)           0.489    -1.225    clk_gen/inst/clk_out2_clk_wiz_0
    BUFGCTRL_X0Y1        BUFG (Prop_bufg_I_O)         0.026    -1.199 r  clk_gen/inst/clkout2_buf/O
                         net (fo=8, routed)           0.581    -0.618    hdmi_transmitter/inst/serial_g/pix_clkx5
    OLOGIC_X0Y22         OSERDESE2                                    r  hdmi_transmitter/inst/serial_g/oserdes_m/CLK
  -------------------------------------------------------------------    -------------------
    OLOGIC_X0Y22         OSERDESE2 (Prop_oserdese2_CLK_OQ)
                                                      0.177    -0.441 r  hdmi_transmitter/inst/serial_g/oserdes_m/OQ
                         net (fo=1, routed)           0.001    -0.440    hdmi_transmitter/inst/TMDSINT_1
    R16                  OBUFDS (Prop_obufds_I_OB)    0.788     0.347 r  hdmi_transmitter/inst/OBUFDS_G/OB
                         net (fo=0)                   0.000     0.347    hdmi_data_n[1]
    R17                                                               r  hdmi_data_n[1] (OUT)
  -------------------------------------------------------------------    -------------------

Slack:                    inf
  Source:                 hdmi_transmitter/inst/serial_clk/oserdes_m/CLK
                            (rising edge-triggered cell OSERDESE2 clocked by clk_out2_clk_wiz_0_1  {rise@0.000ns fall@4.000ns period=8.000ns})
  Destination:            hdmi_clk_p
                            (output port)
  Path Group:             (none)
  Path Type:              Min at Fast Process Corner
  Data Path Delay:        0.964ns  (logic 0.963ns (99.896%)  route 0.001ns (0.104%))
  Logic Levels:           1  (OBUFDS=1)
  Clock Uncertainty:      0.165ns  ((TSJ^2 + DJ^2)^1/2) / 2 + PE
    Total System Jitter     (TSJ):    0.050ns
    Discrete Jitter          (DJ):    0.124ns
    Phase Error              (PE):    0.099ns

    Location             Delay type                Incr(ns)  Path(ns)    Netlist Resource(s)
  -------------------------------------------------------------------    -------------------
                         (clock clk_out2_clk_wiz_0_1 rise edge)
                                                      0.000     0.000 r  
    N15                                               0.000     0.000 r  clk_100mhz (IN)
                         net (fo=0)                   0.000     0.000    clk_gen/inst/clk_in1
    N15                  IBUF (Prop_ibuf_I_O)         0.209     0.209 r  clk_gen/inst/clkin1_ibufg/O
                         net (fo=1, routed)           0.440     0.649    clk_gen/inst/clk_in1_clk_wiz_0
    MMCME2_ADV_X0Y0      MMCME2_ADV (Prop_mmcme2_adv_CLKIN1_CLKOUT1)
                                                     -2.362    -1.714 r  clk_gen/inst/mmcm_adv_inst/CLKOUT1
                         net (fo=1, routed)           0.489    -1.225    clk_gen/inst/clk_out2_clk_wiz_0
    BUFGCTRL_X0Y1        BUFG (Prop_bufg_I_O)         0.026    -1.199 r  clk_gen/inst/clkout2_buf/O
                         net (fo=8, routed)           0.584    -0.615    hdmi_transmitter/inst/serial_clk/pix_clkx5
    OLOGIC_X0Y18         OSERDESE2                                    r  hdmi_transmitter/inst/serial_clk/oserdes_m/CLK
  -------------------------------------------------------------------    -------------------
    OLOGIC_X0Y18         OSERDESE2 (Prop_oserdese2_CLK_OQ)
                                                      0.177    -0.438 r  hdmi_transmitter/inst/serial_clk/oserdes_m/OQ
                         net (fo=1, routed)           0.001    -0.437    hdmi_transmitter/inst/tmdsclk
    U16                  OBUFDS (Prop_obufds_I_O)     0.786     0.349 r  hdmi_transmitter/inst/OBUFDS_CLK/O
                         net (fo=0)                   0.000     0.349    hdmi_clk_p
    U16                                                               r  hdmi_clk_p (OUT)
  -------------------------------------------------------------------    -------------------

Slack:                    inf
  Source:                 hdmi_transmitter/inst/serial_clk/oserdes_m/CLK
                            (rising edge-triggered cell OSERDESE2 clocked by clk_out2_clk_wiz_0_1  {rise@0.000ns fall@4.000ns period=8.000ns})
  Destination:            hdmi_clk_n
                            (output port)
  Path Group:             (none)
  Path Type:              Min at Fast Process Corner
  Data Path Delay:        0.965ns  (logic 0.964ns (99.896%)  route 0.001ns (0.104%))
  Logic Levels:           1  (OBUFDS=1)
  Clock Uncertainty:      0.165ns  ((TSJ^2 + DJ^2)^1/2) / 2 + PE
    Total System Jitter     (TSJ):    0.050ns
    Discrete Jitter          (DJ):    0.124ns
    Phase Error              (PE):    0.099ns

    Location             Delay type                Incr(ns)  Path(ns)    Netlist Resource(s)
  -------------------------------------------------------------------    -------------------
                         (clock clk_out2_clk_wiz_0_1 rise edge)
                                                      0.000     0.000 r  
    N15                                               0.000     0.000 r  clk_100mhz (IN)
                         net (fo=0)                   0.000     0.000    clk_gen/inst/clk_in1
    N15                  IBUF (Prop_ibuf_I_O)         0.209     0.209 r  clk_gen/inst/clkin1_ibufg/O
                         net (fo=1, routed)           0.440     0.649    clk_gen/inst/clk_in1_clk_wiz_0
    MMCME2_ADV_X0Y0      MMCME2_ADV (Prop_mmcme2_adv_CLKIN1_CLKOUT1)
                                                     -2.362    -1.714 r  clk_gen/inst/mmcm_adv_inst/CLKOUT1
                         net (fo=1, routed)           0.489    -1.225    clk_gen/inst/clk_out2_clk_wiz_0
    BUFGCTRL_X0Y1        BUFG (Prop_bufg_I_O)         0.026    -1.199 r  clk_gen/inst/clkout2_buf/O
                         net (fo=8, routed)           0.584    -0.615    hdmi_transmitter/inst/serial_clk/pix_clkx5
    OLOGIC_X0Y18         OSERDESE2                                    r  hdmi_transmitter/inst/serial_clk/oserdes_m/CLK
  -------------------------------------------------------------------    -------------------
    OLOGIC_X0Y18         OSERDESE2 (Prop_oserdese2_CLK_OQ)
                                                      0.177    -0.438 r  hdmi_transmitter/inst/serial_clk/oserdes_m/OQ
                         net (fo=1, routed)           0.001    -0.437    hdmi_transmitter/inst/tmdsclk
    U16                  OBUFDS (Prop_obufds_I_OB)    0.787     0.350 r  hdmi_transmitter/inst/OBUFDS_CLK/OB
                         net (fo=0)                   0.000     0.350    hdmi_clk_n
    V17                                                               r  hdmi_clk_n (OUT)
  -------------------------------------------------------------------    -------------------





--------------------------------------------------------------------------------------
Path Group:  (none)
From Clock:  clkfbout_clk_wiz_0_1
  To Clock:  

Max Delay             1 Endpoint
Min Delay             1 Endpoint
--------------------------------------------------------------------------------------


Max Delay Paths
--------------------------------------------------------------------------------------
Slack:                    inf
  Source:                 clk_gen/inst/mmcm_adv_inst/CLKFBOUT
                            (clock source 'clkfbout_clk_wiz_0_1'  {rise@0.000ns fall@5.000ns period=10.000ns})
  Destination:            clk_gen/inst/mmcm_adv_inst/CLKFBIN
  Path Group:             (none)
  Path Type:              Max at Fast Process Corner
  Data Path Delay:        1.378ns  (logic 0.029ns (2.104%)  route 1.349ns (97.896%))
  Logic Levels:           1  (BUFG=1)
  Clock Uncertainty:      0.147ns  ((TSJ^2 + DJ^2)^1/2) / 2 + PE
    Total System Jitter     (TSJ):    0.050ns
    Discrete Jitter          (DJ):    0.083ns
    Phase Error              (PE):    0.099ns

    Location             Delay type                Incr(ns)  Path(ns)    Netlist Resource(s)
  -------------------------------------------------------------------    -------------------
                         (clock clkfbout_clk_wiz_0_1 fall edge)
                                                      5.000     5.000 f  
    N15                                               0.000     5.000 f  clk_100mhz (IN)
                         net (fo=0)                   0.000     5.000    clk_gen/inst/clk_in1
    N15                  IBUF (Prop_ibuf_I_O)         0.396     5.396 f  clk_gen/inst/clkin1_ibufg/O
                         net (fo=1, routed)           0.480     5.876    clk_gen/inst/clk_in1_clk_wiz_0
  -------------------------------------------------------------------    -------------------
    MMCME2_ADV_X0Y0      MMCME2_ADV (Prop_mmcme2_adv_CLKIN1_CLKFBOUT)
                                                     -3.145     2.731 f  clk_gen/inst/mmcm_adv_inst/CLKFBOUT
                         net (fo=1, routed)           0.534     3.265    clk_gen/inst/clkfbout_clk_wiz_0
    BUFGCTRL_X0Y2        BUFG (Prop_bufg_I_O)         0.029     3.294 f  clk_gen/inst/clkf_buf/O
                         net (fo=1, routed)           0.816     4.109    clk_gen/inst/clkfbout_buf_clk_wiz_0
    MMCME2_ADV_X0Y0      MMCME2_ADV                                   f  clk_gen/inst/mmcm_adv_inst/CLKFBIN
  -------------------------------------------------------------------    -------------------





Min Delay Paths
--------------------------------------------------------------------------------------
Slack:                    inf
  Source:                 clk_gen/inst/mmcm_adv_inst/CLKFBOUT
                            (clock source 'clkfbout_clk_wiz_0_1'  {rise@0.000ns fall@5.000ns period=10.000ns})
  Destination:            clk_gen/inst/mmcm_adv_inst/CLKFBIN
  Path Group:             (none)
  Path Type:              Min at Slow Process Corner
  Data Path Delay:        3.133ns  (logic 0.091ns (2.904%)  route 3.042ns (97.096%))
  Logic Levels:           1  (BUFG=1)
  Clock Uncertainty:      0.147ns  ((TSJ^2 + DJ^2)^1/2) / 2 + PE
    Total System Jitter     (TSJ):    0.050ns
    Discrete Jitter          (DJ):    0.083ns
    Phase Error              (PE):    0.099ns

    Location             Delay type                Incr(ns)  Path(ns)    Netlist Resource(s)
  -------------------------------------------------------------------    -------------------
                         (clock clkfbout_clk_wiz_0_1 rise edge)
                                                      0.000     0.000 r  
    N15                                               0.000     0.000 r  clk_100mhz (IN)
                         net (fo=0)                   0.000     0.000    clk_gen/inst/clk_in1
    N15                  IBUF (Prop_ibuf_I_O)         1.370     1.370 r  clk_gen/inst/clkin1_ibufg/O
                         net (fo=1, routed)           1.162     2.532    clk_gen/inst/clk_in1_clk_wiz_0
  -------------------------------------------------------------------    -------------------
    MMCME2_ADV_X0Y0      MMCME2_ADV (Prop_mmcme2_adv_CLKIN1_CLKFBOUT)
                                                     -7.221    -4.689 r  clk_gen/inst/mmcm_adv_inst/CLKFBOUT
                         net (fo=1, routed)           1.587    -3.102    clk_gen/inst/clkfbout_clk_wiz_0
    BUFGCTRL_X0Y2        BUFG (Prop_bufg_I_O)         0.091    -3.011 r  clk_gen/inst/clkf_buf/O
                         net (fo=1, routed)           1.455    -1.556    clk_gen/inst/clkfbout_buf_clk_wiz_0
    MMCME2_ADV_X0Y0      MMCME2_ADV                                   r  clk_gen/inst/mmcm_adv_inst/CLKFBIN
  -------------------------------------------------------------------    -------------------





--------------------------------------------------------------------------------------
Path Group:  (none)
From Clock:  
  To Clock:  clk_out1_clk_wiz_0_1

Max Delay           287 Endpoints
Min Delay           287 Endpoints
--------------------------------------------------------------------------------------


Max Delay Paths
--------------------------------------------------------------------------------------
Slack:                    inf
  Source:                 reset_btn
                            (input port)
  Destination:            hdmi_transmitter/inst/encb/cnt_reg[1]/CLR
                            (recovery check against rising-edge clock clk_out1_clk_wiz_0_1  {rise@0.000ns fall@20.000ns period=40.000ns})
  Path Group:             (none)
  Path Type:              Recovery (Max at Slow Process Corner)
  Data Path Delay:        9.947ns  (logic 1.590ns (15.990%)  route 8.356ns (84.010%))
  Logic Levels:           3  (IBUF=1 LUT2=2)
  Clock Path Skew:        -1.494ns (DCD - SCD + CPR)
    Destination Clock Delay (DCD):    -1.494ns
    Source Clock Delay      (SCD):    0.000ns
    Clock Pessimism Removal (CPR):    0.000ns
  Clock Uncertainty:      0.186ns  ((TSJ^2 + DJ^2)^1/2) / 2 + PE
    Total System Jitter     (TSJ):    0.050ns
    Discrete Jitter          (DJ):    0.168ns
    Phase Error              (PE):    0.099ns

    Location             Delay type                Incr(ns)  Path(ns)    Netlist Resource(s)
  -------------------------------------------------------------------    -------------------
    J2                                                0.000     0.000 f  reset_btn (IN)
                         net (fo=0)                   0.000     0.000    reset_btn
    J2                   IBUF (Prop_ibuf_I_O)         1.316     1.316 f  reset_btn_IBUF_inst/O
                         net (fo=2, routed)           3.868     5.184    drawer/reset
    SLICE_X0Y32          LUT2 (Prop_lut2_I0_O)        0.124     5.308 f  drawer/hdmi_transmitter_i_1/O
                         net (fo=183, routed)         0.457     5.765    hdmi_transmitter/inst/encr/rst
    SLICE_X0Y32          LUT2 (Prop_lut2_I0_O)        0.150     5.915 f  hdmi_transmitter/inst/encr/oserdes_m_i_1/O
                         net (fo=50, routed)          4.032     9.947    hdmi_transmitter/inst/encb/AR[0]
    SLICE_X4Y6           FDCE                                         f  hdmi_transmitter/inst/encb/cnt_reg[1]/CLR
  -------------------------------------------------------------------    -------------------

                         (clock clk_out1_clk_wiz_0_1 rise edge)
                                                      0.000     0.000 r  
    N15                                               0.000     0.000 r  clk_100mhz (IN)
                         net (fo=0)                   0.000     0.000    clk_gen/inst/clk_in1
    N15                  IBUF (Prop_ibuf_I_O)         1.370     1.370 r  clk_gen/inst/clkin1_ibufg/O
                         net (fo=1, routed)           1.162     2.532    clk_gen/inst/clk_in1_clk_wiz_0
    MMCME2_ADV_X0Y0      MMCME2_ADV (Prop_mmcme2_adv_CLKIN1_CLKOUT0)
                                                     -7.221    -4.689 r  clk_gen/inst/mmcm_adv_inst/CLKOUT0
                         net (fo=1, routed)           1.587    -3.102    clk_gen/inst/clk_out1_clk_wiz_0
    BUFGCTRL_X0Y0        BUFG (Prop_bufg_I_O)         0.091    -3.011 r  clk_gen/inst/clkout1_buf/O
                         net (fo=2798, routed)        1.517    -1.494    hdmi_transmitter/inst/encb/pix_clk
    SLICE_X4Y6           FDCE                                         r  hdmi_transmitter/inst/encb/cnt_reg[1]/C

Slack:                    inf
  Source:                 reset_btn
                            (input port)
  Destination:            hdmi_transmitter/inst/encb/cnt_reg[4]/CLR
                            (recovery check against rising-edge clock clk_out1_clk_wiz_0_1  {rise@0.000ns fall@20.000ns period=40.000ns})
  Path Group:             (none)
  Path Type:              Recovery (Max at Slow Process Corner)
  Data Path Delay:        9.809ns  (logic 1.590ns (16.215%)  route 8.218ns (83.785%))
  Logic Levels:           3  (IBUF=1 LUT2=2)
  Clock Path Skew:        -1.494ns (DCD - SCD + CPR)
    Destination Clock Delay (DCD):    -1.494ns
    Source Clock Delay      (SCD):    0.000ns
    Clock Pessimism Removal (CPR):    0.000ns
  Clock Uncertainty:      0.186ns  ((TSJ^2 + DJ^2)^1/2) / 2 + PE
    Total System Jitter     (TSJ):    0.050ns
    Discrete Jitter          (DJ):    0.168ns
    Phase Error              (PE):    0.099ns

    Location             Delay type                Incr(ns)  Path(ns)    Netlist Resource(s)
  -------------------------------------------------------------------    -------------------
    J2                                                0.000     0.000 f  reset_btn (IN)
                         net (fo=0)                   0.000     0.000    reset_btn
    J2                   IBUF (Prop_ibuf_I_O)         1.316     1.316 f  reset_btn_IBUF_inst/O
                         net (fo=2, routed)           3.868     5.184    drawer/reset
    SLICE_X0Y32          LUT2 (Prop_lut2_I0_O)        0.124     5.308 f  drawer/hdmi_transmitter_i_1/O
                         net (fo=183, routed)         0.457     5.765    hdmi_transmitter/inst/encr/rst
    SLICE_X0Y32          LUT2 (Prop_lut2_I0_O)        0.150     5.915 f  hdmi_transmitter/inst/encr/oserdes_m_i_1/O
                         net (fo=50, routed)          3.893     9.809    hdmi_transmitter/inst/encb/AR[0]
    SLICE_X4Y5           FDCE                                         f  hdmi_transmitter/inst/encb/cnt_reg[4]/CLR
  -------------------------------------------------------------------    -------------------

                         (clock clk_out1_clk_wiz_0_1 rise edge)
                                                      0.000     0.000 r  
    N15                                               0.000     0.000 r  clk_100mhz (IN)
                         net (fo=0)                   0.000     0.000    clk_gen/inst/clk_in1
    N15                  IBUF (Prop_ibuf_I_O)         1.370     1.370 r  clk_gen/inst/clkin1_ibufg/O
                         net (fo=1, routed)           1.162     2.532    clk_gen/inst/clk_in1_clk_wiz_0
    MMCME2_ADV_X0Y0      MMCME2_ADV (Prop_mmcme2_adv_CLKIN1_CLKOUT0)
                                                     -7.221    -4.689 r  clk_gen/inst/mmcm_adv_inst/CLKOUT0
                         net (fo=1, routed)           1.587    -3.102    clk_gen/inst/clk_out1_clk_wiz_0
    BUFGCTRL_X0Y0        BUFG (Prop_bufg_I_O)         0.091    -3.011 r  clk_gen/inst/clkout1_buf/O
                         net (fo=2798, routed)        1.517    -1.494    hdmi_transmitter/inst/encb/pix_clk
    SLICE_X4Y5           FDCE                                         r  hdmi_transmitter/inst/encb/cnt_reg[4]/C

Slack:                    inf
  Source:                 reset_btn
                            (input port)
  Destination:            hdmi_transmitter/inst/encb/cnt_reg[2]/CLR
                            (recovery check against rising-edge clock clk_out1_clk_wiz_0_1  {rise@0.000ns fall@20.000ns period=40.000ns})
  Path Group:             (none)
  Path Type:              Recovery (Max at Slow Process Corner)
  Data Path Delay:        9.494ns  (logic 1.590ns (16.753%)  route 7.903ns (83.247%))
  Logic Levels:           3  (IBUF=1 LUT2=2)
  Clock Path Skew:        -1.492ns (DCD - SCD + CPR)
    Destination Clock Delay (DCD):    -1.492ns
    Source Clock Delay      (SCD):    0.000ns
    Clock Pessimism Removal (CPR):    0.000ns
  Clock Uncertainty:      0.186ns  ((TSJ^2 + DJ^2)^1/2) / 2 + PE
    Total System Jitter     (TSJ):    0.050ns
    Discrete Jitter          (DJ):    0.168ns
    Phase Error              (PE):    0.099ns

    Location             Delay type                Incr(ns)  Path(ns)    Netlist Resource(s)
  -------------------------------------------------------------------    -------------------
    J2                                                0.000     0.000 f  reset_btn (IN)
                         net (fo=0)                   0.000     0.000    reset_btn
    J2                   IBUF (Prop_ibuf_I_O)         1.316     1.316 f  reset_btn_IBUF_inst/O
                         net (fo=2, routed)           3.868     5.184    drawer/reset
    SLICE_X0Y32          LUT2 (Prop_lut2_I0_O)        0.124     5.308 f  drawer/hdmi_transmitter_i_1/O
                         net (fo=183, routed)         0.457     5.765    hdmi_transmitter/inst/encr/rst
    SLICE_X0Y32          LUT2 (Prop_lut2_I0_O)        0.150     5.915 f  hdmi_transmitter/inst/encr/oserdes_m_i_1/O
                         net (fo=50, routed)          3.579     9.494    hdmi_transmitter/inst/encb/AR[0]
    SLICE_X3Y5           FDCE                                         f  hdmi_transmitter/inst/encb/cnt_reg[2]/CLR
  -------------------------------------------------------------------    -------------------

                         (clock clk_out1_clk_wiz_0_1 rise edge)
                                                      0.000     0.000 r  
    N15                                               0.000     0.000 r  clk_100mhz (IN)
                         net (fo=0)                   0.000     0.000    clk_gen/inst/clk_in1
    N15                  IBUF (Prop_ibuf_I_O)         1.370     1.370 r  clk_gen/inst/clkin1_ibufg/O
                         net (fo=1, routed)           1.162     2.532    clk_gen/inst/clk_in1_clk_wiz_0
    MMCME2_ADV_X0Y0      MMCME2_ADV (Prop_mmcme2_adv_CLKIN1_CLKOUT0)
                                                     -7.221    -4.689 r  clk_gen/inst/mmcm_adv_inst/CLKOUT0
                         net (fo=1, routed)           1.587    -3.102    clk_gen/inst/clk_out1_clk_wiz_0
    BUFGCTRL_X0Y0        BUFG (Prop_bufg_I_O)         0.091    -3.011 r  clk_gen/inst/clkout1_buf/O
                         net (fo=2798, routed)        1.519    -1.492    hdmi_transmitter/inst/encb/pix_clk
    SLICE_X3Y5           FDCE                                         r  hdmi_transmitter/inst/encb/cnt_reg[2]/C

Slack:                    inf
  Source:                 reset_btn
                            (input port)
  Destination:            hdmi_transmitter/inst/encb/cnt_reg[3]/CLR
                            (recovery check against rising-edge clock clk_out1_clk_wiz_0_1  {rise@0.000ns fall@20.000ns period=40.000ns})
  Path Group:             (none)
  Path Type:              Recovery (Max at Slow Process Corner)
  Data Path Delay:        9.494ns  (logic 1.590ns (16.753%)  route 7.903ns (83.247%))
  Logic Levels:           3  (IBUF=1 LUT2=2)
  Clock Path Skew:        -1.492ns (DCD - SCD + CPR)
    Destination Clock Delay (DCD):    -1.492ns
    Source Clock Delay      (SCD):    0.000ns
    Clock Pessimism Removal (CPR):    0.000ns
  Clock Uncertainty:      0.186ns  ((TSJ^2 + DJ^2)^1/2) / 2 + PE
    Total System Jitter     (TSJ):    0.050ns
    Discrete Jitter          (DJ):    0.168ns
    Phase Error              (PE):    0.099ns

    Location             Delay type                Incr(ns)  Path(ns)    Netlist Resource(s)
  -------------------------------------------------------------------    -------------------
    J2                                                0.000     0.000 f  reset_btn (IN)
                         net (fo=0)                   0.000     0.000    reset_btn
    J2                   IBUF (Prop_ibuf_I_O)         1.316     1.316 f  reset_btn_IBUF_inst/O
                         net (fo=2, routed)           3.868     5.184    drawer/reset
    SLICE_X0Y32          LUT2 (Prop_lut2_I0_O)        0.124     5.308 f  drawer/hdmi_transmitter_i_1/O
                         net (fo=183, routed)         0.457     5.765    hdmi_transmitter/inst/encr/rst
    SLICE_X0Y32          LUT2 (Prop_lut2_I0_O)        0.150     5.915 f  hdmi_transmitter/inst/encr/oserdes_m_i_1/O
                         net (fo=50, routed)          3.579     9.494    hdmi_transmitter/inst/encb/AR[0]
    SLICE_X2Y5           FDCE                                         f  hdmi_transmitter/inst/encb/cnt_reg[3]/CLR
  -------------------------------------------------------------------    -------------------

                         (clock clk_out1_clk_wiz_0_1 rise edge)
                                                      0.000     0.000 r  
    N15                                               0.000     0.000 r  clk_100mhz (IN)
                         net (fo=0)                   0.000     0.000    clk_gen/inst/clk_in1
    N15                  IBUF (Prop_ibuf_I_O)         1.370     1.370 r  clk_gen/inst/clkin1_ibufg/O
                         net (fo=1, routed)           1.162     2.532    clk_gen/inst/clk_in1_clk_wiz_0
    MMCME2_ADV_X0Y0      MMCME2_ADV (Prop_mmcme2_adv_CLKIN1_CLKOUT0)
                                                     -7.221    -4.689 r  clk_gen/inst/mmcm_adv_inst/CLKOUT0
                         net (fo=1, routed)           1.587    -3.102    clk_gen/inst/clk_out1_clk_wiz_0
    BUFGCTRL_X0Y0        BUFG (Prop_bufg_I_O)         0.091    -3.011 r  clk_gen/inst/clkout1_buf/O
                         net (fo=2798, routed)        1.519    -1.492    hdmi_transmitter/inst/encb/pix_clk
    SLICE_X2Y5           FDCE                                         r  hdmi_transmitter/inst/encb/cnt_reg[3]/C

Slack:                    inf
  Source:                 reset_btn
                            (input port)
  Destination:            hdmi_transmitter/inst/encg/cnt_reg[3]/CLR
                            (recovery check against rising-edge clock clk_out1_clk_wiz_0_1  {rise@0.000ns fall@20.000ns period=40.000ns})
  Path Group:             (none)
  Path Type:              Recovery (Max at Slow Process Corner)
  Data Path Delay:        9.337ns  (logic 1.590ns (17.035%)  route 7.746ns (82.965%))
  Logic Levels:           3  (IBUF=1 LUT2=2)
  Clock Path Skew:        -1.495ns (DCD - SCD + CPR)
    Destination Clock Delay (DCD):    -1.495ns
    Source Clock Delay      (SCD):    0.000ns
    Clock Pessimism Removal (CPR):    0.000ns
  Clock Uncertainty:      0.186ns  ((TSJ^2 + DJ^2)^1/2) / 2 + PE
    Total System Jitter     (TSJ):    0.050ns
    Discrete Jitter          (DJ):    0.168ns
    Phase Error              (PE):    0.099ns

    Location             Delay type                Incr(ns)  Path(ns)    Netlist Resource(s)
  -------------------------------------------------------------------    -------------------
    J2                                                0.000     0.000 f  reset_btn (IN)
                         net (fo=0)                   0.000     0.000    reset_btn
    J2                   IBUF (Prop_ibuf_I_O)         1.316     1.316 f  reset_btn_IBUF_inst/O
                         net (fo=2, routed)           3.868     5.184    drawer/reset
    SLICE_X0Y32          LUT2 (Prop_lut2_I0_O)        0.124     5.308 f  drawer/hdmi_transmitter_i_1/O
                         net (fo=183, routed)         0.457     5.765    hdmi_transmitter/inst/encr/rst
    SLICE_X0Y32          LUT2 (Prop_lut2_I0_O)        0.150     5.915 f  hdmi_transmitter/inst/encr/oserdes_m_i_1/O
                         net (fo=50, routed)          3.422     9.337    hdmi_transmitter/inst/encg/AR[0]
    SLICE_X4Y7           FDCE                                         f  hdmi_transmitter/inst/encg/cnt_reg[3]/CLR
  -------------------------------------------------------------------    -------------------

                         (clock clk_out1_clk_wiz_0_1 rise edge)
                                                      0.000     0.000 r  
    N15                                               0.000     0.000 r  clk_100mhz (IN)
                         net (fo=0)                   0.000     0.000    clk_gen/inst/clk_in1
    N15                  IBUF (Prop_ibuf_I_O)         1.370     1.370 r  clk_gen/inst/clkin1_ibufg/O
                         net (fo=1, routed)           1.162     2.532    clk_gen/inst/clk_in1_clk_wiz_0
    MMCME2_ADV_X0Y0      MMCME2_ADV (Prop_mmcme2_adv_CLKIN1_CLKOUT0)
                                                     -7.221    -4.689 r  clk_gen/inst/mmcm_adv_inst/CLKOUT0
                         net (fo=1, routed)           1.587    -3.102    clk_gen/inst/clk_out1_clk_wiz_0
    BUFGCTRL_X0Y0        BUFG (Prop_bufg_I_O)         0.091    -3.011 r  clk_gen/inst/clkout1_buf/O
                         net (fo=2798, routed)        1.516    -1.495    hdmi_transmitter/inst/encg/pix_clk
    SLICE_X4Y7           FDCE                                         r  hdmi_transmitter/inst/encg/cnt_reg[3]/C

Slack:                    inf
  Source:                 sw[4]
                            (input port)
  Destination:            hdmi_transmitter/inst/srldly_0/srl[28].srl16_i/D
                            (rising edge-triggered cell SRL16E clocked by clk_out1_clk_wiz_0_1  {rise@0.000ns fall@20.000ns period=40.000ns})
  Path Group:             (none)
  Path Type:              Setup (Max at Slow Process Corner)
  Data Path Delay:        9.232ns  (logic 1.925ns (20.848%)  route 7.307ns (79.152%))
  Logic Levels:           4  (IBUF=1 LUT2=1 LUT3=1 LUT6=1)
  Clock Path Skew:        -1.495ns (DCD - SCD + CPR)
    Destination Clock Delay (DCD):    -1.495ns
    Source Clock Delay      (SCD):    0.000ns
    Clock Pessimism Removal (CPR):    0.000ns
  Clock Uncertainty:      0.186ns  ((TSJ^2 + DJ^2)^1/2) / 2 + PE
    Total System Jitter     (TSJ):    0.050ns
    Discrete Jitter          (DJ):    0.168ns
    Phase Error              (PE):    0.099ns

    Location             Delay type                Incr(ns)  Path(ns)    Netlist Resource(s)
  -------------------------------------------------------------------    -------------------
    E1                                                0.000     0.000 r  sw[4] (IN)
                         net (fo=0)                   0.000     0.000    sw[4]
    E1                   IBUF (Prop_ibuf_I_O)         1.325     1.325 r  sw_IBUF[4]_inst/O
                         net (fo=6, routed)           4.806     6.130    vga_ctrl/sw_IBUF[2]
    SLICE_X2Y21          LUT3 (Prop_lut3_I0_O)        0.148     6.278 r  vga_ctrl/hdmi_transmitter_i_59/O
                         net (fo=2, routed)           0.676     6.954    vga_ctrl/hdmi_transmitter_i_59_n_0
    SLICE_X3Y21          LUT2 (Prop_lut2_I0_O)        0.328     7.282 r  vga_ctrl/hdmi_transmitter_i_31/O
                         net (fo=4, routed)           1.128     8.409    vga_ctrl/hdmi_transmitter_i_31_n_0
    SLICE_X5Y19          LUT6 (Prop_lut6_I5_O)        0.124     8.533 r  vga_ctrl/hdmi_transmitter_i_9/O
                         net (fo=1, routed)           0.699     9.232    hdmi_transmitter/inst/srldly_0/data_i[26]
    SLICE_X2Y11          SRL16E                                       r  hdmi_transmitter/inst/srldly_0/srl[28].srl16_i/D
  -------------------------------------------------------------------    -------------------

                         (clock clk_out1_clk_wiz_0_1 rise edge)
                                                      0.000     0.000 r  
    N15                                               0.000     0.000 r  clk_100mhz (IN)
                         net (fo=0)                   0.000     0.000    clk_gen/inst/clk_in1
    N15                  IBUF (Prop_ibuf_I_O)         1.370     1.370 r  clk_gen/inst/clkin1_ibufg/O
                         net (fo=1, routed)           1.162     2.532    clk_gen/inst/clk_in1_clk_wiz_0
    MMCME2_ADV_X0Y0      MMCME2_ADV (Prop_mmcme2_adv_CLKIN1_CLKOUT0)
                                                     -7.221    -4.689 r  clk_gen/inst/mmcm_adv_inst/CLKOUT0
                         net (fo=1, routed)           1.587    -3.102    clk_gen/inst/clk_out1_clk_wiz_0
    BUFGCTRL_X0Y0        BUFG (Prop_bufg_I_O)         0.091    -3.011 r  clk_gen/inst/clkout1_buf/O
                         net (fo=2798, routed)        1.516    -1.495    hdmi_transmitter/inst/srldly_0/pix_clk
    SLICE_X2Y11          SRL16E                                       r  hdmi_transmitter/inst/srldly_0/srl[28].srl16_i/CLK

Slack:                    inf
  Source:                 reset_btn
                            (input port)
  Destination:            hdmi_transmitter/inst/encg/cnt_reg[1]/CLR
                            (recovery check against rising-edge clock clk_out1_clk_wiz_0_1  {rise@0.000ns fall@20.000ns period=40.000ns})
  Path Group:             (none)
  Path Type:              Recovery (Max at Slow Process Corner)
  Data Path Delay:        9.177ns  (logic 1.590ns (17.331%)  route 7.587ns (82.669%))
  Logic Levels:           3  (IBUF=1 LUT2=2)
  Clock Path Skew:        -1.493ns (DCD - SCD + CPR)
    Destination Clock Delay (DCD):    -1.493ns
    Source Clock Delay      (SCD):    0.000ns
    Clock Pessimism Removal (CPR):    0.000ns
  Clock Uncertainty:      0.186ns  ((TSJ^2 + DJ^2)^1/2) / 2 + PE
    Total System Jitter     (TSJ):    0.050ns
    Discrete Jitter          (DJ):    0.168ns
    Phase Error              (PE):    0.099ns

    Location             Delay type                Incr(ns)  Path(ns)    Netlist Resource(s)
  -------------------------------------------------------------------    -------------------
    J2                                                0.000     0.000 f  reset_btn (IN)
                         net (fo=0)                   0.000     0.000    reset_btn
    J2                   IBUF (Prop_ibuf_I_O)         1.316     1.316 f  reset_btn_IBUF_inst/O
                         net (fo=2, routed)           3.868     5.184    drawer/reset
    SLICE_X0Y32          LUT2 (Prop_lut2_I0_O)        0.124     5.308 f  drawer/hdmi_transmitter_i_1/O
                         net (fo=183, routed)         0.457     5.765    hdmi_transmitter/inst/encr/rst
    SLICE_X0Y32          LUT2 (Prop_lut2_I0_O)        0.150     5.915 f  hdmi_transmitter/inst/encr/oserdes_m_i_1/O
                         net (fo=50, routed)          3.262     9.177    hdmi_transmitter/inst/encg/AR[0]
    SLICE_X2Y8           FDCE                                         f  hdmi_transmitter/inst/encg/cnt_reg[1]/CLR
  -------------------------------------------------------------------    -------------------

                         (clock clk_out1_clk_wiz_0_1 rise edge)
                                                      0.000     0.000 r  
    N15                                               0.000     0.000 r  clk_100mhz (IN)
                         net (fo=0)                   0.000     0.000    clk_gen/inst/clk_in1
    N15                  IBUF (Prop_ibuf_I_O)         1.370     1.370 r  clk_gen/inst/clkin1_ibufg/O
                         net (fo=1, routed)           1.162     2.532    clk_gen/inst/clk_in1_clk_wiz_0
    MMCME2_ADV_X0Y0      MMCME2_ADV (Prop_mmcme2_adv_CLKIN1_CLKOUT0)
                                                     -7.221    -4.689 r  clk_gen/inst/mmcm_adv_inst/CLKOUT0
                         net (fo=1, routed)           1.587    -3.102    clk_gen/inst/clk_out1_clk_wiz_0
    BUFGCTRL_X0Y0        BUFG (Prop_bufg_I_O)         0.091    -3.011 r  clk_gen/inst/clkout1_buf/O
                         net (fo=2798, routed)        1.518    -1.493    hdmi_transmitter/inst/encg/pix_clk
    SLICE_X2Y8           FDCE                                         r  hdmi_transmitter/inst/encg/cnt_reg[1]/C

Slack:                    inf
  Source:                 reset_btn
                            (input port)
  Destination:            hdmi_transmitter/inst/encg/cnt_reg[4]/CLR
                            (recovery check against rising-edge clock clk_out1_clk_wiz_0_1  {rise@0.000ns fall@20.000ns period=40.000ns})
  Path Group:             (none)
  Path Type:              Recovery (Max at Slow Process Corner)
  Data Path Delay:        9.177ns  (logic 1.590ns (17.331%)  route 7.587ns (82.669%))
  Logic Levels:           3  (IBUF=1 LUT2=2)
  Clock Path Skew:        -1.493ns (DCD - SCD + CPR)
    Destination Clock Delay (DCD):    -1.493ns
    Source Clock Delay      (SCD):    0.000ns
    Clock Pessimism Removal (CPR):    0.000ns
  Clock Uncertainty:      0.186ns  ((TSJ^2 + DJ^2)^1/2) / 2 + PE
    Total System Jitter     (TSJ):    0.050ns
    Discrete Jitter          (DJ):    0.168ns
    Phase Error              (PE):    0.099ns

    Location             Delay type                Incr(ns)  Path(ns)    Netlist Resource(s)
  -------------------------------------------------------------------    -------------------
    J2                                                0.000     0.000 f  reset_btn (IN)
                         net (fo=0)                   0.000     0.000    reset_btn
    J2                   IBUF (Prop_ibuf_I_O)         1.316     1.316 f  reset_btn_IBUF_inst/O
                         net (fo=2, routed)           3.868     5.184    drawer/reset
    SLICE_X0Y32          LUT2 (Prop_lut2_I0_O)        0.124     5.308 f  drawer/hdmi_transmitter_i_1/O
                         net (fo=183, routed)         0.457     5.765    hdmi_transmitter/inst/encr/rst
    SLICE_X0Y32          LUT2 (Prop_lut2_I0_O)        0.150     5.915 f  hdmi_transmitter/inst/encr/oserdes_m_i_1/O
                         net (fo=50, routed)          3.262     9.177    hdmi_transmitter/inst/encg/AR[0]
    SLICE_X3Y8           FDCE                                         f  hdmi_transmitter/inst/encg/cnt_reg[4]/CLR
  -------------------------------------------------------------------    -------------------

                         (clock clk_out1_clk_wiz_0_1 rise edge)
                                                      0.000     0.000 r  
    N15                                               0.000     0.000 r  clk_100mhz (IN)
                         net (fo=0)                   0.000     0.000    clk_gen/inst/clk_in1
    N15                  IBUF (Prop_ibuf_I_O)         1.370     1.370 r  clk_gen/inst/clkin1_ibufg/O
                         net (fo=1, routed)           1.162     2.532    clk_gen/inst/clk_in1_clk_wiz_0
    MMCME2_ADV_X0Y0      MMCME2_ADV (Prop_mmcme2_adv_CLKIN1_CLKOUT0)
                                                     -7.221    -4.689 r  clk_gen/inst/mmcm_adv_inst/CLKOUT0
                         net (fo=1, routed)           1.587    -3.102    clk_gen/inst/clk_out1_clk_wiz_0
    BUFGCTRL_X0Y0        BUFG (Prop_bufg_I_O)         0.091    -3.011 r  clk_gen/inst/clkout1_buf/O
                         net (fo=2798, routed)        1.518    -1.493    hdmi_transmitter/inst/encg/pix_clk
    SLICE_X3Y8           FDCE                                         r  hdmi_transmitter/inst/encg/cnt_reg[4]/C

Slack:                    inf
  Source:                 reset_btn
                            (input port)
  Destination:            hdmi_transmitter/inst/encb/dout_reg[3]/CLR
                            (recovery check against rising-edge clock clk_out1_clk_wiz_0_1  {rise@0.000ns fall@20.000ns period=40.000ns})
  Path Group:             (none)
  Path Type:              Recovery (Max at Slow Process Corner)
  Data Path Delay:        9.165ns  (logic 1.590ns (17.354%)  route 7.575ns (82.646%))
  Logic Levels:           3  (IBUF=1 LUT2=2)
  Clock Path Skew:        -1.492ns (DCD - SCD + CPR)
    Destination Clock Delay (DCD):    -1.492ns
    Source Clock Delay      (SCD):    0.000ns
    Clock Pessimism Removal (CPR):    0.000ns
  Clock Uncertainty:      0.186ns  ((TSJ^2 + DJ^2)^1/2) / 2 + PE
    Total System Jitter     (TSJ):    0.050ns
    Discrete Jitter          (DJ):    0.168ns
    Phase Error              (PE):    0.099ns

    Location             Delay type                Incr(ns)  Path(ns)    Netlist Resource(s)
  -------------------------------------------------------------------    -------------------
    J2                                                0.000     0.000 f  reset_btn (IN)
                         net (fo=0)                   0.000     0.000    reset_btn
    J2                   IBUF (Prop_ibuf_I_O)         1.316     1.316 f  reset_btn_IBUF_inst/O
                         net (fo=2, routed)           3.868     5.184    drawer/reset
    SLICE_X0Y32          LUT2 (Prop_lut2_I0_O)        0.124     5.308 f  drawer/hdmi_transmitter_i_1/O
                         net (fo=183, routed)         0.457     5.765    hdmi_transmitter/inst/encr/rst
    SLICE_X0Y32          LUT2 (Prop_lut2_I0_O)        0.150     5.915 f  hdmi_transmitter/inst/encr/oserdes_m_i_1/O
                         net (fo=50, routed)          3.250     9.165    hdmi_transmitter/inst/encb/AR[0]
    SLICE_X0Y6           FDCE                                         f  hdmi_transmitter/inst/encb/dout_reg[3]/CLR
  -------------------------------------------------------------------    -------------------

                         (clock clk_out1_clk_wiz_0_1 rise edge)
                                                      0.000     0.000 r  
    N15                                               0.000     0.000 r  clk_100mhz (IN)
                         net (fo=0)                   0.000     0.000    clk_gen/inst/clk_in1
    N15                  IBUF (Prop_ibuf_I_O)         1.370     1.370 r  clk_gen/inst/clkin1_ibufg/O
                         net (fo=1, routed)           1.162     2.532    clk_gen/inst/clk_in1_clk_wiz_0
    MMCME2_ADV_X0Y0      MMCME2_ADV (Prop_mmcme2_adv_CLKIN1_CLKOUT0)
                                                     -7.221    -4.689 r  clk_gen/inst/mmcm_adv_inst/CLKOUT0
                         net (fo=1, routed)           1.587    -3.102    clk_gen/inst/clk_out1_clk_wiz_0
    BUFGCTRL_X0Y0        BUFG (Prop_bufg_I_O)         0.091    -3.011 r  clk_gen/inst/clkout1_buf/O
                         net (fo=2798, routed)        1.519    -1.492    hdmi_transmitter/inst/encb/pix_clk
    SLICE_X0Y6           FDCE                                         r  hdmi_transmitter/inst/encb/dout_reg[3]/C

Slack:                    inf
  Source:                 reset_btn
                            (input port)
  Destination:            hdmi_transmitter/inst/encb/dout_reg[4]/CLR
                            (recovery check against rising-edge clock clk_out1_clk_wiz_0_1  {rise@0.000ns fall@20.000ns period=40.000ns})
  Path Group:             (none)
  Path Type:              Recovery (Max at Slow Process Corner)
  Data Path Delay:        9.165ns  (logic 1.590ns (17.354%)  route 7.575ns (82.646%))
  Logic Levels:           3  (IBUF=1 LUT2=2)
  Clock Path Skew:        -1.492ns (DCD - SCD + CPR)
    Destination Clock Delay (DCD):    -1.492ns
    Source Clock Delay      (SCD):    0.000ns
    Clock Pessimism Removal (CPR):    0.000ns
  Clock Uncertainty:      0.186ns  ((TSJ^2 + DJ^2)^1/2) / 2 + PE
    Total System Jitter     (TSJ):    0.050ns
    Discrete Jitter          (DJ):    0.168ns
    Phase Error              (PE):    0.099ns

    Location             Delay type                Incr(ns)  Path(ns)    Netlist Resource(s)
  -------------------------------------------------------------------    -------------------
    J2                                                0.000     0.000 f  reset_btn (IN)
                         net (fo=0)                   0.000     0.000    reset_btn
    J2                   IBUF (Prop_ibuf_I_O)         1.316     1.316 f  reset_btn_IBUF_inst/O
                         net (fo=2, routed)           3.868     5.184    drawer/reset
    SLICE_X0Y32          LUT2 (Prop_lut2_I0_O)        0.124     5.308 f  drawer/hdmi_transmitter_i_1/O
                         net (fo=183, routed)         0.457     5.765    hdmi_transmitter/inst/encr/rst
    SLICE_X0Y32          LUT2 (Prop_lut2_I0_O)        0.150     5.915 f  hdmi_transmitter/inst/encr/oserdes_m_i_1/O
                         net (fo=50, routed)          3.250     9.165    hdmi_transmitter/inst/encb/AR[0]
    SLICE_X0Y6           FDCE                                         f  hdmi_transmitter/inst/encb/dout_reg[4]/CLR
  -------------------------------------------------------------------    -------------------

                         (clock clk_out1_clk_wiz_0_1 rise edge)
                                                      0.000     0.000 r  
    N15                                               0.000     0.000 r  clk_100mhz (IN)
                         net (fo=0)                   0.000     0.000    clk_gen/inst/clk_in1
    N15                  IBUF (Prop_ibuf_I_O)         1.370     1.370 r  clk_gen/inst/clkin1_ibufg/O
                         net (fo=1, routed)           1.162     2.532    clk_gen/inst/clk_in1_clk_wiz_0
    MMCME2_ADV_X0Y0      MMCME2_ADV (Prop_mmcme2_adv_CLKIN1_CLKOUT0)
                                                     -7.221    -4.689 r  clk_gen/inst/mmcm_adv_inst/CLKOUT0
                         net (fo=1, routed)           1.587    -3.102    clk_gen/inst/clk_out1_clk_wiz_0
    BUFGCTRL_X0Y0        BUFG (Prop_bufg_I_O)         0.091    -3.011 r  clk_gen/inst/clkout1_buf/O
                         net (fo=2798, routed)        1.519    -1.492    hdmi_transmitter/inst/encb/pix_clk
    SLICE_X0Y6           FDCE                                         r  hdmi_transmitter/inst/encb/dout_reg[4]/C





Min Delay Paths
--------------------------------------------------------------------------------------
Slack:                    inf
  Source:                 clk_gen/inst/mmcm_adv_inst/LOCKED
                            (internal pin)
  Destination:            hdmi_transmitter/inst/encr/cnt_reg[3]/CLR
                            (removal check against rising-edge clock clk_out1_clk_wiz_0_1  {rise@0.000ns fall@20.000ns period=40.000ns})
  Path Group:             (none)
  Path Type:              Removal (Min at Fast Process Corner)
  Data Path Delay:        0.969ns  (logic 0.045ns (4.643%)  route 0.924ns (95.357%))
  Logic Levels:           1  (LUT2=1)
  Clock Uncertainty:      0.186ns  ((TSJ^2 + DJ^2)^1/2) / 2 + PE
    Total System Jitter     (TSJ):    0.050ns
    Discrete Jitter          (DJ):    0.168ns
    Phase Error              (PE):    0.099ns

    Location             Delay type                Incr(ns)  Path(ns)    Netlist Resource(s)
  -------------------------------------------------------------------    -------------------
    MMCME2_ADV_X0Y0      MMCME2_ADV                   0.000     0.000 r  clk_gen/inst/mmcm_adv_inst/LOCKED
                         net (fo=3, routed)           0.731     0.731    hdmi_transmitter/inst/encr/pix_clk_locked
    SLICE_X0Y32          LUT2 (Prop_lut2_I1_O)        0.045     0.776 f  hdmi_transmitter/inst/encr/oserdes_m_i_1/O
                         net (fo=50, routed)          0.194     0.969    hdmi_transmitter/inst/encr/AR[0]
    SLICE_X1Y32          FDCE                                         f  hdmi_transmitter/inst/encr/cnt_reg[3]/CLR
  -------------------------------------------------------------------    -------------------

                         (clock clk_out1_clk_wiz_0_1 rise edge)
                                                      0.000     0.000 r  
    N15                                               0.000     0.000 r  clk_100mhz (IN)
                         net (fo=0)                   0.000     0.000    clk_gen/inst/clk_in1
    N15                  IBUF (Prop_ibuf_I_O)         0.396     0.396 r  clk_gen/inst/clkin1_ibufg/O
                         net (fo=1, routed)           0.480     0.876    clk_gen/inst/clk_in1_clk_wiz_0
    MMCME2_ADV_X0Y0      MMCME2_ADV (Prop_mmcme2_adv_CLKIN1_CLKOUT0)
                                                     -3.145    -2.269 r  clk_gen/inst/mmcm_adv_inst/CLKOUT0
                         net (fo=1, routed)           0.534    -1.735    clk_gen/inst/clk_out1_clk_wiz_0
    BUFGCTRL_X0Y0        BUFG (Prop_bufg_I_O)         0.029    -1.706 r  clk_gen/inst/clkout1_buf/O
                         net (fo=2798, routed)        0.858    -0.849    hdmi_transmitter/inst/encr/pix_clk
    SLICE_X1Y32          FDCE                                         r  hdmi_transmitter/inst/encr/cnt_reg[3]/C

Slack:                    inf
  Source:                 clk_gen/inst/mmcm_adv_inst/LOCKED
                            (internal pin)
  Destination:            drawer/prev_cursor_x_reg[1]/CLR
                            (removal check against rising-edge clock clk_out1_clk_wiz_0_1  {rise@0.000ns fall@20.000ns period=40.000ns})
  Path Group:             (none)
  Path Type:              Removal (Min at Fast Process Corner)
  Data Path Delay:        1.015ns  (logic 0.045ns (4.434%)  route 0.970ns (95.566%))
  Logic Levels:           1  (LUT2=1)
  Clock Uncertainty:      0.186ns  ((TSJ^2 + DJ^2)^1/2) / 2 + PE
    Total System Jitter     (TSJ):    0.050ns
    Discrete Jitter          (DJ):    0.168ns
    Phase Error              (PE):    0.099ns

    Location             Delay type                Incr(ns)  Path(ns)    Netlist Resource(s)
  -------------------------------------------------------------------    -------------------
    MMCME2_ADV_X0Y0      MMCME2_ADV                   0.000     0.000 r  clk_gen/inst/mmcm_adv_inst/LOCKED
                         net (fo=3, routed)           0.731     0.731    drawer/led_OBUF[0]
    SLICE_X0Y32          LUT2 (Prop_lut2_I1_O)        0.045     0.776 f  drawer/hdmi_transmitter_i_1/O
                         net (fo=183, routed)         0.239     1.015    drawer/reset_internal
    SLICE_X1Y33          FDCE                                         f  drawer/prev_cursor_x_reg[1]/CLR
  -------------------------------------------------------------------    -------------------

                         (clock clk_out1_clk_wiz_0_1 rise edge)
                                                      0.000     0.000 r  
    N15                                               0.000     0.000 r  clk_100mhz (IN)
                         net (fo=0)                   0.000     0.000    clk_gen/inst/clk_in1
    N15                  IBUF (Prop_ibuf_I_O)         0.396     0.396 r  clk_gen/inst/clkin1_ibufg/O
                         net (fo=1, routed)           0.480     0.876    clk_gen/inst/clk_in1_clk_wiz_0
    MMCME2_ADV_X0Y0      MMCME2_ADV (Prop_mmcme2_adv_CLKIN1_CLKOUT0)
                                                     -3.145    -2.269 r  clk_gen/inst/mmcm_adv_inst/CLKOUT0
                         net (fo=1, routed)           0.534    -1.735    clk_gen/inst/clk_out1_clk_wiz_0
    BUFGCTRL_X0Y0        BUFG (Prop_bufg_I_O)         0.029    -1.706 r  clk_gen/inst/clkout1_buf/O
                         net (fo=2798, routed)        0.859    -0.848    drawer/clk_out1
    SLICE_X1Y33          FDCE                                         r  drawer/prev_cursor_x_reg[1]/C

Slack:                    inf
  Source:                 clk_gen/inst/mmcm_adv_inst/LOCKED
                            (internal pin)
  Destination:            drawer/prev_cursor_x_reg[5]/CLR
                            (removal check against rising-edge clock clk_out1_clk_wiz_0_1  {rise@0.000ns fall@20.000ns period=40.000ns})
  Path Group:             (none)
  Path Type:              Removal (Min at Fast Process Corner)
  Data Path Delay:        1.015ns  (logic 0.045ns (4.434%)  route 0.970ns (95.566%))
  Logic Levels:           1  (LUT2=1)
  Clock Uncertainty:      0.186ns  ((TSJ^2 + DJ^2)^1/2) / 2 + PE
    Total System Jitter     (TSJ):    0.050ns
    Discrete Jitter          (DJ):    0.168ns
    Phase Error              (PE):    0.099ns

    Location             Delay type                Incr(ns)  Path(ns)    Netlist Resource(s)
  -------------------------------------------------------------------    -------------------
    MMCME2_ADV_X0Y0      MMCME2_ADV                   0.000     0.000 r  clk_gen/inst/mmcm_adv_inst/LOCKED
                         net (fo=3, routed)           0.731     0.731    drawer/led_OBUF[0]
    SLICE_X0Y32          LUT2 (Prop_lut2_I1_O)        0.045     0.776 f  drawer/hdmi_transmitter_i_1/O
                         net (fo=183, routed)         0.239     1.015    drawer/reset_internal
    SLICE_X1Y33          FDCE                                         f  drawer/prev_cursor_x_reg[5]/CLR
  -------------------------------------------------------------------    -------------------

                         (clock clk_out1_clk_wiz_0_1 rise edge)
                                                      0.000     0.000 r  
    N15                                               0.000     0.000 r  clk_100mhz (IN)
                         net (fo=0)                   0.000     0.000    clk_gen/inst/clk_in1
    N15                  IBUF (Prop_ibuf_I_O)         0.396     0.396 r  clk_gen/inst/clkin1_ibufg/O
                         net (fo=1, routed)           0.480     0.876    clk_gen/inst/clk_in1_clk_wiz_0
    MMCME2_ADV_X0Y0      MMCME2_ADV (Prop_mmcme2_adv_CLKIN1_CLKOUT0)
                                                     -3.145    -2.269 r  clk_gen/inst/mmcm_adv_inst/CLKOUT0
                         net (fo=1, routed)           0.534    -1.735    clk_gen/inst/clk_out1_clk_wiz_0
    BUFGCTRL_X0Y0        BUFG (Prop_bufg_I_O)         0.029    -1.706 r  clk_gen/inst/clkout1_buf/O
                         net (fo=2798, routed)        0.859    -0.848    drawer/clk_out1
    SLICE_X1Y33          FDCE                                         r  drawer/prev_cursor_x_reg[5]/C

Slack:                    inf
  Source:                 clk_gen/inst/mmcm_adv_inst/LOCKED
                            (internal pin)
  Destination:            drawer/prev_cursor_x_reg[4]/CLR
                            (removal check against rising-edge clock clk_out1_clk_wiz_0_1  {rise@0.000ns fall@20.000ns period=40.000ns})
  Path Group:             (none)
  Path Type:              Removal (Min at Fast Process Corner)
  Data Path Delay:        1.019ns  (logic 0.045ns (4.415%)  route 0.974ns (95.585%))
  Logic Levels:           1  (LUT2=1)
  Clock Uncertainty:      0.186ns  ((TSJ^2 + DJ^2)^1/2) / 2 + PE
    Total System Jitter     (TSJ):    0.050ns
    Discrete Jitter          (DJ):    0.168ns
    Phase Error              (PE):    0.099ns

    Location             Delay type                Incr(ns)  Path(ns)    Netlist Resource(s)
  -------------------------------------------------------------------    -------------------
    MMCME2_ADV_X0Y0      MMCME2_ADV                   0.000     0.000 r  clk_gen/inst/mmcm_adv_inst/LOCKED
                         net (fo=3, routed)           0.731     0.731    drawer/led_OBUF[0]
    SLICE_X0Y32          LUT2 (Prop_lut2_I1_O)        0.045     0.776 f  drawer/hdmi_transmitter_i_1/O
                         net (fo=183, routed)         0.244     1.019    drawer/reset_internal
    SLICE_X0Y33          FDCE                                         f  drawer/prev_cursor_x_reg[4]/CLR
  -------------------------------------------------------------------    -------------------

                         (clock clk_out1_clk_wiz_0_1 rise edge)
                                                      0.000     0.000 r  
    N15                                               0.000     0.000 r  clk_100mhz (IN)
                         net (fo=0)                   0.000     0.000    clk_gen/inst/clk_in1
    N15                  IBUF (Prop_ibuf_I_O)         0.396     0.396 r  clk_gen/inst/clkin1_ibufg/O
                         net (fo=1, routed)           0.480     0.876    clk_gen/inst/clk_in1_clk_wiz_0
    MMCME2_ADV_X0Y0      MMCME2_ADV (Prop_mmcme2_adv_CLKIN1_CLKOUT0)
                                                     -3.145    -2.269 r  clk_gen/inst/mmcm_adv_inst/CLKOUT0
                         net (fo=1, routed)           0.534    -1.735    clk_gen/inst/clk_out1_clk_wiz_0
    BUFGCTRL_X0Y0        BUFG (Prop_bufg_I_O)         0.029    -1.706 r  clk_gen/inst/clkout1_buf/O
                         net (fo=2798, routed)        0.859    -0.848    drawer/clk_out1
    SLICE_X0Y33          FDCE                                         r  drawer/prev_cursor_x_reg[4]/C

Slack:                    inf
  Source:                 clk_gen/inst/mmcm_adv_inst/LOCKED
                            (internal pin)
  Destination:            drawer/prev_cursor_x_reg[6]/CLR
                            (removal check against rising-edge clock clk_out1_clk_wiz_0_1  {rise@0.000ns fall@20.000ns period=40.000ns})
  Path Group:             (none)
  Path Type:              Removal (Min at Fast Process Corner)
  Data Path Delay:        1.019ns  (logic 0.045ns (4.415%)  route 0.974ns (95.585%))
  Logic Levels:           1  (LUT2=1)
  Clock Uncertainty:      0.186ns  ((TSJ^2 + DJ^2)^1/2) / 2 + PE
    Total System Jitter     (TSJ):    0.050ns
    Discrete Jitter          (DJ):    0.168ns
    Phase Error              (PE):    0.099ns

    Location             Delay type                Incr(ns)  Path(ns)    Netlist Resource(s)
  -------------------------------------------------------------------    -------------------
    MMCME2_ADV_X0Y0      MMCME2_ADV                   0.000     0.000 r  clk_gen/inst/mmcm_adv_inst/LOCKED
                         net (fo=3, routed)           0.731     0.731    drawer/led_OBUF[0]
    SLICE_X0Y32          LUT2 (Prop_lut2_I1_O)        0.045     0.776 f  drawer/hdmi_transmitter_i_1/O
                         net (fo=183, routed)         0.244     1.019    drawer/reset_internal
    SLICE_X0Y33          FDCE                                         f  drawer/prev_cursor_x_reg[6]/CLR
  -------------------------------------------------------------------    -------------------

                         (clock clk_out1_clk_wiz_0_1 rise edge)
                                                      0.000     0.000 r  
    N15                                               0.000     0.000 r  clk_100mhz (IN)
                         net (fo=0)                   0.000     0.000    clk_gen/inst/clk_in1
    N15                  IBUF (Prop_ibuf_I_O)         0.396     0.396 r  clk_gen/inst/clkin1_ibufg/O
                         net (fo=1, routed)           0.480     0.876    clk_gen/inst/clk_in1_clk_wiz_0
    MMCME2_ADV_X0Y0      MMCME2_ADV (Prop_mmcme2_adv_CLKIN1_CLKOUT0)
                                                     -3.145    -2.269 r  clk_gen/inst/mmcm_adv_inst/CLKOUT0
                         net (fo=1, routed)           0.534    -1.735    clk_gen/inst/clk_out1_clk_wiz_0
    BUFGCTRL_X0Y0        BUFG (Prop_bufg_I_O)         0.029    -1.706 r  clk_gen/inst/clkout1_buf/O
                         net (fo=2798, routed)        0.859    -0.848    drawer/clk_out1
    SLICE_X0Y33          FDCE                                         r  drawer/prev_cursor_x_reg[6]/C

Slack:                    inf
  Source:                 clk_gen/inst/mmcm_adv_inst/LOCKED
                            (internal pin)
  Destination:            drawer/prev_cursor_x_reg[7]/CLR
                            (removal check against rising-edge clock clk_out1_clk_wiz_0_1  {rise@0.000ns fall@20.000ns period=40.000ns})
  Path Group:             (none)
  Path Type:              Removal (Min at Fast Process Corner)
  Data Path Delay:        1.019ns  (logic 0.045ns (4.415%)  route 0.974ns (95.585%))
  Logic Levels:           1  (LUT2=1)
  Clock Uncertainty:      0.186ns  ((TSJ^2 + DJ^2)^1/2) / 2 + PE
    Total System Jitter     (TSJ):    0.050ns
    Discrete Jitter          (DJ):    0.168ns
    Phase Error              (PE):    0.099ns

    Location             Delay type                Incr(ns)  Path(ns)    Netlist Resource(s)
  -------------------------------------------------------------------    -------------------
    MMCME2_ADV_X0Y0      MMCME2_ADV                   0.000     0.000 r  clk_gen/inst/mmcm_adv_inst/LOCKED
                         net (fo=3, routed)           0.731     0.731    drawer/led_OBUF[0]
    SLICE_X0Y32          LUT2 (Prop_lut2_I1_O)        0.045     0.776 f  drawer/hdmi_transmitter_i_1/O
                         net (fo=183, routed)         0.244     1.019    drawer/reset_internal
    SLICE_X0Y33          FDCE                                         f  drawer/prev_cursor_x_reg[7]/CLR
  -------------------------------------------------------------------    -------------------

                         (clock clk_out1_clk_wiz_0_1 rise edge)
                                                      0.000     0.000 r  
    N15                                               0.000     0.000 r  clk_100mhz (IN)
                         net (fo=0)                   0.000     0.000    clk_gen/inst/clk_in1
    N15                  IBUF (Prop_ibuf_I_O)         0.396     0.396 r  clk_gen/inst/clkin1_ibufg/O
                         net (fo=1, routed)           0.480     0.876    clk_gen/inst/clk_in1_clk_wiz_0
    MMCME2_ADV_X0Y0      MMCME2_ADV (Prop_mmcme2_adv_CLKIN1_CLKOUT0)
                                                     -3.145    -2.269 r  clk_gen/inst/mmcm_adv_inst/CLKOUT0
                         net (fo=1, routed)           0.534    -1.735    clk_gen/inst/clk_out1_clk_wiz_0
    BUFGCTRL_X0Y0        BUFG (Prop_bufg_I_O)         0.029    -1.706 r  clk_gen/inst/clkout1_buf/O
                         net (fo=2798, routed)        0.859    -0.848    drawer/clk_out1
    SLICE_X0Y33          FDCE                                         r  drawer/prev_cursor_x_reg[7]/C

Slack:                    inf
  Source:                 clk_gen/inst/mmcm_adv_inst/LOCKED
                            (internal pin)
  Destination:            drawer/prev_cursor_x_reg[8]/CLR
                            (removal check against rising-edge clock clk_out1_clk_wiz_0_1  {rise@0.000ns fall@20.000ns period=40.000ns})
  Path Group:             (none)
  Path Type:              Removal (Min at Fast Process Corner)
  Data Path Delay:        1.019ns  (logic 0.045ns (4.415%)  route 0.974ns (95.585%))
  Logic Levels:           1  (LUT2=1)
  Clock Uncertainty:      0.186ns  ((TSJ^2 + DJ^2)^1/2) / 2 + PE
    Total System Jitter     (TSJ):    0.050ns
    Discrete Jitter          (DJ):    0.168ns
    Phase Error              (PE):    0.099ns

    Location             Delay type                Incr(ns)  Path(ns)    Netlist Resource(s)
  -------------------------------------------------------------------    -------------------
    MMCME2_ADV_X0Y0      MMCME2_ADV                   0.000     0.000 r  clk_gen/inst/mmcm_adv_inst/LOCKED
                         net (fo=3, routed)           0.731     0.731    drawer/led_OBUF[0]
    SLICE_X0Y32          LUT2 (Prop_lut2_I1_O)        0.045     0.776 f  drawer/hdmi_transmitter_i_1/O
                         net (fo=183, routed)         0.244     1.019    drawer/reset_internal
    SLICE_X0Y33          FDCE                                         f  drawer/prev_cursor_x_reg[8]/CLR
  -------------------------------------------------------------------    -------------------

                         (clock clk_out1_clk_wiz_0_1 rise edge)
                                                      0.000     0.000 r  
    N15                                               0.000     0.000 r  clk_100mhz (IN)
                         net (fo=0)                   0.000     0.000    clk_gen/inst/clk_in1
    N15                  IBUF (Prop_ibuf_I_O)         0.396     0.396 r  clk_gen/inst/clkin1_ibufg/O
                         net (fo=1, routed)           0.480     0.876    clk_gen/inst/clk_in1_clk_wiz_0
    MMCME2_ADV_X0Y0      MMCME2_ADV (Prop_mmcme2_adv_CLKIN1_CLKOUT0)
                                                     -3.145    -2.269 r  clk_gen/inst/mmcm_adv_inst/CLKOUT0
                         net (fo=1, routed)           0.534    -1.735    clk_gen/inst/clk_out1_clk_wiz_0
    BUFGCTRL_X0Y0        BUFG (Prop_bufg_I_O)         0.029    -1.706 r  clk_gen/inst/clkout1_buf/O
                         net (fo=2798, routed)        0.859    -0.848    drawer/clk_out1
    SLICE_X0Y33          FDCE                                         r  drawer/prev_cursor_x_reg[8]/C

Slack:                    inf
  Source:                 clk_gen/inst/mmcm_adv_inst/LOCKED
                            (internal pin)
  Destination:            drawer/prev_cursor_x_reg[9]/CLR
                            (removal check against rising-edge clock clk_out1_clk_wiz_0_1  {rise@0.000ns fall@20.000ns period=40.000ns})
  Path Group:             (none)
  Path Type:              Removal (Min at Fast Process Corner)
  Data Path Delay:        1.019ns  (logic 0.045ns (4.415%)  route 0.974ns (95.585%))
  Logic Levels:           1  (LUT2=1)
  Clock Uncertainty:      0.186ns  ((TSJ^2 + DJ^2)^1/2) / 2 + PE
    Total System Jitter     (TSJ):    0.050ns
    Discrete Jitter          (DJ):    0.168ns
    Phase Error              (PE):    0.099ns

    Location             Delay type                Incr(ns)  Path(ns)    Netlist Resource(s)
  -------------------------------------------------------------------    -------------------
    MMCME2_ADV_X0Y0      MMCME2_ADV                   0.000     0.000 r  clk_gen/inst/mmcm_adv_inst/LOCKED
                         net (fo=3, routed)           0.731     0.731    drawer/led_OBUF[0]
    SLICE_X0Y32          LUT2 (Prop_lut2_I1_O)        0.045     0.776 f  drawer/hdmi_transmitter_i_1/O
                         net (fo=183, routed)         0.244     1.019    drawer/reset_internal
    SLICE_X0Y33          FDCE                                         f  drawer/prev_cursor_x_reg[9]/CLR
  -------------------------------------------------------------------    -------------------

                         (clock clk_out1_clk_wiz_0_1 rise edge)
                                                      0.000     0.000 r  
    N15                                               0.000     0.000 r  clk_100mhz (IN)
                         net (fo=0)                   0.000     0.000    clk_gen/inst/clk_in1
    N15                  IBUF (Prop_ibuf_I_O)         0.396     0.396 r  clk_gen/inst/clkin1_ibufg/O
                         net (fo=1, routed)           0.480     0.876    clk_gen/inst/clk_in1_clk_wiz_0
    MMCME2_ADV_X0Y0      MMCME2_ADV (Prop_mmcme2_adv_CLKIN1_CLKOUT0)
                                                     -3.145    -2.269 r  clk_gen/inst/mmcm_adv_inst/CLKOUT0
                         net (fo=1, routed)           0.534    -1.735    clk_gen/inst/clk_out1_clk_wiz_0
    BUFGCTRL_X0Y0        BUFG (Prop_bufg_I_O)         0.029    -1.706 r  clk_gen/inst/clkout1_buf/O
                         net (fo=2798, routed)        0.859    -0.848    drawer/clk_out1
    SLICE_X0Y33          FDCE                                         r  drawer/prev_cursor_x_reg[9]/C

Slack:                    inf
  Source:                 clk_gen/inst/mmcm_adv_inst/LOCKED
                            (internal pin)
  Destination:            hdmi_transmitter/inst/encr/cnt_reg[1]/CLR
                            (removal check against rising-edge clock clk_out1_clk_wiz_0_1  {rise@0.000ns fall@20.000ns period=40.000ns})
  Path Group:             (none)
  Path Type:              Removal (Min at Fast Process Corner)
  Data Path Delay:        1.029ns  (logic 0.045ns (4.374%)  route 0.984ns (95.626%))
  Logic Levels:           1  (LUT2=1)
  Clock Uncertainty:      0.186ns  ((TSJ^2 + DJ^2)^1/2) / 2 + PE
    Total System Jitter     (TSJ):    0.050ns
    Discrete Jitter          (DJ):    0.168ns
    Phase Error              (PE):    0.099ns

    Location             Delay type                Incr(ns)  Path(ns)    Netlist Resource(s)
  -------------------------------------------------------------------    -------------------
    MMCME2_ADV_X0Y0      MMCME2_ADV                   0.000     0.000 r  clk_gen/inst/mmcm_adv_inst/LOCKED
                         net (fo=3, routed)           0.731     0.731    hdmi_transmitter/inst/encr/pix_clk_locked
    SLICE_X0Y32          LUT2 (Prop_lut2_I1_O)        0.045     0.776 f  hdmi_transmitter/inst/encr/oserdes_m_i_1/O
                         net (fo=50, routed)          0.253     1.029    hdmi_transmitter/inst/encr/AR[0]
    SLICE_X3Y31          FDCE                                         f  hdmi_transmitter/inst/encr/cnt_reg[1]/CLR
  -------------------------------------------------------------------    -------------------

                         (clock clk_out1_clk_wiz_0_1 rise edge)
                                                      0.000     0.000 r  
    N15                                               0.000     0.000 r  clk_100mhz (IN)
                         net (fo=0)                   0.000     0.000    clk_gen/inst/clk_in1
    N15                  IBUF (Prop_ibuf_I_O)         0.396     0.396 r  clk_gen/inst/clkin1_ibufg/O
                         net (fo=1, routed)           0.480     0.876    clk_gen/inst/clk_in1_clk_wiz_0
    MMCME2_ADV_X0Y0      MMCME2_ADV (Prop_mmcme2_adv_CLKIN1_CLKOUT0)
                                                     -3.145    -2.269 r  clk_gen/inst/mmcm_adv_inst/CLKOUT0
                         net (fo=1, routed)           0.534    -1.735    clk_gen/inst/clk_out1_clk_wiz_0
    BUFGCTRL_X0Y0        BUFG (Prop_bufg_I_O)         0.029    -1.706 r  clk_gen/inst/clkout1_buf/O
                         net (fo=2798, routed)        0.857    -0.850    hdmi_transmitter/inst/encr/pix_clk
    SLICE_X3Y31          FDCE                                         r  hdmi_transmitter/inst/encr/cnt_reg[1]/C

Slack:                    inf
  Source:                 clk_gen/inst/mmcm_adv_inst/LOCKED
                            (internal pin)
  Destination:            hdmi_transmitter/inst/encr/cnt_reg[2]/CLR
                            (removal check against rising-edge clock clk_out1_clk_wiz_0_1  {rise@0.000ns fall@20.000ns period=40.000ns})
  Path Group:             (none)
  Path Type:              Removal (Min at Fast Process Corner)
  Data Path Delay:        1.029ns  (logic 0.045ns (4.374%)  route 0.984ns (95.626%))
  Logic Levels:           1  (LUT2=1)
  Clock Uncertainty:      0.186ns  ((TSJ^2 + DJ^2)^1/2) / 2 + PE
    Total System Jitter     (TSJ):    0.050ns
    Discrete Jitter          (DJ):    0.168ns
    Phase Error              (PE):    0.099ns

    Location             Delay type                Incr(ns)  Path(ns)    Netlist Resource(s)
  -------------------------------------------------------------------    -------------------
    MMCME2_ADV_X0Y0      MMCME2_ADV                   0.000     0.000 r  clk_gen/inst/mmcm_adv_inst/LOCKED
                         net (fo=3, routed)           0.731     0.731    hdmi_transmitter/inst/encr/pix_clk_locked
    SLICE_X0Y32          LUT2 (Prop_lut2_I1_O)        0.045     0.776 f  hdmi_transmitter/inst/encr/oserdes_m_i_1/O
                         net (fo=50, routed)          0.253     1.029    hdmi_transmitter/inst/encr/AR[0]
    SLICE_X3Y31          FDCE                                         f  hdmi_transmitter/inst/encr/cnt_reg[2]/CLR
  -------------------------------------------------------------------    -------------------

                         (clock clk_out1_clk_wiz_0_1 rise edge)
                                                      0.000     0.000 r  
    N15                                               0.000     0.000 r  clk_100mhz (IN)
                         net (fo=0)                   0.000     0.000    clk_gen/inst/clk_in1
    N15                  IBUF (Prop_ibuf_I_O)         0.396     0.396 r  clk_gen/inst/clkin1_ibufg/O
                         net (fo=1, routed)           0.480     0.876    clk_gen/inst/clk_in1_clk_wiz_0
    MMCME2_ADV_X0Y0      MMCME2_ADV (Prop_mmcme2_adv_CLKIN1_CLKOUT0)
                                                     -3.145    -2.269 r  clk_gen/inst/mmcm_adv_inst/CLKOUT0
                         net (fo=1, routed)           0.534    -1.735    clk_gen/inst/clk_out1_clk_wiz_0
    BUFGCTRL_X0Y0        BUFG (Prop_bufg_I_O)         0.029    -1.706 r  clk_gen/inst/clkout1_buf/O
                         net (fo=2798, routed)        0.857    -0.850    hdmi_transmitter/inst/encr/pix_clk
    SLICE_X3Y31          FDCE                                         r  hdmi_transmitter/inst/encr/cnt_reg[2]/C





